Ссылка на продукт,Наименование,Цена,Рейтинг пользователей,Описание продукта,Инструкция по применению,Страна-производитель
https://goldapple.ru/19760300541-daisy,,,,,,
https://goldapple.ru/19000469067-oud-neroli,,,,,,
https://goldapple.ru/19000125255-catharsis,,,,,,
https://goldapple.ru/19000360999-white-musk,,,,,,
https://goldapple.ru/7195500003-sauvage,,,,,,
https://goldapple.ru/19000484581-duchess-rose,,,,,,
https://goldapple.ru/19000434849-pomegranate-and-cranberry,,,,,,
https://goldapple.ru/99000069986-klubnicnyj-cizkejk,,,,,,
https://goldapple.ru/19000300653-excentum,,,,,,
https://goldapple.ru/99000140701-lefansh-brandied-pear,,,,,,
https://goldapple.ru/19000321545-oro,,,,,,
https://goldapple.ru/19000210773-new-york-mercer-street,,,,,,
https://goldapple.ru/19000456186-black-premium-f055,,,,,,
https://goldapple.ru/19000470512-citron-caviar,,,,,,
https://goldapple.ru/26424700014-buongiorno-diffusor,,,,,,
https://goldapple.ru/90150700002-vetiver-lemon-bergamot,,,,,,
https://goldapple.ru/19000019545-lavender-vanilla-amber-musk,,,,,,
https://goldapple.ru/99000037410-white-pearl,,,,,,
https://goldapple.ru/19000048665-mediterranean-blue,,,,,,
https://goldapple.ru/19000294044-loveme-the-emerald-eixir,,,,,,
https://goldapple.ru/19000450652-cala-del-fico,,,,,,
https://goldapple.ru/19000140855-spicy-oud,,,,,,
https://goldapple.ru/26290100003-for-her,,,,,,
https://goldapple.ru/19000428864-cherry-moisturizing-and-radiance,,,,,,
https://goldapple.ru/19000125244-the-pleasure,,,,,,
https://goldapple.ru/19760313106-06-black-platinum,,,,,,
https://goldapple.ru/19000010695-les-eaux-d-un-instant-immense-peony,,,,,,
https://goldapple.ru/19000181597-merazur-pink,,,,,,
https://goldapple.ru/19000257643-perdizione,,,,,,
https://goldapple.ru/19000473366-eve-confidence,,,,,,
https://goldapple.ru/99000082830-oroblanko-i-kardamon,,,,,,
https://goldapple.ru/19000035774-parisian-musc,,,,,,
https://goldapple.ru/19000090625-cashmere-touch,,,,,,
https://goldapple.ru/19760318087-empty-white-travel-spray,,,,,,
https://goldapple.ru/19000146858-toasted-bread,,,,,,
https://goldapple.ru/99000037980-pumpkin-latte,,,,,,
https://goldapple.ru/99000052012-vanilla-antistress,,,,,,
https://goldapple.ru/19000344551-lucrethia,,,,,,
https://goldapple.ru/99000123070-aroma-sf47,,,,,,
https://goldapple.ru/19000235479-luna,,,,,,
https://goldapple.ru/19000180721-evoke-midnight-him,,,,,,
https://goldapple.ru/99000016458-meditation,,,,,,
https://goldapple.ru/19000076341-sunkissed,,,,,,
https://goldapple.ru/99000058779-rozovyj-perec-i-korica,,,,,,
https://goldapple.ru/19000315572-drunk-lovers,,,,,,
https://goldapple.ru/99000009834-francis-01,,,,,,
https://goldapple.ru/19000013013-karagoz,,,,,,
https://goldapple.ru/19000225666-harmony,,,,,,
https://goldapple.ru/19000482628-verbena-lemon,,,,,,
https://goldapple.ru/19000302282-black-sea,,,,,,
https://goldapple.ru/26043200001-coco-extreme,,,,,,
https://goldapple.ru/19000348855-moscow,,,,,,
https://goldapple.ru/19000374379-palo-santo,,,,,,
https://goldapple.ru/19000345235-rosemary-lemon,,,,,,
https://goldapple.ru/19000392650-l-eau-d-ambre-extreme,,,,,,
https://goldapple.ru/99000116780-dubai,,,,,,
https://goldapple.ru/19000008014-mandarin-gingerbread,,,,,,
https://goldapple.ru/19000217038-back-to-the-roots,,,,,,
https://goldapple.ru/19000222200-musc-infidele,,,,,,
https://goldapple.ru/19000215501-crystal-saffron,,,,,,
https://goldapple.ru/19000067226-marie,,,,,,
https://goldapple.ru/19000230105-beautiful-magnolia-edp,,,,,,
https://goldapple.ru/19000118599-ostro,,,,,,
https://goldapple.ru/26732500001-rose-of-no-man-s-land,,,,,,
https://goldapple.ru/99000063532-muskus-visna-mindal,,,,,,
https://goldapple.ru/19000201669-vanilla-dream,,,,,,
https://goldapple.ru/19000120855-amore-robotico,,,,,,
https://goldapple.ru/19000424762-discovery-set-zodiac-collection,,,,,,
https://goldapple.ru/99000026019-amber-boy,,,,,,
https://goldapple.ru/26046100003-eclats-d-amandes,,,,,,
https://goldapple.ru/7283800002-idole,,,,,,
https://goldapple.ru/19000192459-nina-le-parfum,,,,,,
https://goldapple.ru/19000494573-poemes-de-provence-saffron-vetiver,,,,,,
https://goldapple.ru/99000061172-mango-i-kokos,,,,,,
https://goldapple.ru/99000044889-pervoe-svidanie,,,,,,
https://goldapple.ru/19000308575-grey-black,,,,,,
https://goldapple.ru/26771500001-wind-wood,,,,,,
https://goldapple.ru/19000059302-original-collection-1872-feminine,,,,,,
https://goldapple.ru/19000010842-my-way-intense,,,,,,
https://goldapple.ru/19000220508-lionora,,,,,,
https://goldapple.ru/19000284594-neroli,,,,,,
https://goldapple.ru/19000436413-belyj-ud,,,,,,
https://goldapple.ru/19000133630-woman,,,,,,
https://goldapple.ru/19000064869-black-moonstone,,,,,,
https://goldapple.ru/19000031685-yuzhnaya-noch,,,,,,
https://goldapple.ru/99000105028-kasemirovoe-derevo,,,,,,
https://goldapple.ru/19000324253-luce-di-rosa,,,,,,
https://goldapple.ru/19000125261-punk-motel,,,,,,
https://goldapple.ru/19000342349-white,,,,,,
https://goldapple.ru/99000037969-garden-mint,,,,,,
https://goldapple.ru/19000096283-pepper-bergamot,,,,,,
https://goldapple.ru/19000072548-dreamy-chic,,,,,,
https://goldapple.ru/99000126055-bergamot-verbena,,,,,,
https://goldapple.ru/19000451141-no13-06,,,,,,
https://goldapple.ru/83800100001-orange-x-santal,,,,,,
https://goldapple.ru/19000408045-tobacco-patchouli,,,,,,
https://goldapple.ru/19000215157-sugar,,,,,,
https://goldapple.ru/19000413177-jardins-de-saba,,,,,,
https://goldapple.ru/19000088229-suu,,,,,,
https://goldapple.ru/19000296368-sladkaa-sliva,,,,,,
https://goldapple.ru/19000402531-rock-the-world,,,,,,
https://goldapple.ru/19000349187-f051,,,,,,
https://goldapple.ru/19000334591-peartopia,,,,,,
https://goldapple.ru/19000436912-cernyj-led,,,,,,
https://goldapple.ru/19000296756-belyj-grib-belyj,,,,,,
https://goldapple.ru/19000398304-ice-queen,,,,,,
https://goldapple.ru/19000008018-lavender-basil,,,,,,
https://goldapple.ru/19000077504-morning-dew,,,,,,
https://goldapple.ru/19000455603-paradise,,,,,,
https://goldapple.ru/19000229065-charred-amber,,,,,,
https://goldapple.ru/99000057410-dla-lubvi,,,,,,
https://goldapple.ru/19000135090-lotus-flower,,,,,,
https://goldapple.ru/7192300025-dior-homme,,,,,,
https://goldapple.ru/19000109665-neverending,,,,,,
https://goldapple.ru/19000348312-memoirs-of-a-geisha,,,,,,
https://goldapple.ru/19000494181-emper-genius-rose,,,,,,
https://goldapple.ru/7200400010-the-only-one,,,,,,
https://goldapple.ru/19000139014-happiness,,,,,,
https://goldapple.ru/19000062937-p003,,,,,,
https://goldapple.ru/19000267944-floral-kindness,,,,,,
https://goldapple.ru/26291300007-red-iceberg,,,,,,
https://goldapple.ru/19000400753-mandarin-rose-water,,,,,,
https://goldapple.ru/19000464817-can-t-get-enough,,,,,,
https://goldapple.ru/19000287577-gourmet-canele-flambe,,,,,,
https://goldapple.ru/99000156445-maag-gardenia,,,,,,
https://goldapple.ru/19000062900-f019,,,,,,
https://goldapple.ru/19000318952-beast-love,,,,,,
https://goldapple.ru/19000235980-material,,,,,,
https://goldapple.ru/19000424761-solstice-solaire,,,,,,
https://goldapple.ru/19000464296-vanil-i-rozovyj-perec,,,,,,
https://goldapple.ru/83080200001-almond-harmony,,,,,,
https://goldapple.ru/19000257645-pontevecchio,,,,,,
https://goldapple.ru/19000424996-lavender-sage-cedar,,,,,,
https://goldapple.ru/19000399940-08,,,,,,
https://goldapple.ru/99000091765-grand-bazaar,,,,,,
https://goldapple.ru/90150100004-vanilla-blend,,,,,,
https://goldapple.ru/19000404794-magnetism,,,,,,
https://goldapple.ru/19000344523-siene,,,,,,
https://goldapple.ru/19000331902-cedar-fig,,,,,,
https://goldapple.ru/99000081853-odi-et-amo,,,,,,
https://goldapple.ru/99000065416-midnight-cherries,,,,,,
https://goldapple.ru/19000349188-f052,,,,,,
https://goldapple.ru/19000210917-bois-de-vetiver,,,,,,
https://goldapple.ru/19000102329-mon-patchouly,,,,,,
https://goldapple.ru/19000263607-amal-gama,,,,,,
https://goldapple.ru/26104300001-blue-sapphire,,,,,,
https://goldapple.ru/19000455550-cafe-gourmand,,,,,,
https://goldapple.ru/19000487589-dolce-gabbana-devotion-pour-homme,,,,,,
https://goldapple.ru/19000124557-princess,,,,,,
https://goldapple.ru/26550200004-remarkable-people,,,,,,
https://goldapple.ru/19000182847-era,,,,,,
https://goldapple.ru/99000028974-lavender-field,,,,,,
https://goldapple.ru/99000107277-imperial-green-tea,,,,,,
https://goldapple.ru/19000018261-candied-orange,,,,,,
https://goldapple.ru/99000019880-coconut,,,,,,
https://goldapple.ru/19000349014-tuberose,,,,,,
https://goldapple.ru/19000225791-cozy,,,,,,
https://goldapple.ru/19000204721-jeans-700-original-uomo,,,,,,
https://goldapple.ru/19000143701-wonderlust,,,,,,
https://goldapple.ru/82401300002-lipstick-rose,,,,,,
https://goldapple.ru/19000160670-sicilian-orange,,,,,,
https://goldapple.ru/99000104272-spice-road,,,,,,
https://goldapple.ru/19000051107-sen-sory,,,,,,
https://goldapple.ru/19760302831-l-ile-pourpre,,,,,,
https://goldapple.ru/19000172804-good-girl-gone-bad,,,,,,
https://goldapple.ru/99000067406-lilac,,,,,,
https://goldapple.ru/19000235931-reflection-woman,,,,,,
https://goldapple.ru/83800100004-rose-magnetic,,,,,,
https://goldapple.ru/19000464861-aqua-universalis,,,,,,
https://goldapple.ru/19000396674-1920-the-origin,,,,,,
https://goldapple.ru/19000143277-au-feminin,,,,,,
https://goldapple.ru/82402100002-vetiver-extraordinaire,,,,,,
https://goldapple.ru/19000437924-vanilla-lavender-patchouli-cream,,,,,,
https://goldapple.ru/19000306204-antar-i-kasemir,,,,,,
https://goldapple.ru/19000502841-kilian-paris-narcotics-discovery-set,,,,,,
https://goldapple.ru/19760318086-empty-black-travel-spray,,,,,,
https://goldapple.ru/19000377067-pour-homme,,,,,,
https://goldapple.ru/81991900001-ki1,,,,,,
https://goldapple.ru/19000427087-cafe-gourmand-lemon-curd,,,,,,
https://goldapple.ru/99000066347-probuzdenie,,,,,,
https://goldapple.ru/19000449265-black-vanilla-toffee-lavender,,,,,,
https://goldapple.ru/99000132504-aromaty-grassa-dnevnik-putesestvij,,,,,,
https://goldapple.ru/99000110847-amber-vanilla-patchouli,,,,,,
https://goldapple.ru/19000035848-cuore-di-bergamotto,,,,,,
https://goldapple.ru/19000343863-born-for-eternity,,,,,,
https://goldapple.ru/19000467788-krypto,,,,,,
https://goldapple.ru/19000344528-white-fire,,,,,,
https://goldapple.ru/19000399943-20,,,,,,
https://goldapple.ru/19000032740-irresistible-eau-de-toilette-fraiche,,,,,,
https://goldapple.ru/19000312504-be,,,,,,
https://goldapple.ru/19000114292-papilefiko,,,,,,
https://goldapple.ru/19000502179-rp-paris-fabuleux,,,,,,
https://goldapple.ru/19000487611-dolce-gabbana-velvet-honey-santal,,,,,,
https://goldapple.ru/19000378832-fleur-d-ambre,,,,,,
https://goldapple.ru/19000454026-cabrec-kitajskaa-mata-zelenyj-list,,,,,,
https://goldapple.ru/19000257136-her,,,,,,
https://goldapple.ru/99000004482-chiffon-mango,,,,,,
https://goldapple.ru/19000218261-lavender-field,,,,,,
https://goldapple.ru/99000038834-bitter-peach,,,,,,
https://goldapple.ru/19000039297-dolce-lily-eau-de-toilette,,,,,,
https://goldapple.ru/19000118646-melangrana,,,,,,
https://goldapple.ru/19000301365-crackling-fire,,,,,,
https://goldapple.ru/99000105560-bamboo,,,,,,
https://goldapple.ru/19000298192-vanille-grapefruit,,,,,,
https://goldapple.ru/19000235474-noor,,,,,,
https://goldapple.ru/19000349043-herbal-tea,,,,,,
https://goldapple.ru/19000227710-drink-drank-drunk,,,,,,
https://goldapple.ru/19000455605-pink-lady,,,,,,
https://goldapple.ru/19000186573-dolce-mattina,,,,,,
https://goldapple.ru/99000137079-quarz-home-party,,,,,,
https://goldapple.ru/19000399951-31,,,,,,
https://goldapple.ru/19000505977-christine-lavoisier-parfums-tea-collection-dream-tea,,,,,,
https://goldapple.ru/19000153559-sensoriel-ultrahot,,,,,,
https://goldapple.ru/19000210895-pour-homme-eau-de-toilette,,,,,,
https://goldapple.ru/19000436900-blagoslovenie-buddy,,,,,,
https://goldapple.ru/7193800001-forever-and-ever,,,,,,
https://goldapple.ru/19000478113-orange-blossom-parfum,,,,,,
https://goldapple.ru/19000172116-limoncello,,,,,,
https://goldapple.ru/19000257104-98-meet-joplin,,,,,,
https://goldapple.ru/19000306195-bulocki-s-koricej,,,,,,
https://goldapple.ru/19000438926-tabak-vanil,,,,,,
https://goldapple.ru/7190100005-fahrenheit,,,,,,
https://goldapple.ru/99000137002-sixsen-kottedz-na-beregu-mora,,,,,,
https://goldapple.ru/19000118788-verbena,,,,,,
https://goldapple.ru/19000464863-pour-le-matin,,,,,,
https://goldapple.ru/19000235976-portrayal-woman,,,,,,
https://goldapple.ru/19000006029-oud-satin-mood,,,,,,
https://goldapple.ru/99000024181-rozdestvenskie-armarki,,,,,,
https://goldapple.ru/19000160525-insignia,,,,,,
https://goldapple.ru/19000125365-seven,,,,,,
https://goldapple.ru/19000461134-sweet-leaf,,,,,,
https://goldapple.ru/19000454046-rozmarin-lavr-salfej,,,,,,
https://goldapple.ru/19000360588-212-vip-black-elixir,,,,,,
https://goldapple.ru/19000336366-vanille-des-afriques,,,,,,
https://goldapple.ru/19760311092-pleasure,,,,,,
https://goldapple.ru/19000414764-umbra-oud,,,,,,
https://goldapple.ru/26045400002-pomelo-fizz,,,,,,
https://goldapple.ru/19000392879-holly,,,,,,
https://goldapple.ru/19000295843-hugs-and-cookies-seryj,,,,,,
https://goldapple.ru/19000125955-secret-of-success,,,,,,
https://goldapple.ru/19000120781-belle-epoque-extrait,,,,,,
https://goldapple.ru/19000096268-tobacco-vanilla,,,,,,
https://goldapple.ru/99000063504-sandal-i-zasmin,,,,,,
https://goldapple.ru/19000264096-no2,,,,,,
https://goldapple.ru/19000126964-paragon,,,,,,
https://goldapple.ru/19000333371-exquisite-essence,,,,,,
https://goldapple.ru/19000155806-l-eau-revee-d-isa,,,,,,
https://goldapple.ru/19760301318-royal-oud,,,,,,
https://goldapple.ru/19000321430-dolce-vaniglia,,,,,,
https://goldapple.ru/99000114135-ambra-i-koza,,,,,,
https://goldapple.ru/19000300323-red-white,,,,,,
https://goldapple.ru/99000015605-black-pepper-amber,,,,,,
https://goldapple.ru/19000424767-midnight-to-sunrise,,,,,,
https://goldapple.ru/19000213904-meadow-flowers,,,,,,
https://goldapple.ru/19000365674-noel-au-balcon,,,,,,
https://goldapple.ru/19000120760-this-is-not-a-blue-bottle-1-4,,,,,,
https://goldapple.ru/19000312204-fleurs-d-agrumes,,,,,,
https://goldapple.ru/19000128963-nusa-dua,,,,,,
https://goldapple.ru/19000233623-angel-touch,,,,,,
https://goldapple.ru/19000451192-no50-29,,,,,,
https://goldapple.ru/19000264461-all-of-me,,,,,,
https://goldapple.ru/19000285706-champaca,,,,,,
https://goldapple.ru/19760301715-orange-jasmine-vanilla,,,,,,
https://goldapple.ru/19000297776-tabak-i-vanil,,,,,,
https://goldapple.ru/19000312168-cherry-black,,,,,,
https://goldapple.ru/19000235922-epic-man,,,,,,
https://goldapple.ru/19000471294-wild-fig,,,,,,
https://goldapple.ru/19000442495-synthetic-nature,,,,,,
https://goldapple.ru/99000083218-arbuzno-matnyj-fres,,,,,,
https://goldapple.ru/19000285470-le-parisien-opera-garnier,,,,,,
https://goldapple.ru/19000268030-13-warm-tobacco,,,,,,
https://goldapple.ru/19000203348-violet-bouquet,,,,,,
https://goldapple.ru/19000215502-falcon-leather,,,,,,
https://goldapple.ru/19000450661-mare,,,,,,
https://goldapple.ru/99000115134-l-eau-des-immortels,,,,,,
https://goldapple.ru/19000120348-ambre-pimente,,,,,,
https://goldapple.ru/99000141091-boca-aroma-natural-cotton,,,,,,
https://goldapple.ru/19000343678-intense-macaron-bourbon,,,,,,
https://goldapple.ru/19000412398-dallachai,,,,,,
https://goldapple.ru/19000012418-a-quiet-morning,,,,,,
https://goldapple.ru/26480200007-chic-shaik-no-70,,,,,,
https://goldapple.ru/19000121032-fat-electrician-semi-modern-vetiver,,,,,,
https://goldapple.ru/19000257647-ambra-nobile,,,,,,
https://goldapple.ru/19000344539-andromeda,,,,,,
https://goldapple.ru/19000404802-eternity-for-men,,,,,,
https://goldapple.ru/19000402529-feel-the-air,,,,,,
https://goldapple.ru/19000473359-attraction-original-for-her,,,,,,
https://goldapple.ru/19000450883-kingside,,,,,,
https://goldapple.ru/19000377338-gyan,,,,,,
https://goldapple.ru/19000201664-bal-d-afrique,,,,,,
https://goldapple.ru/19760305901-poets-of-berlin,,,,,,
https://goldapple.ru/19000396296-blossoms-smoke,,,,,,
https://goldapple.ru/19000458422-peach,,,,,,
https://goldapple.ru/19000021003-green-tea-scent,,,,,,
https://goldapple.ru/99000015582-blackberry-vetiver,,,,,,
https://goldapple.ru/19000487577-dolce-gabbana-devotion-intense,,,,,,
https://goldapple.ru/99000059713-coconut-macaroon,,,,,,
https://goldapple.ru/19000334809-blackberry-blossom,,,,,,
https://goldapple.ru/19000321478-batuffolo-mini-sinfonia,,,,,,
https://goldapple.ru/99000035607-zest-di-sorrento,,,,,,
https://goldapple.ru/83130100004-hanuman,,,,,,
https://goldapple.ru/19000097777-santiago-huckleberry-chez-maman,,,,,,
https://goldapple.ru/19000030982-exquise-tentation-douce-insomnie,,,,,,
https://goldapple.ru/19000350101-clutch-collection-love-is-choco,,,,,,
https://goldapple.ru/19000172713-selective-jg-6602,,,,,,
https://goldapple.ru/19000296909-bottled-triumph-elixir,,,,,,
https://goldapple.ru/19000118666-urtica,,,,,,
https://goldapple.ru/19000423871-dusk,,,,,,
https://goldapple.ru/19000183411-we-are-tribe,,,,,,
https://goldapple.ru/19000338867-lucky-yellow,,,,,,
https://goldapple.ru/19000311745-rozovyj-perec-vetiver-i-paculi,,,,,,
https://goldapple.ru/19000196939-osmanthus,,,,,,
https://goldapple.ru/19000280140-mini-no-4,,,,,,
https://goldapple.ru/99000079532-cernyj,,,,,,
https://goldapple.ru/19000122367-ten-fifteen,,,,,,
https://goldapple.ru/19000319620-cedre-lavande,,,,,,
https://goldapple.ru/19000374112-tiziana-terenzi-bigia,,,,,,
https://goldapple.ru/19000476232-nice-bergamote-by-antoine-maisondieu,,,,,,
https://goldapple.ru/19000380626-bois-nocturne,,,,,,
https://goldapple.ru/19000421313-white-musk,,,,,,
https://goldapple.ru/19000148523-black-pepper-amber-and-neroli,,,,,,
https://goldapple.ru/19000450785-jardins-de-misfah,,,,,,
https://goldapple.ru/19000239100-ambre-no26,,,,,,
https://goldapple.ru/19000321558-patchoulove,,,,,,
https://goldapple.ru/19000412458-18k,,,,,,
https://goldapple.ru/19000049474-no10-care,,,,,,
https://goldapple.ru/19000377283-light-blue,,,,,,
https://goldapple.ru/19000404791-daisy-wild-eau-so-intense,,,,,,
https://goldapple.ru/19000118566-arborea,,,,,,
https://goldapple.ru/26140100017-vanille,,,,,,
https://goldapple.ru/19000048059-sense-dreamy,,,,,,
https://goldapple.ru/19000120321-cerise,,,,,,
https://goldapple.ru/19000130908-bunny,,,,,,
https://goldapple.ru/19000296531-apel-sin,,,,,,
https://goldapple.ru/99000142040-de-safa-palo-santo,,,,,,
https://goldapple.ru/7193000001-escale-a-portofino,,,,,,
https://goldapple.ru/19000459393-aromat-voln,,,,,,
https://goldapple.ru/19000487591-dolce-gabbana-dolce-magnolia,,,,,,
https://goldapple.ru/99000009835-olivier-01,,,,,,
https://goldapple.ru/99000028705-mix-1,,,,,,
https://goldapple.ru/19000257105-69-road-trip,,,,,,
https://goldapple.ru/99000076360-tabak-i-vanil,,,,,,
https://goldapple.ru/19000391308-black-orchid,,,,,,
https://goldapple.ru/19000472781-tobacco-vanille,,,,,,
https://goldapple.ru/19000329338-private-collection-legacy,,,,,,
https://goldapple.ru/19000344114-tobacco-vanilla,,,,,,
https://goldapple.ru/19000451560-major,,,,,,
https://goldapple.ru/19000013024-hacivat-hundred-silent-ways,,,,,,
https://goldapple.ru/19000166819-caissa,,,,,,
https://goldapple.ru/19000470713-golubaa-laguna,,,,,,
https://goldapple.ru/19760307718-oud-satin-mood-scented,,,,,,
https://goldapple.ru/19000472820-hipster,,,,,,
https://goldapple.ru/15750200004-one-step,,,,,,
https://goldapple.ru/19000434160-la-niche-amber-osmanthus,,,,,,
https://goldapple.ru/19000233620-cherry-citronella,,,,,,
https://goldapple.ru/99000066063-relax,,,,,,
https://goldapple.ru/19000291941-sherry-milk,,,,,,
https://goldapple.ru/19000334826-black-pepper,,,,,,
https://goldapple.ru/19000279940-invictus-parfum,,,,,,
https://goldapple.ru/99000110782-nude-pomelis-bouquet-vanilla-magnificence,,,,,,
https://goldapple.ru/19000232269-heartbeat,,,,,,
https://goldapple.ru/19000285460-king-of-kings-queen,,,,,,
https://goldapple.ru/99000156527-maag-garden,,,,,,
https://goldapple.ru/19000290644-born-to-be-unforgettable,,,,,,
https://goldapple.ru/19000179913-herbs-and-salt,,,,,,
https://goldapple.ru/19000502187-rp-paris-majestic,,,,,,
https://goldapple.ru/19000362083-modern-nomad,,,,,,
https://goldapple.ru/7191800008-hypnotic-poison,,,,,,
https://goldapple.ru/19000436901-gavajskij-tuman,,,,,,
https://goldapple.ru/99000020844-french-cafe-chocolate-dreams,,,,,,
https://goldapple.ru/19000285471-patchouli-collection-ardent,,,,,,
https://goldapple.ru/19000139511-dolce-riso,,,,,,
https://goldapple.ru/19000471785-vanilla-patchouli-figue,,,,,,
https://goldapple.ru/19000476947-loewe-un-paseo-por-madrid-casa-de-campo,,,,,,
https://goldapple.ru/19000234980-carolina,,,,,,
https://goldapple.ru/19000300230-security,,,,,,
https://goldapple.ru/19000455621-fresh-vibe,,,,,,
https://goldapple.ru/19000488082-intense-starry-nights,,,,,,
https://goldapple.ru/99000099655-amber-noir,,,,,,
https://goldapple.ru/19000365676-bois-nocturne,,,,,,
https://goldapple.ru/19000311806-lucrezia,,,,,,
https://goldapple.ru/19000182848-mareminerale,,,,,,
https://goldapple.ru/19000290298-arabskie-noci,,,,,,
https://goldapple.ru/99000075547-sacred-road,,,,,,
https://goldapple.ru/19000374391-vodanaa-lilia,,,,,,
https://goldapple.ru/19000451169-no50-01,,,,,,
https://goldapple.ru/19000319350-bambuk-i-cvety-lotosa,,,,,,
https://goldapple.ru/19000478114-santal-delicat-parfum,,,,,,
https://goldapple.ru/19000154600-sleight-of-fern,,,,,,
https://goldapple.ru/19000287580-tobacco-cherry,,,,,,
https://goldapple.ru/19000234940-wood-and-leather,,,,,,
https://goldapple.ru/19000394578-no3,,,,,,
https://goldapple.ru/19000413547-mystic-treasure,,,,,,
https://goldapple.ru/19000314068-marli-le-rua,,,,,,
https://goldapple.ru/19000266561-obesau-vsegda-byt-na-tvoej-storone,,,,,,
https://goldapple.ru/19000421461-sandalwood-black-pepper,,,,,,
https://goldapple.ru/19000131639-pino,,,,,,
https://goldapple.ru/19760300422-902-armagnac-tabac-blond-cannelle,,,,,,
https://goldapple.ru/19000360689-rudraksha,,,,,,
https://goldapple.ru/99000083644-amber-black-pepper-i-peach-patchouli-maracuja,,,,,,
https://goldapple.ru/99000075882-pencil-candles-paradise,,,,,,
https://goldapple.ru/19000283276-very-very-sexy,,,,,,
https://goldapple.ru/19000284890-seven-charms,,,,,,
https://goldapple.ru/19000471021-wonderland-glow,,,,,,
https://goldapple.ru/26830100002-black-angel,,,,,,
https://goldapple.ru/99000140699-lefansh-grapefruit-mangosteen,,,,,,
https://goldapple.ru/19000039490-santorini,,,,,,
https://goldapple.ru/19000266445-moon-light,,,,,,
https://goldapple.ru/19000377070-soffio-zenit,,,,,,
https://goldapple.ru/19000418432-rose-leather,,,,,,
https://goldapple.ru/99000015592-black-pepper-amber,,,,,,
https://goldapple.ru/19000125960-open-mind,,,,,,
https://goldapple.ru/19000334702-lemonade-bubbles,,,,,,
https://goldapple.ru/19000263264-1988,,,,,,
https://goldapple.ru/99000067420-moments-home-perfume-mindaro,,,,,,
https://goldapple.ru/19000283275-very-very-pink,,,,,,
https://goldapple.ru/19000377347-orom,,,,,,
https://goldapple.ru/7274500001-aqua-kenzo-pour-homme,,,,,,
https://goldapple.ru/19000333818-sense-of-security,,,,,,
https://goldapple.ru/83830100005-terra-fortuna,,,,,,
https://goldapple.ru/19000405927-spicy-oud,,,,,,
https://goldapple.ru/83430100014-purple-fig,,,,,,
https://goldapple.ru/19000426980-pink-pepper-elemi-cinnamon-leather,,,,,,
https://goldapple.ru/19000451229-volsebstvo-divnogor-a,,,,,,
https://goldapple.ru/19000337187-wanderlust,,,,,,
https://goldapple.ru/19000059316-silenda-d-ecume,,,,,,
https://goldapple.ru/19000488815-donna-ambrella-floralle,,,,,,
https://goldapple.ru/19000360575-le-male-elixir-absolu,,,,,,
https://goldapple.ru/19000222809-rose-royale,,,,,,
https://goldapple.ru/19000164238-selection-mystere-de-masstige,,,,,,
https://goldapple.ru/19000312170-fleurs-d-agrumes,,,,,,
https://goldapple.ru/19000088287-starnight,,,,,,
https://goldapple.ru/19000182788-decor-classic-mediterranea,,,,,,
https://goldapple.ru/19000329375-ormonde-woman,,,,,,
https://goldapple.ru/19000231309-fireplace-evening,,,,,,
https://goldapple.ru/99000134323-crushoil-papik,,,,,,
https://goldapple.ru/19000213998-mint-rain,,,,,,
https://goldapple.ru/99000088415-moskovskie-bul-vary,,,,,,
https://goldapple.ru/19000235959-opus-v-woods-symphony,,,,,,
https://goldapple.ru/19000234939-tobacco-vanilla,,,,,,
https://goldapple.ru/19000203315-vitalitas,,,,,,
https://goldapple.ru/99000098667-white-cashmere,,,,,,
https://goldapple.ru/19000118663-teal,,,,,,
https://goldapple.ru/19000226595-vip-caftan,,,,,,
https://goldapple.ru/19000166824-grand-master,,,,,,
https://goldapple.ru/99000054848-tender-kiss,,,,,,
https://goldapple.ru/19000301855-exotic-mango,,,,,,
https://goldapple.ru/99000012129-cranberry-forest,,,,,,
https://goldapple.ru/19000455009-sea-salt-wood,,,,,,
https://goldapple.ru/99000058890-rose-trocadero,,,,,,
https://goldapple.ru/19000418242-silk-therapy,,,,,,
https://goldapple.ru/26174000002-intense-so-iris,,,,,,
https://goldapple.ru/99000128234-parfumernaa-voda-love-republic-nude-10ml,,,,,,
https://goldapple.ru/99000093094-stenova-home-tuscan-forest,,,,,,
https://goldapple.ru/99000105107-russkij-les,,,,,,
https://goldapple.ru/99000004475-brandied-pear,,,,,,
https://goldapple.ru/19000387933-chiesa-d-oro,,,,,,
https://goldapple.ru/19000348299-where-re-my-baked-apples,,,,,,
https://goldapple.ru/19000442444-platinum-blend,,,,,,
https://goldapple.ru/19000006572-white-magnolia,,,,,,
https://goldapple.ru/19000256725-grib-muhomor-rozovaa,,,,,,
https://goldapple.ru/19000418265-anti-age,,,,,,
https://goldapple.ru/19000112940-l-instant-homme-de-guerlain,,,,,,
https://goldapple.ru/19000296520-gvozdika,,,,,,
https://goldapple.ru/19000326810-werther,,,,,,
https://goldapple.ru/19000266056-memori-nuage-cerisier,,,,,,
https://goldapple.ru/19000166823-gardez,,,,,,
https://goldapple.ru/19000437943-tobacco-vanilla,,,,,,
https://goldapple.ru/19000195910-rozovyj-pion,,,,,,
https://goldapple.ru/19000360741-sandalwood,,,,,,
https://goldapple.ru/19000322300-black-vanilla,,,,,,
https://goldapple.ru/19000227736-opium,,,,,,
https://goldapple.ru/99000010171-francis,,,,,,
https://goldapple.ru/19000321524-nero-divino,,,,,,
https://goldapple.ru/19000345270-powder,,,,,,
https://goldapple.ru/19000118765-melangrana,,,,,,
https://goldapple.ru/19000439602-narciso-radiante,,,,,,
https://goldapple.ru/19000465141-vanille-rose,,,,,,
https://goldapple.ru/19000454857-simply-for-her,,,,,,
https://goldapple.ru/19000179904-birch,,,,,,
https://goldapple.ru/19000240974-toy-2-pearl,,,,,,
https://goldapple.ru/99000055594-neroli,,,,,,
https://goldapple.ru/19000454161-hero,,,,,,
https://goldapple.ru/99000101726-royal-patchouli,,,,,,
https://goldapple.ru/19000464033-zelenaa-vanil,,,,,,
https://goldapple.ru/19000197492-joy,,,,,,
https://goldapple.ru/19000308579-l-oriental,,,,,,
https://goldapple.ru/7035700002-boss-bottled-tonic,,,,,,
https://goldapple.ru/19000301859-wood-luxury,,,,,,
https://goldapple.ru/19000118621-venere,,,,,,
https://goldapple.ru/19000358441-ellena-musc-et-jasmin,,,,,,
https://goldapple.ru/19000426727-purple-stain,,,,,,
https://goldapple.ru/19000449671-temnye-allei,,,,,,
https://goldapple.ru/19760322098-bitter-peach,,,,,,
https://goldapple.ru/19000208556-apple-lotus,,,,,,
https://goldapple.ru/19000232571-pitatel-nyj-maslo-persika-i-spelaa-grusa,,,,,,
https://goldapple.ru/19000023173-absolute-man,,,,,,
https://goldapple.ru/19000077499-guaiac-wood,,,,,,
https://goldapple.ru/19000181596-merazur-intense,,,,,,
https://goldapple.ru/19000191688-scent,,,,,,
https://goldapple.ru/99000085240-perfumed-essence,,,,,,
https://goldapple.ru/19000302280-pine-and-patchouli,,,,,,
https://goldapple.ru/19000291175-into-the-oud,,,,,,
https://goldapple.ru/26070100037-lemon-sorbet,,,,,,
https://goldapple.ru/99000107105-copacabana,,,,,,
https://goldapple.ru/81991700002-royal-oud,,,,,,
https://goldapple.ru/19000423548-mercausij-xxxvi,,,,,,
https://goldapple.ru/19000399456-ylang-ylang-patchouli,,,,,,
https://goldapple.ru/19000241528-mansa,,,,,,
https://goldapple.ru/19000149079-berries-much,,,,,,
https://goldapple.ru/99000125273-i-aromaticeskih-palocek,,,,,,
https://goldapple.ru/19000454851-ice-touch-for-him,,,,,,
https://goldapple.ru/19000092347-pear-show,,,,,,
https://goldapple.ru/19000294155-black-ink-terrakotovyj,,,,,,
https://goldapple.ru/19000360990-ylang-ylang,,,,,,
https://goldapple.ru/99000028810-tonka,,,,,,
https://goldapple.ru/19000206592-green-garden,,,,,,
https://goldapple.ru/19760302839-desert-suave,,,,,,
https://goldapple.ru/19000349130-bibliotheque,,,,,,
https://goldapple.ru/19000453843-the-growland-mystic-stone,,,,,,
https://goldapple.ru/19000237382-lefko,,,,,,
https://goldapple.ru/99000138286-maison-berger-paris-lolita-lempicka,,,,,,
https://goldapple.ru/19000295733-sweet-mango-and-frangipani-petals,,,,,,
https://goldapple.ru/19000461422-blossom-vert,,,,,,
https://goldapple.ru/19000079910-uomo,,,,,,
https://goldapple.ru/19000175813-on-my-way,,,,,,
https://goldapple.ru/19000498157-aroma-harmony-ostrov-tiare,,,,,,
https://goldapple.ru/99000127584-tabak-i-vanil,,,,,,
https://goldapple.ru/81991900003-miss,,,,,,
https://goldapple.ru/19000311840-a-grazia,,,,,,
https://goldapple.ru/19000403753-english-oak,,,,,,
https://goldapple.ru/19000429221-saffron-violet-leaf,,,,,,
https://goldapple.ru/19000457123-zafferano,,,,,,
https://goldapple.ru/19000196080-selva-oscura,,,,,,
https://goldapple.ru/19000391523-scandal-intense,,,,,,
https://goldapple.ru/99000009848-ahlmann-01,,,,,,
https://goldapple.ru/19000263809-bellini,,,,,,
https://goldapple.ru/19000451188-no50-20,,,,,,
https://goldapple.ru/19000312144-inner-sun,,,,,,
https://goldapple.ru/99000119388-french-vanilla,,,,,,
https://goldapple.ru/19000182876-my-first-one-miami,,,,,,
https://goldapple.ru/99000064773-la-loukum,,,,,,
https://goldapple.ru/99000034348-parana,,,,,,
https://goldapple.ru/19000487445-nero-astra,,,,,,
https://goldapple.ru/19000028985-malagasy,,,,,,
https://goldapple.ru/99000008299-black-sea,,,,,,
https://goldapple.ru/19000268047-15-cedar,,,,,,
https://goldapple.ru/19000419622-peach-prosecco,,,,,,
https://goldapple.ru/19000499613-marina-de-bourbon-classique,,,,,,
https://goldapple.ru/99000052341-frangipani,,,,,,
https://goldapple.ru/19000344514-laudano-nero,,,,,,
https://goldapple.ru/19000300645-jardin-imperial,,,,,,
https://goldapple.ru/19760332373-the-essential-coffret-for-women,,,,,,
https://goldapple.ru/19000104760-color-zone-tender-pink,,,,,,
https://goldapple.ru/80620200006-eau-de-parfum-eau-du-soir,,,,,,
https://goldapple.ru/19000257140-a-spring-day,,,,,,
https://goldapple.ru/19000222748-patchouli-intense,,,,,,
https://goldapple.ru/19000354570-bangkok-9-9,,,,,,
https://goldapple.ru/19000263623-persik-i-landys,,,,,,
https://goldapple.ru/19000301349-sunset-clow,,,,,,
https://goldapple.ru/19000434856-raspberry-cheesecake,,,,,,
https://goldapple.ru/19000194506-orange-oakmoss,,,,,,
https://goldapple.ru/99000030911-bangkok,,,,,,
https://goldapple.ru/19000038926-monarch,,,,,,
https://goldapple.ru/26775000001-red-tobacco,,,,,,
https://goldapple.ru/19000325555-hope,,,,,,
https://goldapple.ru/19000307871-vanilla-powder,,,,,,
https://goldapple.ru/19000021043-black-orchid,,,,,,
https://goldapple.ru/19000472600-black-tea-the-pearl-of-the-andes,,,,,,
https://goldapple.ru/19000096285-oud-wood,,,,,,
https://goldapple.ru/26175000002-day-dreams,,,,,,
https://goldapple.ru/19000268045-magnolia,,,,,,
https://goldapple.ru/19000312578-my-burberry-blush,,,,,,
https://goldapple.ru/19000014503-le-fantome,,,,,,
https://goldapple.ru/19000467590-elite-line-002,,,,,,
https://goldapple.ru/83321800011-pomegranate-noir,,,,,,
https://goldapple.ru/19000378510-l-homme-ideal,,,,,,
https://goldapple.ru/19000406040-temptation,,,,,,
https://goldapple.ru/19000135079-hammam,,,,,,
https://goldapple.ru/19000431982-drunk-saffron,,,,,,
https://goldapple.ru/99000042159-sandalwood,,,,,,
https://goldapple.ru/19760340607-vetiver-lemon-bergamot,,,,,,
https://goldapple.ru/19000249334-antidepressants,,,,,,
https://goldapple.ru/19000227762-lavender-field,,,,,,
https://goldapple.ru/99000054814-taipan,,,,,,
https://goldapple.ru/99000115788-peach-nectar-golden-santal-tonka,,,,,,
https://goldapple.ru/19000284587-sea-sal,,,,,,
https://goldapple.ru/19000196153-ambra-nera,,,,,,
https://goldapple.ru/19000235972-memoir-woman,,,,,,
https://goldapple.ru/19000257644-malvs,,,,,,
https://goldapple.ru/19000003870-azay-le-rideau,,,,,,
https://goldapple.ru/19000406699-discovery,,,,,,
https://goldapple.ru/19000120745-legend-resolute,,,,,,
https://goldapple.ru/19000428728-man-in-black,,,,,,
https://goldapple.ru/19000154009-thalasso-therapy,,,,,,
https://goldapple.ru/19000499637-frederic-malle-vetiver-extraordinaire-perfume,,,,,,
https://goldapple.ru/19000448596-rock-n-rome,,,,,,
https://goldapple.ru/19000468855-good-girl-jasmine-absolute,,,,,,
https://goldapple.ru/19000210765-bois-de-cypres,,,,,,
https://goldapple.ru/19000023352-white-jasmine-tuberose-amber,,,,,,
https://goldapple.ru/19000259588-neroli-patchouli-honey-amber,,,,,,
https://goldapple.ru/19000296546-cernyj-mak,,,,,,
https://goldapple.ru/99000107117-pink-sand,,,,,,
https://goldapple.ru/19000378827-amber-iris,,,,,,
https://goldapple.ru/19000319615-chic-shaik-no-30,,,,,,
https://goldapple.ru/19000194059-amserdam,,,,,,
https://goldapple.ru/19000177529-japanese-sakura,,,,,,
https://goldapple.ru/83830100008-terra-divina,,,,,,
https://goldapple.ru/19000381362-winter,,,,,,
https://goldapple.ru/19000107887-aqua-allegoria-flora-salvaggia,,,,,,
https://goldapple.ru/19000181917-one-and-only,,,,,,
https://goldapple.ru/19000011565-atelier-versace-gingembre-petillant,,,,,,
https://goldapple.ru/19000191498-h-silent-ways-x,,,,,,
https://goldapple.ru/19760313611-rose-tangerine,,,,,,
https://goldapple.ru/19000429248-lady-presidente,,,,,,
https://goldapple.ru/19000176570-note-vanillee-nectar,,,,,,
https://goldapple.ru/19000395974-ginger-lime,,,,,,
https://goldapple.ru/19000300859-honey-bourbon,,,,,,
https://goldapple.ru/19000154031-royal-oud,,,,,,
https://goldapple.ru/19000489216-rouge-bunny-rouge-kaleen,,,,,,
https://goldapple.ru/26165800001-aoud-forest,,,,,,
https://goldapple.ru/19000412465-damascus,,,,,,
https://goldapple.ru/19000454227-myrrh-wood-sage-tonka,,,,,,
https://goldapple.ru/99000126111-sabas-ved-m,,,,,,
https://goldapple.ru/19000213972-freesia,,,,,,
https://goldapple.ru/19000163639-holy-herb,,,,,,
https://goldapple.ru/19000441682-crown,,,,,,
https://goldapple.ru/19000308564-pure-infinite-pleasure-just-girl,,,,,,
https://goldapple.ru/99000107266-amber-s-sun,,,,,,
https://goldapple.ru/19000333033-lcc,,,,,,
https://goldapple.ru/19000366192-temnyj-sokolad,,,,,,
https://goldapple.ru/19000233091-sensual,,,,,,
https://goldapple.ru/38670100012-kitty,,,,,,
https://goldapple.ru/19000129858-hasu,,,,,,
https://goldapple.ru/19000259386-ambre-noir-eau-de-toilette,,,,,,
https://goldapple.ru/19000256463-elixir,,,,,,
https://goldapple.ru/19000013338-phantom,,,,,,
https://goldapple.ru/19000328564-layaali,,,,,,
https://goldapple.ru/99000106005-sultana,,,,,,
https://goldapple.ru/19000300321-l-empreinte,,,,,,
https://goldapple.ru/99000150136-mino-delicate-l-gold-sweet-gingerbread,,,,,,
https://goldapple.ru/19000023482-monsieur,,,,,,
https://goldapple.ru/19000074540-peony-and-rose,,,,,,
https://goldapple.ru/99000132033-illuminating,,,,,,
https://goldapple.ru/19000105761-italica,,,,,,
https://goldapple.ru/99000032429-bamboo,,,,,,
https://goldapple.ru/19000458009-eau-fraiche,,,,,,
https://goldapple.ru/99000041709-cannabis,,,,,,
https://goldapple.ru/19000393092-daisy-intense,,,,,,
https://goldapple.ru/19000262197-the-one-intense,,,,,,
https://goldapple.ru/99000054852-norway-moss,,,,,,
https://goldapple.ru/19000096281-sage-sea-salt,,,,,,
https://goldapple.ru/19000275221-s-ekstraktom-belogo-caa-i-notami-zasmina,,,,,,
https://goldapple.ru/19000092346-cake-pops,,,,,,
https://goldapple.ru/19000360691-heaven,,,,,,
https://goldapple.ru/19000460356-hamptons,,,,,,
https://goldapple.ru/99000054851-winter-home,,,,,,
https://goldapple.ru/19000312205-blackberry-nights,,,,,,
https://goldapple.ru/19000405691-sweet-peach,,,,,,
https://goldapple.ru/19000266454-phosphoros,,,,,,
https://goldapple.ru/99000051563-uplifting,,,,,,
https://goldapple.ru/19760324221-lost-cherry,,,,,,
https://goldapple.ru/99000096887-vetiver,,,,,,
https://goldapple.ru/99000090095-sobranie-no10,,,,,,
https://goldapple.ru/19000446467-peach-passion-fruit-musk,,,,,,
https://goldapple.ru/19000275218-s-maslom-mindala,,,,,,
https://goldapple.ru/19000460369-tobacco-honey,,,,,,
https://goldapple.ru/19000051899-paris,,,,,,
https://goldapple.ru/26424800003-signature-ambra,,,,,,
https://goldapple.ru/19000062945-p011,,,,,,
https://goldapple.ru/19000143284-fleur-de-coton,,,,,,
https://goldapple.ru/19000042270-young-rose,,,,,,
https://goldapple.ru/19000344519-orion,,,,,,
https://goldapple.ru/19000431138-endymion,,,,,,
https://goldapple.ru/19000006538-grosso-lavender-wild-vetivert,,,,,,
https://goldapple.ru/19000454854-not-for-everybody-magic-woman,,,,,,
https://goldapple.ru/19000165440-l-homme-ideal-platine-prive,,,,,,
https://goldapple.ru/19000125259-mystic-sugar,,,,,,
https://goldapple.ru/19000175048-charme-magnetique,,,,,,
https://goldapple.ru/19000110270-do-not-disturb,,,,,,
https://goldapple.ru/19000154759-chocolate-fondant,,,,,,
https://goldapple.ru/99000076369-kasemir,,,,,,
https://goldapple.ru/19000097719-arabian-nights,,,,,,
https://goldapple.ru/99000041626-place-des-epices,,,,,,
https://goldapple.ru/19000349388-aristocrat-coral-prestige,,,,,,
https://goldapple.ru/19000273266-nomade-jasmin-naturel-intense,,,,,,
https://goldapple.ru/99000038866-narcotic,,,,,,
https://goldapple.ru/19000341963-cherry-show,,,,,,
https://goldapple.ru/99000054811-hesoyam-matters,,,,,,
https://goldapple.ru/19000213185-orchidee-imperiale,,,,,,
https://goldapple.ru/19000349070-corn,,,,,,
https://goldapple.ru/99000128758-ekler,,,,,,
https://goldapple.ru/19000014638-apple-brandy-on-the-rocks,,,,,,
https://goldapple.ru/19000141126-wild-strawberry,,,,,,
https://goldapple.ru/19000023501-outrageous,,,,,,
https://goldapple.ru/19000060214-flowers-spices,,,,,,
https://goldapple.ru/7190300087-j-adore,,,,,,
https://goldapple.ru/19000295728-active-growth-and-length-preservation,,,,,,
https://goldapple.ru/19000178458-have-a-nice-day,,,,,,
https://goldapple.ru/19000044074-tourmaline,,,,,,
https://goldapple.ru/19000114298-kredo,,,,,,
https://goldapple.ru/99000088404-belye-noci,,,,,,
https://goldapple.ru/19000322308-black-pepper-vetiver-neroli-amber,,,,,,
https://goldapple.ru/19000448664-san-francisco-intense,,,,,,
https://goldapple.ru/19000285477-sapphire-collection-indigo,,,,,,
https://goldapple.ru/19000494561-lab-fragrance-bali,,,,,,
https://goldapple.ru/99000065224-relax,,,,,,
https://goldapple.ru/19000098990-jacomo,,,,,,
https://goldapple.ru/26142500001-sugar,,,,,,
https://goldapple.ru/19000421460-pink-pepper-chocolate,,,,,,
https://goldapple.ru/19000328966-noche,,,,,,
https://goldapple.ru/19000457124-zafferano,,,,,,
https://goldapple.ru/19000033770-sauvage-shower-gel,,,,,,
https://goldapple.ru/19000502180-rp-paris-purple-money,,,,,,
https://goldapple.ru/99000026897-wilderness,,,,,,
https://goldapple.ru/19000011043-defy,,,,,,
https://goldapple.ru/19000360050-mango,,,,,,
https://goldapple.ru/19000268061-vesennie-cvety,,,,,,
https://goldapple.ru/19000333848-sense-of-security,,,,,,
https://goldapple.ru/19000144780-cocaine-travel-set,,,,,,
https://goldapple.ru/19000067251-sea-notes-lime,,,,,,
https://goldapple.ru/19000201973-smoking-hot,,,,,,
https://goldapple.ru/19000067373-canggu-incense,,,,,,
https://goldapple.ru/19000378826-rose-rhubarb,,,,,,
https://goldapple.ru/19000172711-selective-base-987,,,,,,
https://goldapple.ru/19000109134-no-2,,,,,,
https://goldapple.ru/99000106307-tobacco-vanilla,,,,,,
https://goldapple.ru/19000398661-soir-vert,,,,,,
https://goldapple.ru/99000038661-montreal,,,,,,
https://goldapple.ru/99000107357-segreti-divini-1,,,,,,
https://goldapple.ru/19000167389-lime-basil,,,,,,
https://goldapple.ru/99000074794-enigma,,,,,,
https://goldapple.ru/26422500008-colonia-essenza-deodorant-natural-spray,,,,,,
https://goldapple.ru/99000067405-desert-sand,,,,,,
https://goldapple.ru/99000114464-provence,,,,,,
https://goldapple.ru/19000470781-tobacco-vanille,,,,,,
https://goldapple.ru/19000487823-sol-de-janeiro-cheirosa-48,,,,,,
https://goldapple.ru/19000314048-women,,,,,,
https://goldapple.ru/19000128459-lost-paradise-candy-passion,,,,,,
https://goldapple.ru/19000179918-no37,,,,,,
https://goldapple.ru/26772200001-kumkat-wood,,,,,,
https://goldapple.ru/99000107102-pink-sand,,,,,,
https://goldapple.ru/99000079811-matcha-party,,,,,,
https://goldapple.ru/19000469384-ines,,,,,,
https://goldapple.ru/19000004526-chicago-high,,,,,,
https://goldapple.ru/19000032750-royal-power,,,,,,
https://goldapple.ru/19000295744-sandalwood-and-sichuan-pepper,,,,,,
https://goldapple.ru/19760318550-l-homme-ideal-extreme,,,,,,
https://goldapple.ru/7195500001-sauvage,,,,,,
https://goldapple.ru/19000259894-summertime-in-paris,,,,,,
https://goldapple.ru/19000222734-ambre-cashmere-intense,,,,,,
https://goldapple.ru/19000398532-asad,,,,,,
https://goldapple.ru/19000122330-mandarin-passion,,,,,,
https://goldapple.ru/19000049482-no8-pleasure,,,,,,
https://goldapple.ru/99000081848-odi-et-amo,,,,,,
https://goldapple.ru/99000024891-karamel-morskaa-sol-popkorn,,,,,,
https://goldapple.ru/19000120792-zeitgeist,,,,,,
https://goldapple.ru/19000291929-papaya,,,,,,
https://goldapple.ru/19000312181-the-silence,,,,,,
https://goldapple.ru/19000226291-essentials-eau-de-toilette-provence,,,,,,
https://goldapple.ru/83710100010-milky-musk,,,,,,
https://goldapple.ru/19000009152-matte-candle-marie,,,,,,
https://goldapple.ru/19000032643-ambra,,,,,,
https://goldapple.ru/19000381387-summer,,,,,,
https://goldapple.ru/99000076362-santal,,,,,,
https://goldapple.ru/19000404781-bloom,,,,,,
https://goldapple.ru/19000194053-oud,,,,,,
https://goldapple.ru/19000135080-china-orchid,,,,,,
https://goldapple.ru/99000061670-delice-nacre,,,,,,
https://goldapple.ru/19000396237-vanilla-powder,,,,,,
https://goldapple.ru/99000040459-massimo-no87,,,,,,
https://goldapple.ru/19000256744-grib-smorcok-seraa,,,,,,
https://goldapple.ru/19000175173-empty-blue-travel-spray,,,,,,
https://goldapple.ru/19000118659-rosso-fiorentino,,,,,,
https://goldapple.ru/99000051752-space,,,,,,
https://goldapple.ru/19000235349-tete-a-tete,,,,,,
https://goldapple.ru/19000059305-original-collection-no-1-masculine,,,,,,
https://goldapple.ru/19000283215-loose-lips,,,,,,
https://goldapple.ru/19000015924-mikado-almond-blossom,,,,,,
https://goldapple.ru/19000334587-berry-shiver,,,,,,
https://goldapple.ru/19000235960-opus-vii-reckless-leather,,,,,,
https://goldapple.ru/19000252177-in-white,,,,,,
https://goldapple.ru/19000412481-smoky-oud,,,,,,
https://goldapple.ru/19000321522-foglie-di-fico,,,,,,
https://goldapple.ru/19000292533-no30-amber-incense,,,,,,
https://goldapple.ru/19000060203-tonka,,,,,,
https://goldapple.ru/19000498151-aroma-harmony-kasemir,,,,,,
https://goldapple.ru/19760329925-bazar,,,,,,
https://goldapple.ru/99000105105-moskva,,,,,,
https://goldapple.ru/19000315566-drunk-cherry,,,,,,
https://goldapple.ru/19000143303-the-blanc,,,,,,
https://goldapple.ru/3680300011-l-interdit,,,,,,
https://goldapple.ru/19000287759-sisterland-golden-vanilla,,,,,,
https://goldapple.ru/19000061965-berry,,,,,,
https://goldapple.ru/19000330342-french-brandy-cake,,,,,,
https://goldapple.ru/19000249527-umbr,,,,,,
https://goldapple.ru/99000115605-simply-genius,,,,,,
https://goldapple.ru/19000194062-amsterdam,,,,,,
https://goldapple.ru/19000311740-rozovyj-perec-vetiver-i-paculi,,,,,,
https://goldapple.ru/19000495914-the-act-baba,,,,,,
https://goldapple.ru/19000093674-rose-tonnerre,,,,,,
https://goldapple.ru/99000124106-koza-i-kruzevo,,,,,,
https://goldapple.ru/99000023072-klukva-v-sahare,,,,,,
https://goldapple.ru/19000312180-crackling-fire,,,,,,
https://goldapple.ru/19000453841-the-growland-amber-legacy,,,,,,
https://goldapple.ru/19000398648-peach-fuzz,,,,,,
https://goldapple.ru/19000321561-verde-lorena,,,,,,
https://goldapple.ru/19000383949-tropiceskaa-meditacia,,,,,,
https://goldapple.ru/19000434852-caribbean-coconut,,,,,,
https://goldapple.ru/19000494185-emper-invitation-supreme,,,,,,
https://goldapple.ru/19000181594-merazur-blue,,,,,,
https://goldapple.ru/19000193225-peach-sugar,,,,,,
https://goldapple.ru/19000370832-her,,,,,,
https://goldapple.ru/19000193222-orange-blossom-jasmine,,,,,,
https://goldapple.ru/19000487435-mandarin-ambra-paculi,,,,,,
https://goldapple.ru/19000413176-extraordinaire-saba,,,,,,
https://goldapple.ru/19000439055-bellissima,,,,,,
https://goldapple.ru/19000423563-elixir,,,,,,
https://goldapple.ru/19000314041-no8,,,,,,
https://goldapple.ru/19000236101-formula-03,,,,,,
https://goldapple.ru/19000467783-delicate-femme,,,,,,
https://goldapple.ru/19000463922-carte-blanche,,,,,,
https://goldapple.ru/83710100006-une-tonne-de-roses-8,,,,,,
https://goldapple.ru/19000408636-pure-cannabis,,,,,,
https://goldapple.ru/19000408037-powder,,,,,,
https://goldapple.ru/19000377274-k,,,,,,
https://goldapple.ru/19000298135-bordeaux-plaisir-de-la-nuit,,,,,,
https://goldapple.ru/19000483678-sunset-hour,,,,,,
https://goldapple.ru/19000498696-maison-francis-kurkdjian-kurky,,,,,,
https://goldapple.ru/19000343697-your-choice-inspo,,,,,,
https://goldapple.ru/19000283182-rose-magnetic,,,,,,
https://goldapple.ru/19000125896-lovers-brew,,,,,,
https://goldapple.ru/19000285591-mango,,,,,,
https://goldapple.ru/99000110986-black-sea,,,,,,
https://goldapple.ru/26776100001-amber-fever,,,,,,
https://goldapple.ru/19000099026-jacomo,,,,,,
https://goldapple.ru/19000311860-woman-in-gold,,,,,,
https://goldapple.ru/19000473386-man,,,,,,
https://goldapple.ru/19000451211-no10-08,,,,,,
https://goldapple.ru/19000155430-sweet-fig,,,,,,
https://goldapple.ru/19000009365-arme-blanche,,,,,,
https://goldapple.ru/19000345826-euphoria,,,,,,
https://goldapple.ru/19000451173-no50-05,,,,,,
https://goldapple.ru/19000400099-olympea-absolu,,,,,,
https://goldapple.ru/19000406589-inspired-nature-for-him,,,,,,
https://goldapple.ru/99000082824-neroli-i-cernyj-perec,,,,,,
https://goldapple.ru/99000081993-belyj-caj-i-mata,,,,,,
https://goldapple.ru/19000455614-i-want-choo-with-love,,,,,,
https://goldapple.ru/19000155414-hawaiian-summer,,,,,,
https://goldapple.ru/19000293252-osmanthus,,,,,,
https://goldapple.ru/19000141546-by-jimmy-choo,,,,,,
https://goldapple.ru/99000039656-toasted-bread,,,,,,
https://goldapple.ru/19000342845-guidance,,,,,,
https://goldapple.ru/19000423529-pear-crush,,,,,,
https://goldapple.ru/19000228197-apple-brandy,,,,,,
https://goldapple.ru/19000097753-coffee-addict-chez-maman,,,,,,
https://goldapple.ru/19000366122-uefa-11,,,,,,
https://goldapple.ru/99000042345-afternoon-tea,,,,,,
https://goldapple.ru/19000298295-jubilation-man-40,,,,,,
https://goldapple.ru/19000067224-anna,,,,,,
https://goldapple.ru/19000235979-boundless,,,,,,
https://goldapple.ru/19000003874-maintenon,,,,,,
https://goldapple.ru/19000186111-edge-musk-rose-cedarwood-seraa,,,,,,
https://goldapple.ru/19000213468-bijou-exotic-seduction,,,,,,
https://goldapple.ru/19000476222-no-drama-just-amber,,,,,,
https://goldapple.ru/26420500037-barbiere,,,,,,
https://goldapple.ru/19000195898-tabak-i-mata,,,,,,
https://goldapple.ru/19000366302-irresistible-nude-velvet,,,,,,
https://goldapple.ru/19000395964-ambra,,,,,,
https://goldapple.ru/99000110713-tobacco-vanilla,,,,,,
https://goldapple.ru/19000451143-no13-08,,,,,,
https://goldapple.ru/19000438812-sila-gor-no-3,,,,,,
https://goldapple.ru/19000296771-cvetok-bol-soj-belyj,,,,,,
https://goldapple.ru/99000020494-forest-after-rain,,,,,,
https://goldapple.ru/19000134646-flaming-sky,,,,,,
https://goldapple.ru/99000150145-mino-less-delicate-sweet-gingerbread,,,,,,
https://goldapple.ru/19000257716-conquer-me,,,,,,
https://goldapple.ru/19000467308-vetiver-elemi-patchouli,,,,,,
https://goldapple.ru/99000090077-sobranie-15,,,,,,
https://goldapple.ru/99000028707-mix-3,,,,,,
https://goldapple.ru/84230100020-no20,,,,,,
https://goldapple.ru/19000322781-whisper,,,,,,
https://goldapple.ru/19000268046-20-balm-leather,,,,,,
https://goldapple.ru/19000348847-red-grapes,,,,,,
https://goldapple.ru/19000231844-shameless-seducer,,,,,,
https://goldapple.ru/99000081850-aeterna-historia,,,,,,
https://goldapple.ru/19000402020-black,,,,,,
https://goldapple.ru/19000205093-red-deluxe,,,,,,
https://goldapple.ru/19000431990-sin-pleasure,,,,,,
https://goldapple.ru/19000102320-dry-wood,,,,,,
https://goldapple.ru/19000019530-bergamot-green-tea-sandalwood-musk,,,,,,
https://goldapple.ru/19000182839-my-first-gentlemen,,,,,,
https://goldapple.ru/19000213926-holiday-fragrance,,,,,,
https://goldapple.ru/26372100008-oud-wood,,,,,,
https://goldapple.ru/83290100017-rose-malaki,,,,,,
https://goldapple.ru/19760305892-darling-nikki,,,,,,
https://goldapple.ru/99000090080-sobranie-16,,,,,,
https://goldapple.ru/19000051078-vision,,,,,,
https://goldapple.ru/19000284673-myrrh-tonka,,,,,,
https://goldapple.ru/19000113126-aqua-allegoria-forte-mandarine-basilic,,,,,,
https://goldapple.ru/82092100004-this-is-not-a-blue-bottle-1-2,,,,,,
https://goldapple.ru/19000316372-sonia,,,,,,
https://goldapple.ru/19000097801-sexy-dude,,,,,,
https://goldapple.ru/19000301378-the-silence,,,,,,
https://goldapple.ru/99000027834-pack-hands-wash,,,,,,
https://goldapple.ru/99000038116-liliflora,,,,,,
https://goldapple.ru/19000392647-lucius,,,,,,
https://goldapple.ru/19000115403-1001-noc,,,,,,
https://goldapple.ru/19000261882-silky-saffron,,,,,,
https://goldapple.ru/19000309938-no-3-tobacco-cinnamon-vanilla,,,,,,
https://goldapple.ru/99000010910-visuddha,,,,,,
https://goldapple.ru/19000201175-out-of-rich,,,,,,
https://goldapple.ru/19000209045-mango-grapefruite,,,,,,
https://goldapple.ru/19000469378-mira,,,,,,
https://goldapple.ru/19000181676-vip-pure,,,,,,
https://goldapple.ru/99000054837-vanilla-chrome,,,,,,
https://goldapple.ru/19000059345-jtc-shunkoin,,,,,,
https://goldapple.ru/19000260342-elysium-pour-femme,,,,,,
https://goldapple.ru/19000152167-voda,,,,,,
https://goldapple.ru/19000412476-palace,,,,,,
https://goldapple.ru/19000004550-perfume-vetiver-lemon-bergamot,,,,,,
https://goldapple.ru/19000275550-imperiale-iris-malika,,,,,,
https://goldapple.ru/19000062913-f032,,,,,,
https://goldapple.ru/19000160720-creamy-caramel,,,,,,
https://goldapple.ru/19000470380-caruusaa-visna,,,,,,
https://goldapple.ru/19000138154-sandalwood-blossom,,,,,,
https://goldapple.ru/19000180339-grapefruit-basil-petitgrain,,,,,,
https://goldapple.ru/19000374104-tiziana-terenzi-dionisio,,,,,,
https://goldapple.ru/19000306214-hana,,,,,,
https://goldapple.ru/19000429256-qubism-woman,,,,,,
https://goldapple.ru/19000291675-perseus,,,,,,
https://goldapple.ru/19000403335-rakuska-mureks,,,,,,
https://goldapple.ru/83670200010-voluptuous-seduction,,,,,,
https://goldapple.ru/19000348307-french-kiss,,,,,,
https://goldapple.ru/19000118759-incanto,,,,,,
https://goldapple.ru/19000125404-lavander,,,,,,
https://goldapple.ru/99000090099-slivki-vanilla-latte,,,,,,
https://goldapple.ru/19000134753-neroli-oranger,,,,,,
https://goldapple.ru/19000125646-blue-fig-santal,,,,,,
https://goldapple.ru/19000118708-nero-di-bacco,,,,,,
https://goldapple.ru/19000176572-gntonic,,,,,,
https://goldapple.ru/19000219523-spring-bird,,,,,,
https://goldapple.ru/19000460366-august-pear-freesia,,,,,,
https://goldapple.ru/19000278129-tobacco-leaf,,,,,,
https://goldapple.ru/83271600003-sensual-orchid,,,,,,
https://goldapple.ru/99000028973-melon,,,,,,
https://goldapple.ru/99000019868-the-scarlett-flower,,,,,,
https://goldapple.ru/19000225668-power,,,,,,
https://goldapple.ru/19000284589-oakmoss,,,,,,
https://goldapple.ru/83710100004-tomboy-neroli-65,,,,,,
https://goldapple.ru/19000164110-aloha-beaches,,,,,,
https://goldapple.ru/19000470510-aqua-zenzero,,,,,,
https://goldapple.ru/19000296549-protiv-zavisti,,,,,,
https://goldapple.ru/19000141128-arabian-night,,,,,,
https://goldapple.ru/7270700003-kenzo-ca-sent-beau,,,,,,
https://goldapple.ru/19000318778-the-gems-of-the-empire,,,,,,
https://goldapple.ru/19000179909-wormwood,,,,,,
https://goldapple.ru/19000412463-camouflage,,,,,,
https://goldapple.ru/19000276689-green-tea-berry,,,,,,
https://goldapple.ru/19000049480-no6-inspiration,,,,,,
https://goldapple.ru/19000233078-apex,,,,,,
https://goldapple.ru/19000062940-p006,,,,,,
https://goldapple.ru/19000118615-tuscia,,,,,,
https://goldapple.ru/19000445875-dylan-purple,,,,,,
https://goldapple.ru/99000109203-croissant,,,,,,
https://goldapple.ru/19000456928-kaos,,,,,,
https://goldapple.ru/19000030981-douce-insomnie-verte-euphorie,,,,,,
https://goldapple.ru/19000449102-vetiver,,,,,,
https://goldapple.ru/19000295729-luxurious-volume-and-density,,,,,,
https://goldapple.ru/99000093036-stenova-home-no11-alpi,,,,,,
https://goldapple.ru/99000065039-coffee-shop,,,,,,
https://goldapple.ru/7274400002-aqua-kenzo-pour-femme,,,,,,
https://goldapple.ru/19000177365-born-in-roma-intense,,,,,,
https://goldapple.ru/19000023496-noir-epices,,,,,,
https://goldapple.ru/26800600004-oud-silk-mood,,,,,,
https://goldapple.ru/99000127976-lavandovye-pola,,,,,,
https://goldapple.ru/19000200199-blond-redhead-16-11,,,,,,
https://goldapple.ru/19000258949-stramonio,,,,,,
https://goldapple.ru/99000052159-spiced-wine,,,,,,
https://goldapple.ru/19000295844-hugs-and-cookies-sinij,,,,,,
https://goldapple.ru/19000407397-la-mia-firenze,,,,,,
https://goldapple.ru/99000093071-no14-portofino,,,,,,
https://goldapple.ru/19000306241-sosna-i-paculi,,,,,,
https://goldapple.ru/19000329372-muscat,,,,,,
https://goldapple.ru/19000472783-very-cherry,,,,,,
https://goldapple.ru/19000026906-morion,,,,,,
https://goldapple.ru/19000423882-shadow,,,,,,
https://goldapple.ru/19000326667-perfumed-set,,,,,,
https://goldapple.ru/19000391663-cloud-essence-28-08,,,,,,
https://goldapple.ru/99000119386-amber-vanilla-patchouli,,,,,,
https://goldapple.ru/82820100012-delina-exclusif,,,,,,
https://goldapple.ru/19000072537-annicke,,,,,,
https://goldapple.ru/99000130308-peau-de-pierre-by-starck,,,,,,
https://goldapple.ru/26042200003-coco-figue,,,,,,
https://goldapple.ru/19000485520-pear-amber,,,,,,
https://goldapple.ru/19000423819-palais-bourbon,,,,,,
https://goldapple.ru/7190200003-higher,,,,,,
https://goldapple.ru/19000313984-cloudberry,,,,,,
https://goldapple.ru/26770400001-wave-musk,,,,,,
https://goldapple.ru/99000010162-francis,,,,,,
https://goldapple.ru/19000077922-magnolia-bliss,,,,,,
https://goldapple.ru/19000232673-l-echappee-belle-de-nuit,,,,,,
https://goldapple.ru/19000310350-ozon-i-roza,,,,,,
https://goldapple.ru/19000396231-bois-d-ebene,,,,,,
https://goldapple.ru/19000407401-spicy-tobacco,,,,,,
https://goldapple.ru/19000463497-portrait-of-a-lady-essential-set,,,,,,
https://goldapple.ru/19000118781-soft-peony,,,,,,
https://goldapple.ru/19000413552-purple-eclipse,,,,,,
https://goldapple.ru/19000009371-verte-euphorie,,,,,,
https://goldapple.ru/99000035611-malibu-party-in-the-bay,,,,,,
https://goldapple.ru/99000147116-sela-pudrovyj-kasemir,,,,,,
https://goldapple.ru/19000279938-olympea-parfum,,,,,,
https://goldapple.ru/19000156555-sanremo,,,,,,
https://goldapple.ru/19000148363-fig-infusion,,,,,,
https://goldapple.ru/19000341966-baccarat-rouge-540,,,,,,
https://goldapple.ru/19000257649-castadiva,,,,,,
https://goldapple.ru/19000389846-zelenyj-caj-s-zasminom,,,,,,
https://goldapple.ru/19000426730-black-guava,,,,,,
https://goldapple.ru/19000092356-the-musc-by-calice-becker,,,,,,
https://goldapple.ru/19000438810-sila-gor-no-1,,,,,,
https://goldapple.ru/19000355309-hope,,,,,,
https://goldapple.ru/19000172682-parfum-extra-20,,,,,,
https://goldapple.ru/19000465145-vanille-patchouli,,,,,,
https://goldapple.ru/19000252036-amber-pepper,,,,,,
https://goldapple.ru/19000232692-collection-azur-viree-en-mer-edp,,,,,,
https://goldapple.ru/19000317372-backstage,,,,,,
https://goldapple.ru/19000486984-positive-vibrations,,,,,,
https://goldapple.ru/99000122635-cashmere-tree,,,,,,
https://goldapple.ru/19000475612-mind-games-check-please,,,,,,
https://goldapple.ru/19000470773-la-sultan,,,,,,
https://goldapple.ru/19000316869-f043,,,,,,
https://goldapple.ru/19000074633-believe-me-follow-your-dream,,,,,,
https://goldapple.ru/84230100009-no9,,,,,,
https://goldapple.ru/19000116764-vetiver-bergamot,,,,,,
https://goldapple.ru/19000203329-voluptas,,,,,,
https://goldapple.ru/19000450657-giglio-delle-sabbie,,,,,,
https://goldapple.ru/19000264127-no5,,,,,,
https://goldapple.ru/19000012428-study-17,,,,,,
https://goldapple.ru/19000152176-roza-i-tabak,,,,,,
https://goldapple.ru/19000381054-g-014,,,,,,
https://goldapple.ru/19000413179-merveilleuse-saba,,,,,,
https://goldapple.ru/19000470515-lavande-noire,,,,,,
https://goldapple.ru/19000032652-tikovoe-derevo,,,,,,
https://goldapple.ru/19000154578-black-pepper-eau-de-toilette,,,,,,
https://goldapple.ru/19000406984-l-explicite,,,,,,
https://goldapple.ru/19000118995-sacred-wood-by-kilian,,,,,,
https://goldapple.ru/19000062960-p034,,,,,,
https://goldapple.ru/19000328567-romance,,,,,,
https://goldapple.ru/19000360628-bad-boy-elixir,,,,,,
https://goldapple.ru/99000110781-vanilla-magnificence,,,,,,
https://goldapple.ru/19000120684-evernia,,,,,,
https://goldapple.ru/19000304467-melograno,,,,,,
https://goldapple.ru/19000052222-red-square,,,,,,
https://goldapple.ru/19000026676-apel-sin-korica,,,,,,
https://goldapple.ru/19000307873-vanilla-powder,,,,,,
https://goldapple.ru/19000319611-petite-perfume-collection-for-men,,,,,,
https://goldapple.ru/19000483122-heart-of-eternity,,,,,,
https://goldapple.ru/32110100001-gold-fresh-couture,,,,,,
https://goldapple.ru/99000133723-temptation,,,,,,
https://goldapple.ru/99000042358-warm-vanilla,,,,,,
https://goldapple.ru/19000349046-midnight,,,,,,
https://goldapple.ru/19000004523-basilico-fellini,,,,,,
https://goldapple.ru/19000314020-no6,,,,,,
https://goldapple.ru/19000234784-pear-freesia,,,,,,
https://goldapple.ru/19000061264-indian-venus,,,,,,
https://goldapple.ru/19000118651-ostro,,,,,,
https://goldapple.ru/19000408044-honeysuckle-orchid,,,,,,
https://goldapple.ru/19000327282-sea-salt-white-thyme,,,,,,
https://goldapple.ru/19000167383-tobacco-vanilla,,,,,,
https://goldapple.ru/19000118565-ambra,,,,,,
https://goldapple.ru/19000487579-dolce-gabbana-devotion,,,,,,
https://goldapple.ru/99000073842-wellness-rich-vetiver-cacao-cardamon,,,,,,
https://goldapple.ru/19000434161-la-niche-fleur-symphony,,,,,,
https://goldapple.ru/83710200002-chypre-mojo-45,,,,,,
https://goldapple.ru/19000180345-grapefruit-basil-petitgrain,,,,,,
https://goldapple.ru/19000013003-green-368c,,,,,,
https://goldapple.ru/26045500002-immortel-cedrat,,,,,,
https://goldapple.ru/99000088554-roger,,,,,,
https://goldapple.ru/99000139316-lovely-day-tennis-club,,,,,,
https://goldapple.ru/19000400042-carte-blanche,,,,,,
https://goldapple.ru/99000023142-child-of-nature,,,,,,
https://goldapple.ru/19000283274-very-very-mango,,,,,,
https://goldapple.ru/99000093398-lolita-lempicka,,,,,,
https://goldapple.ru/19000039449-lavender,,,,,,
https://goldapple.ru/19000280167-rosso-nobile,,,,,,
https://goldapple.ru/99000150859-aroma-narcotique-no26,,,,,,
https://goldapple.ru/99000090082-1-sobranie,,,,,,
https://goldapple.ru/82403100002-musc-ravageur-body-butter,,,,,,
https://goldapple.ru/19000463952-etno,,,,,,
https://goldapple.ru/19000023403-winter-morning,,,,,,
https://goldapple.ru/19000235944-epic-man,,,,,,
https://goldapple.ru/99000097982-paradise-coast,,,,,,
https://goldapple.ru/19000421315-baby-powder,,,,,,
https://goldapple.ru/99000133881-mistycal-space,,,,,,
https://goldapple.ru/19000374388-apel-sin-s-matoj,,,,,,
https://goldapple.ru/19000349585-made-in-heaven,,,,,,
https://goldapple.ru/19000484582-empressa,,,,,,
https://goldapple.ru/19000252178-in-white,,,,,,
https://goldapple.ru/19000321554-batuffolo,,,,,,
https://goldapple.ru/19000486983-divine-palo-santo,,,,,,
https://goldapple.ru/99000117435-golden-mandarin,,,,,,
https://goldapple.ru/99000038666-sibirskaa-zima,,,,,,
https://goldapple.ru/19000321479-bianco-divino-mini-sinfonia,,,,,,
https://goldapple.ru/19000200194-berry-craving-23-06,,,,,,
https://goldapple.ru/26424800004-signature-quercia,,,,,,
https://goldapple.ru/19000438610-histoire-d-orangers-extreme,,,,,,
https://goldapple.ru/19000143307-au-masculin,,,,,,
https://goldapple.ru/99000045181-no-5,,,,,,
https://goldapple.ru/26165600003-vanille-absolu,,,,,,
https://goldapple.ru/19000455287-angels-share-on-the-rocks,,,,,,
https://goldapple.ru/19000059332-ouverture,,,,,,
https://goldapple.ru/99000028987-wild-strawberries-sea-buckthorn,,,,,,
https://goldapple.ru/81991600002-lady,,,,,,
https://goldapple.ru/19000322298-pink-pepper-elemi-cinnamon-leather,,,,,,
https://goldapple.ru/19000019540-bergamot-green-tea-sandalwood-musk,,,,,,
https://goldapple.ru/19000303250-gypsy-water,,,,,,
https://goldapple.ru/19000312579-my-eiphoria,,,,,,
https://goldapple.ru/19000318221-tonka-vanilla-white-musk,,,,,,
https://goldapple.ru/19000454856-not-for-everybody-sunset-blossom,,,,,,
https://goldapple.ru/19000178461-power,,,,,,
https://goldapple.ru/26370800008-white-suede,,,,,,
https://goldapple.ru/19000273268-guilty-elixir,,,,,,
https://goldapple.ru/19000501704-borntostandout-gold-juice,,,,,,
https://goldapple.ru/19000172663-parfum-extra-1,,,,,,
https://goldapple.ru/19000296548-7-sposobnostej,,,,,,
https://goldapple.ru/19000230123-lust-in-paradise,,,,,,
https://goldapple.ru/84141400003-loewe-001,,,,,,
https://goldapple.ru/19000405996-new-me-desired,,,,,,
https://goldapple.ru/19000013258-open-mind,,,,,,
https://goldapple.ru/19000430128-palo-santo,,,,,,
https://goldapple.ru/19000468137-aromat-molnij,,,,,,
https://goldapple.ru/19000088302-jolie-frimousse,,,,,,
https://goldapple.ru/19000125424-white-chocola,,,,,,
https://goldapple.ru/99000098996-space-hero,,,,,,
https://goldapple.ru/19000144798-herbal-aquatica,,,,,,
https://goldapple.ru/19760305890-black-citrus,,,,,,
https://goldapple.ru/99000036243-nettare-degli-dei,,,,,,
https://goldapple.ru/19000306860-happy-nuts,,,,,,
https://goldapple.ru/19000487446-nero-lyra,,,,,,
https://goldapple.ru/19000284747-bamboo,,,,,,
https://goldapple.ru/99000082834-caj-ulun-i-neroli,,,,,,
https://goldapple.ru/19000301366-fleurs-d-agrumes,,,,,,
https://goldapple.ru/19000423709-psychotrope,,,,,,
https://goldapple.ru/19000183524-crown-collection-town-country,,,,,,
https://goldapple.ru/19000468489-menthe-mandarine,,,,,,
https://goldapple.ru/19000352231-no3,,,,,,
https://goldapple.ru/19000204025-pink-pepper-elemi-cinnamon-leather,,,,,,
https://goldapple.ru/19000136060-the-musc-by-calice-becker,,,,,,
https://goldapple.ru/19000155809-l-eau-revee-d-aria,,,,,,
https://goldapple.ru/99000089200-neroli-pink-pepper,,,,,,
https://goldapple.ru/19000431984-fig-porn,,,,,,
https://goldapple.ru/19000327916-delight,,,,,,
https://goldapple.ru/19000209569-briquette-loft-stones-white-tenderness,,,,,,
https://goldapple.ru/19000062950-p017,,,,,,
https://goldapple.ru/19000210263-niche-collection-7803-fougere,,,,,,
https://goldapple.ru/19000457108-virgin,,,,,,
https://goldapple.ru/19000451190-no50-22,,,,,,
https://goldapple.ru/83290100021-garden-of-kings-agar-royal,,,,,,
https://goldapple.ru/19000378825-fig-neroli,,,,,,
https://goldapple.ru/19000398657-iris-boise,,,,,,
https://goldapple.ru/19000493704-lattafa-ajwad-pink-to-pink,,,,,,
https://goldapple.ru/99000143820-tako-home-renessans-norvezskij-moh,,,,,,
https://goldapple.ru/19000023659-mediterranean-orange,,,,,,
https://goldapple.ru/19760336294-sintra,,,,,,
https://goldapple.ru/19000226287-absolutes-roll-on-edt-precious-jasmine,,,,,,
https://goldapple.ru/19000321454-patchoulove,,,,,,
https://goldapple.ru/99000115035-pranyj-glintvejn,,,,,,
https://goldapple.ru/19000402537-liberty-dream,,,,,,
https://goldapple.ru/19000097516-rhubarbe-royale,,,,,,
https://goldapple.ru/19000308561-pure-crystal-new,,,,,,
https://goldapple.ru/19000251464-voyage-a-paris,,,,,,
https://goldapple.ru/19000312020-05-old-basil,,,,,,
https://goldapple.ru/19000196157-divino-bianco-90-anniversario,,,,,,
https://goldapple.ru/19000300642-man-mystery,,,,,,
https://goldapple.ru/99000116836-tobacco-vanilla,,,,,,
https://goldapple.ru/99000016835-giardino-verde-soap,,,,,,
https://goldapple.ru/19000427090-cafe-gourmand-pavlova,,,,,,
https://goldapple.ru/19000284704-believe-me-you-like-the-sun,,,,,,
https://goldapple.ru/19000041166-not-a-body-lotion,,,,,,
https://goldapple.ru/19000449099-calabrian-citron,,,,,,
https://goldapple.ru/99000109908-serebristyj-sinij,,,,,,
https://goldapple.ru/19000306250-cernoe-more,,,,,,
https://goldapple.ru/19000275205-lemon-apple,,,,,,
https://goldapple.ru/19000062959-p033,,,,,,
https://goldapple.ru/19000398308-midnight,,,,,,
https://goldapple.ru/19000308580-perfect-black,,,,,,
https://goldapple.ru/19000242056-erba-gold,,,,,,
https://goldapple.ru/99000132220-goluboj-kvarc,,,,,,
https://goldapple.ru/19000493608-dawn-whispers,,,,,,
https://goldapple.ru/19000321450-nero-divino,,,,,,
https://goldapple.ru/19000496418-stellary-vanille-tobacco,,,,,,
https://goldapple.ru/19000376465-tubereuse-maharane,,,,,,
https://goldapple.ru/99000023071-klukva-v-sahare,,,,,,
https://goldapple.ru/99000038118-lavander-fields,,,,,,
https://goldapple.ru/19000424759-eau-mystique,,,,,,
https://goldapple.ru/19000025060-oud-for-happiness,,,,,,
https://goldapple.ru/19000038899-orange-mint,,,,,,
https://goldapple.ru/99000134130-blossoming-florence,,,,,,
https://goldapple.ru/19000032757-so-french,,,,,,
https://goldapple.ru/19000231988-elle-18-cherry-desire,,,,,,
https://goldapple.ru/26160600002-wood-spices,,,,,,
https://goldapple.ru/19000296562-lemongrass,,,,,,
https://goldapple.ru/19000118605-poppy,,,,,,
https://goldapple.ru/19000148358-orange-x-santal,,,,,,
https://goldapple.ru/19000473372-luck-original-for-him,,,,,,
https://goldapple.ru/7034200002-boss-ma-vie,,,,,,
https://goldapple.ru/83290100009-rose-seljuke,,,,,,
https://goldapple.ru/19000402539-coeur-a-coeur,,,,,,
https://goldapple.ru/19000057643-black-perfume-sticks-for-scented-bouquet,,,,,,
https://goldapple.ru/99000069980-cranberry-prosecco,,,,,,
https://goldapple.ru/19000232659-eleganza,,,,,,
https://goldapple.ru/19000476224-yes-queen-shine,,,,,,
https://goldapple.ru/19000440609-the-grace,,,,,,
https://goldapple.ru/81994200004-rose-oud,,,,,,
https://goldapple.ru/99000041707-indian-summer,,,,,,
https://goldapple.ru/19000112932-earth,,,,,,
https://goldapple.ru/19000333370-amber-zest,,,,,,
https://goldapple.ru/19000293591-siren-posle-dozda,,,,,,
https://goldapple.ru/19000131338-cafe-au-laitt,,,,,,
https://goldapple.ru/19000322294-apple-lotus,,,,,,
https://goldapple.ru/19000132760-toasted-bread,,,,,,
https://goldapple.ru/99000077290-tulip,,,,,,
https://goldapple.ru/19000058266-amsterdam,,,,,,
https://goldapple.ru/19000493611-lentropiste-ensang-noir,,,,,,
https://goldapple.ru/99000132959-muses-lilia,,,,,,
https://goldapple.ru/19000178459-p-s,,,,,,
https://goldapple.ru/19000136059-rose-magnetic-by-sophie-labbe,,,,,,
https://goldapple.ru/19000059293-to-my-father,,,,,,
https://goldapple.ru/99000081599-summanus,,,,,,
https://goldapple.ru/19000118629-bianco-di-bacco,,,,,,
https://goldapple.ru/19000088288-sunny-vibes,,,,,,
https://goldapple.ru/19000459392-aromat-vetrov,,,,,,
https://goldapple.ru/19000464865-baccarat-rouge-540,,,,,,
https://goldapple.ru/19000499630-frederic-malle-carnal-flower,,,,,,
https://goldapple.ru/19000234972-sugar,,,,,,
https://goldapple.ru/19000495915-the-act-cosaque,,,,,,
https://goldapple.ru/19000470517-neroli,,,,,,
https://goldapple.ru/99000146448-by-kaori-dune,,,,,,
https://goldapple.ru/19000451170-no50-02,,,,,,
https://goldapple.ru/19000360055-verbena-and-ginger,,,,,,
https://goldapple.ru/19000205776-tikovoe-derevo-i-tabak,,,,,,
https://goldapple.ru/19000436407-krasnaa-roza,,,,,,
https://goldapple.ru/7190400005-poison,,,,,,
https://goldapple.ru/19000398356-nomad-noir,,,,,,
https://goldapple.ru/19000440151-spa-rituals-wild-cherry,,,,,,
https://goldapple.ru/19000048067-clutch-collection-yummy,,,,,,
https://goldapple.ru/19000312169-the-silence,,,,,,
https://goldapple.ru/19000232279-friday-night-out,,,,,,
https://goldapple.ru/99000099776-03-amber-vanilla-patchouli,,,,,,
https://goldapple.ru/99000055701-black-amber,,,,,,
https://goldapple.ru/99000037525-maharloo,,,,,,
https://goldapple.ru/19000455607-sucre-noir,,,,,,
https://goldapple.ru/19000444717-la-fleur,,,,,,
https://goldapple.ru/19000203349-wine-scent,,,,,,
https://goldapple.ru/99000104309-innosence,,,,,,
https://goldapple.ru/19000421279-roskosnaa-magnolia-korolevskaa-ambra,,,,,,
https://goldapple.ru/19000328609-voluptuous-seduction,,,,,,
https://goldapple.ru/19000405992-black-pepper,,,,,,
https://goldapple.ru/19000109152-no-5,,,,,,
https://goldapple.ru/19000062956-p029,,,,,,
https://goldapple.ru/19000457109-bana,,,,,,
https://goldapple.ru/19000399479-saffron-tonka-beans,,,,,,
https://goldapple.ru/19000483324-ombre-tonka,,,,,,
https://goldapple.ru/19000472420-poison-lady,,,,,,
https://goldapple.ru/19000019544-peach-passion-fruit-musk,,,,,,
https://goldapple.ru/99000069893-warm-evening,,,,,,
https://goldapple.ru/19000463153-visna-i-gor-kij-mindal,,,,,,
https://goldapple.ru/19000451214-no10-11,,,,,,
https://goldapple.ru/19000156579-black-pepper,,,,,,
https://goldapple.ru/19000495609-dr-vranjes-firenze-petaloso,,,,,,
https://goldapple.ru/19000131304-midnight-toast,,,,,,
https://goldapple.ru/19000131342-after-the-storm,,,,,,
https://goldapple.ru/99000101363-la-loukum,,,,,,
https://goldapple.ru/19000448528-city-sexy-candy,,,,,,
https://goldapple.ru/19000219524-spring-flower,,,,,,
https://goldapple.ru/19000234965-provence,,,,,,
https://goldapple.ru/99000081976-revive-petitgrain-bergamot,,,,,,
https://goldapple.ru/19000312585-eternity-aromatic-essence,,,,,,
https://goldapple.ru/19000209053-water,,,,,,
https://goldapple.ru/99000146442-by-kaori-africa,,,,,,
https://goldapple.ru/19000139495-purple-sequins,,,,,,
https://goldapple.ru/19000139474-bali-surya,,,,,,
https://goldapple.ru/19000120307-evoke-her,,,,,,
https://goldapple.ru/19000285464-la-perla-plasir-extrait,,,,,,
https://goldapple.ru/83710200005-milky-musk-39,,,,,,
https://goldapple.ru/19000235531-sonic-flower,,,,,,
https://goldapple.ru/99000076358-212,,,,,,
https://goldapple.ru/19000235350-mon-tresor,,,,,,
https://goldapple.ru/19000084126-orange-jasmine-vanilla,,,,,,
https://goldapple.ru/19000090609-monaco,,,,,,
https://goldapple.ru/19000201693-desert-island,,,,,,
https://goldapple.ru/19000067239-ambergris-saffron,,,,,,
https://goldapple.ru/99000038663-utro-v-pekarne,,,,,,
https://goldapple.ru/99000133843-chalet,,,,,,
https://goldapple.ru/19000493766-hi-dear-jasmine-and-cedar,,,,,,
https://goldapple.ru/19000285712-damask,,,,,,
https://goldapple.ru/19000246027-jour-11,,,,,,
https://goldapple.ru/99000147330-sela-pudrovyj-kasemir,,,,,,
https://goldapple.ru/7190100029-fahrenheit,,,,,,
https://goldapple.ru/19000321539-fiore,,,,,,
https://goldapple.ru/99000059715-coffee-chocolate,,,,,,
https://goldapple.ru/19000412823-comme-une-evidence,,,,,,
https://goldapple.ru/19000301372-cherry-black,,,,,,
https://goldapple.ru/19760327532-atelier-figue-blanche,,,,,,
https://goldapple.ru/19000148367-rose-magnetic,,,,,,
https://goldapple.ru/19000451176-no50-08,,,,,,
https://goldapple.ru/99000157110-maag-bloom,,,,,,
https://goldapple.ru/99000034266-oro-1920,,,,,,
https://goldapple.ru/19000257717-mesmerize-me,,,,,,
https://goldapple.ru/99000046222-wheel-bez-aromata,,,,,,
https://goldapple.ru/19000023405-holiday-city,,,,,,
https://goldapple.ru/19000349038-midnight,,,,,,
https://goldapple.ru/19000482141-vanil-i-cvety-tabaka,,,,,,
https://goldapple.ru/19000237586-set,,,,,,
https://goldapple.ru/99000015595-orchid-mango,,,,,,
https://goldapple.ru/19000426728-black-mango,,,,,,
https://goldapple.ru/19000234948-blanc,,,,,,
https://goldapple.ru/19000145087-dylan-purple,,,,,,
https://goldapple.ru/99000037765-carolina,,,,,,
https://goldapple.ru/19000141124-night-violet,,,,,,
https://goldapple.ru/19000454033-cabrec-kitajskaa-mata-zelenyj-list,,,,,,
https://goldapple.ru/19000125403-for-her-for-him,,,,,,
https://goldapple.ru/19000070823-flame-extinguisher-for-candels,,,,,,
https://goldapple.ru/99000116779-matryoshka,,,,,,
https://goldapple.ru/99000091569-hawaii,,,,,,
https://goldapple.ru/19000152468-churchill,,,,,,
https://goldapple.ru/99000066306-pure-sun-tatoo-guardian,,,,,,
https://goldapple.ru/19000143880-teck-sandal,,,,,,
https://goldapple.ru/19000342420-giardino-magico-cherry-oud,,,,,,
https://goldapple.ru/19000316380-noor,,,,,,
https://goldapple.ru/19000454824-vibes-dream-glaze,,,,,,
https://goldapple.ru/19000219335-cosmic-pepper,,,,,,
https://goldapple.ru/99000150155-mino-lammer-grey-sandalwood-and-coconut,,,,,,
https://goldapple.ru/19000322361-nina,,,,,,
https://goldapple.ru/19000322297-apple-lotus,,,,,,
https://goldapple.ru/19000446487-cherry-me-now,,,,,,
https://goldapple.ru/19000449103-shades-of-dahlia,,,,,,
https://goldapple.ru/19000396229-cedrat,,,,,,
https://goldapple.ru/19000090639-ange-and-demon,,,,,,
https://goldapple.ru/19000164620-heritage,,,,,,
https://goldapple.ru/19000478542-krink-x-hugo,,,,,,
https://goldapple.ru/19760330466-colors-black,,,,,,
https://goldapple.ru/19760327946-travel-set-cashemir,,,,,,
https://goldapple.ru/99000143456-giardino-magico-peach-flowers-bergamot,,,,,,
https://goldapple.ru/28320100009-eden,,,,,,
https://goldapple.ru/19000318829-bronze-shimmer,,,,,,
https://goldapple.ru/19000268547-eternity,,,,,,
https://goldapple.ru/19000402207-tobacco-vanille,,,,,,
https://goldapple.ru/19000148537-sandal,,,,,,
https://goldapple.ru/19000172324-we-are-tribe-intense,,,,,,
https://goldapple.ru/19000449101-frangipani,,,,,,
https://goldapple.ru/19000010705-les-eaux-d-un-instant-tempting-bergamot,,,,,,
https://goldapple.ru/19000321556-ceresia,,,,,,
https://goldapple.ru/19000141099-tender-wood,,,,,,
https://goldapple.ru/99000004563-dear-boss-i-ll-do-it-tomorrow,,,,,,
https://goldapple.ru/19000469376-daryan,,,,,,
https://goldapple.ru/99000097046-blagoslovenie-nebozitelej-ci-zun,,,,,,
https://goldapple.ru/19000159680-torino22,,,,,,
https://goldapple.ru/99000128300-velvet-serenity,,,,,,
https://goldapple.ru/19000154755-travel-coffret,,,,,,
https://goldapple.ru/19000476246-silent-whisper,,,,,,
https://goldapple.ru/26045200001-souffle-des-indes,,,,,,
https://goldapple.ru/19000486443-onyx,,,,,,
https://goldapple.ru/19000408592-aldebaran,,,,,,
https://goldapple.ru/19000380612-indigo-2-vanil-paculi,,,,,,
https://goldapple.ru/19000326804-no21-pom-suede,,,,,,
https://goldapple.ru/26166500001-pretty-fruity,,,,,,
https://goldapple.ru/19000357466-revolte-delicate,,,,,,
https://goldapple.ru/99000107101-copacabana,,,,,,
https://goldapple.ru/19000244574-astronomy-domine,,,,,,
https://goldapple.ru/99000011128-tropiceskoe-lici,,,,,,
https://goldapple.ru/99000027414-popkorn,,,,,,
https://goldapple.ru/19000060189-flowers-spices,,,,,,
https://goldapple.ru/19000453859-adrenaline-sport,,,,,,
https://goldapple.ru/19000412765-comme-une-evidence,,,,,,
https://goldapple.ru/19000387501-scandal-intense-pour-homme,,,,,,
https://goldapple.ru/19000172311-the-icon,,,,,,
https://goldapple.ru/19000268056-apricot,,,,,,
https://goldapple.ru/19000052212-red-square,,,,,,
https://goldapple.ru/19000085046-peach-prosecco,,,,,,
https://goldapple.ru/19000268492-brit-sheer,,,,,,
https://goldapple.ru/19000296572-mak,,,,,,
https://goldapple.ru/19000494191-emper-zephyr-naxen,,,,,,
https://goldapple.ru/19000261053-mild,,,,,,
https://goldapple.ru/19000072545-original,,,,,,
https://goldapple.ru/19000077501-lavender,,,,,,
https://goldapple.ru/19000316379-maya,,,,,,
https://goldapple.ru/19000109151-no-4,,,,,,
https://goldapple.ru/7190300083-j-adore,,,,,,
https://goldapple.ru/19000394567-no4,,,,,,
https://goldapple.ru/83730100001-aristoqrati,,,,,,
https://goldapple.ru/99000068485-milk-honey,,,,,,
https://goldapple.ru/19000009181-incense-sonia,,,,,,
https://goldapple.ru/19000344498-borea,,,,,,
https://goldapple.ru/19760313139-tobacco-tonka-bean,,,,,,
https://goldapple.ru/99000036252-nettare-degli-dei,,,,,,
https://goldapple.ru/19000316834-p049,,,,,,
https://goldapple.ru/19000305816-24,,,,,,
https://goldapple.ru/19000472591-black-tea-cherry,,,,,,
https://goldapple.ru/80620700002-soir-d-orient,,,,,,
https://goldapple.ru/99000039749-02-vetiver,,,,,,
https://goldapple.ru/26801300002-baccarat-rouge-540,,,,,,
https://goldapple.ru/27330200005-guiding-water,,,,,,
https://goldapple.ru/19000449958-feel-me,,,,,,
https://goldapple.ru/19000302268-oakmoss-and-amber,,,,,,
https://goldapple.ru/83510500001-azur-lime,,,,,,
https://goldapple.ru/19000440514-15-sandalovoe-derevo,,,,,,
https://goldapple.ru/26721600002-rolling-in-love,,,,,,
https://goldapple.ru/19000039079-sunflower,,,,,,
https://goldapple.ru/19000109133-no-1-sardamom-leather-jasmine,,,,,,
https://goldapple.ru/19000399944-24,,,,,,
https://goldapple.ru/19000222731-amber-oud,,,,,,
https://goldapple.ru/19000470769-baccarat,,,,,,
https://goldapple.ru/19000486976-midnight-lavender,,,,,,
https://goldapple.ru/99000036262-brezza-fiorita,,,,,,
https://goldapple.ru/19000433678-two-of-spades-jasmine-sage,,,,,,
https://goldapple.ru/19000293589-lipovyj-cvet-i-floksy,,,,,,
https://goldapple.ru/19760303657-gentle-fluidity-silver,,,,,,
https://goldapple.ru/19000180575-svezest-provansa,,,,,,
https://goldapple.ru/19000378368-sahara-4800,,,,,,
https://goldapple.ru/27381300012-opera,,,,,,
https://goldapple.ru/99000042354-sunshine-in-russia,,,,,,
https://goldapple.ru/19000442834-atomic-rose,,,,,,
https://goldapple.ru/7195500004-sauvage,,,,,,
https://goldapple.ru/19000210920-eau-de-citron-soleil,,,,,,
https://goldapple.ru/99000066932-portofino,,,,,,
https://goldapple.ru/19000152504-crystal-saffron,,,,,,
https://goldapple.ru/82401800002-portrait-of-a-lady,,,,,,
https://goldapple.ru/19000296533-paculi,,,,,,
https://goldapple.ru/26775900001-instant-crush,,,,,,
https://goldapple.ru/19000427058-white-page-floral-lace,,,,,,
https://goldapple.ru/19000076279-001-man,,,,,,
https://goldapple.ru/19000306247-bulocki-s-koricej,,,,,,
https://goldapple.ru/19000041893-603-cuir-encens-tonka,,,,,,
https://goldapple.ru/99000037845-eden,,,,,,
https://goldapple.ru/19000306196-vanil-i-muskus,,,,,,
https://goldapple.ru/19000193459-eau-de-parfum-724,,,,,,
https://goldapple.ru/19000290627-lucky-candy,,,,,,
https://goldapple.ru/19000374398-lemongrass,,,,,,
https://goldapple.ru/19760342407-mure-et-musc-extreme,,,,,,
https://goldapple.ru/99000052355-peony-lychee,,,,,,
https://goldapple.ru/7192200039-miss-dior,,,,,,
https://goldapple.ru/19000467841-agathist,,,,,,
https://goldapple.ru/99000124268-home,,,,,,
https://goldapple.ru/19000232656-dynamic-move-amber,,,,,,
https://goldapple.ru/19000449097-ambraliquida,,,,,,
https://goldapple.ru/99000070817-intimate-vanille-s-feromonami,,,,,,
https://goldapple.ru/7230200001-rush,,,,,,
https://goldapple.ru/99000028285-sweet-peach,,,,,,
https://goldapple.ru/82400300002-carnal-flower,,,,,,
https://goldapple.ru/19000184760-vida-loca-for-him,,,,,,
https://goldapple.ru/19000213869-freesia,,,,,,
https://goldapple.ru/99000052139-voyage,,,,,,
https://goldapple.ru/19000231310-josefina,,,,,,
https://goldapple.ru/99000107067-italy,,,,,,
https://goldapple.ru/19000247242-black-noir,,,,,,
https://goldapple.ru/19000225171-vanille-benjoin,,,,,,
https://goldapple.ru/19000423874-shadow,,,,,,
https://goldapple.ru/19000284580-persimmon,,,,,,
https://goldapple.ru/99000134221-tabak-i-vanil,,,,,,
https://goldapple.ru/19000048037-about-you-fancy-for-her,,,,,,
https://goldapple.ru/19000440595-the-dream,,,,,,
https://goldapple.ru/19000455012-vetiver-rosemary,,,,,,
https://goldapple.ru/19000449070-men-azure-stone,,,,,,
https://goldapple.ru/19000266090-blanche-musk,,,,,,
https://goldapple.ru/28330100006-no-5-frenesie,,,,,,
https://goldapple.ru/19000011567-atelier-versace-encens-supreme,,,,,,
https://goldapple.ru/19000295852-musk-rose-cedarwood-seryj,,,,,,
https://goldapple.ru/19000072527-annicke-2,,,,,,
https://goldapple.ru/19000394568-no5,,,,,,
https://goldapple.ru/99000038144-hibiscus-love,,,,,,
https://goldapple.ru/81420700001-rock,,,,,,
https://goldapple.ru/19000258298-chandigarh-express,,,,,,
https://goldapple.ru/19000021038-eco-chic-black-pepper,,,,,,
https://goldapple.ru/26044000001-vanille-abricot,,,,,,
https://goldapple.ru/99000078612-sea-salt-powder,,,,,,
https://goldapple.ru/19000232268-havana-club,,,,,,
https://goldapple.ru/19000113031-christmas-tree-apple-spice-new-year-mandarin-herbs-fig-salted-caramel-winter,,,,,,
https://goldapple.ru/19000306921-damask,,,,,,
https://goldapple.ru/19000264808-palo-santo,,,,,,
https://goldapple.ru/19000451145-no13-10,,,,,,
https://goldapple.ru/99000026020-la-habana,,,,,,
https://goldapple.ru/19760300405-501-praline-reglisse-patchouli,,,,,,
https://goldapple.ru/19000301383-crackling-fire,,,,,,
https://goldapple.ru/19000424745-de-vive-voix,,,,,,
https://goldapple.ru/7192400015-eau-sauvage-cologne,,,,,,
https://goldapple.ru/26332400002-daisy-love,,,,,,
https://goldapple.ru/19000002293-aromatics-elixir,,,,,,
https://goldapple.ru/19000351376-anniversary-collection-contemporary,,,,,,
https://goldapple.ru/19000097909-pourquoi-pas,,,,,,
https://goldapple.ru/84230100011-no11,,,,,,
https://goldapple.ru/19000246556-essence-of-the-world-scandinavia,,,,,,
https://goldapple.ru/99000131933-dubai,,,,,,
https://goldapple.ru/19000472605-woody-cherry,,,,,,
https://goldapple.ru/19000424763-discovery-set-4-elements,,,,,,
https://goldapple.ru/19000491867-4fresh-beauty-white-lasmine-amber,,,,,,
https://goldapple.ru/19000196065-selva-oscura,,,,,,
https://goldapple.ru/19000209515-else,,,,,,
https://goldapple.ru/19000213874-nut-nougat,,,,,,
https://goldapple.ru/99000054899-carte-blanche-glorious,,,,,,
https://goldapple.ru/19000439526-molecular-journey,,,,,,
https://goldapple.ru/19000020468-insolence,,,,,,
https://goldapple.ru/19000268752-bottled-elixir,,,,,,
https://goldapple.ru/99000150135-mino-less-delicate-sandalwood-and-coconut,,,,,,
https://goldapple.ru/19000052208-dirty-peach,,,,,,
https://goldapple.ru/99000026902-aroma-energy-sparkling-zest,,,,,,
https://goldapple.ru/19000459042-figue-vanilla,,,,,,
https://goldapple.ru/19000172667-parfum-extra-5,,,,,,
https://goldapple.ru/19000293251-cinnamon,,,,,,
https://goldapple.ru/99000126268-taro-vlublennye-baunti,,,,,,
https://goldapple.ru/19000434847-galatea,,,,,,
https://goldapple.ru/19000172710-selective-base-868,,,,,,
https://goldapple.ru/19000044038-black-pepper-amber-neroli,,,,,,
https://goldapple.ru/19760345301-ginger-lime,,,,,,
https://goldapple.ru/19000245451-mango-i-koriandr,,,,,,
https://goldapple.ru/19000473383-full-speed-jump,,,,,,
https://goldapple.ru/19000182796-portofino,,,,,,
https://goldapple.ru/99000147328-sela-zelenyj-barhat,,,,,,
https://goldapple.ru/19000180580-aromatherapy-probuzdenie-cuvstvennosti,,,,,,
https://goldapple.ru/19000232570-osvezausij-aromatnye-cvety-ziverni,,,,,,
https://goldapple.ru/19000012054-sauvage-elixir,,,,,,
https://goldapple.ru/19000312239-the-silence,,,,,,
https://goldapple.ru/19000428862-lavender-moisturizing-and-tone,,,,,,
https://goldapple.ru/19000285585-bounty,,,,,,
https://goldapple.ru/19000429789-anelo,,,,,,
https://goldapple.ru/19000232665-signature-white,,,,,,
https://goldapple.ru/99000110787-sweet-lolita-lempicka,,,,,,
https://goldapple.ru/19000088292-the-vert,,,,,,
https://goldapple.ru/19000295741-evening-magnolia-and-neroli,,,,,,
https://goldapple.ru/19000345665-time-revolution-retinol,,,,,,
https://goldapple.ru/19000213870-sweet-mango,,,,,,
https://goldapple.ru/19000048455-bois-enchante,,,,,,
https://goldapple.ru/19000312149-tartufo,,,,,,
https://goldapple.ru/19000062917-h002,,,,,,
https://goldapple.ru/19000377281-light-blue-love-in-capri,,,,,,
https://goldapple.ru/19000377335-garanat,,,,,,
https://goldapple.ru/83830100006-terra-vita,,,,,,
https://goldapple.ru/19000084103-cedarwood-sandalwood-amber-patchouli,,,,,,
https://goldapple.ru/19000201680-rendezvous-with-the-sea,,,,,,
https://goldapple.ru/99000062376-oakmoss-and-amber,,,,,,
https://goldapple.ru/19000194505-bergamote-lemon-flower,,,,,,
https://goldapple.ru/19000476353-bergamot-mint,,,,,,
https://goldapple.ru/19000321411-patchoulove,,,,,,
https://goldapple.ru/19000213472-nature-line-desert-rain,,,,,,
https://goldapple.ru/19000472426-young-man,,,,,,
https://goldapple.ru/99000134225-vspomni-detstvo,,,,,,
https://goldapple.ru/99000128231-parfumernaa-voda-love-republic-black-10ml,,,,,,
https://goldapple.ru/82510300003-oud-save-the-queen,,,,,,
https://goldapple.ru/19000115650-antilles-madagascar-tahiti-tropiques-bourbon,,,,,,
https://goldapple.ru/19000239116-poivre-rose-no33,,,,,,
https://goldapple.ru/19000060188-attraction,,,,,,
https://goldapple.ru/19000252978-safran,,,,,,
https://goldapple.ru/19000436410-belyj-muskus,,,,,,
https://goldapple.ru/19000039511-citrus-bliss,,,,,,
https://goldapple.ru/7273800002-l-eau-kenzo-pour-femme,,,,,,
https://goldapple.ru/7302300002-toy-boy,,,,,,
https://goldapple.ru/19000084106-perfume-black-vetiver-amber,,,,,,
https://goldapple.ru/19000344532-kirke,,,,,,
https://goldapple.ru/83600100009-zeitgeist,,,,,,
https://goldapple.ru/26044300002-vanille-passion,,,,,,
https://goldapple.ru/19000023175-absolute-woman,,,,,,
https://goldapple.ru/19000239617-no2,,,,,,
https://goldapple.ru/19000316373-vanda,,,,,,
https://goldapple.ru/19000122371-cherry-punk,,,,,,
https://goldapple.ru/19000487620-dolce-gabbana-light-blue-pour-homme,,,,,,
https://goldapple.ru/19000344478-hyades,,,,,,
https://goldapple.ru/19000454031-bazilik-tomatnyj-list-citrus,,,,,,
https://goldapple.ru/99000084754-morning,,,,,,
https://goldapple.ru/99000038644-list-a-smorodiny,,,,,,
https://goldapple.ru/19000445867-bright-crystal,,,,,,
https://goldapple.ru/90151200004-rosemary-lemon-neroli,,,,,,
https://goldapple.ru/19000181681-vip-piege,,,,,,
https://goldapple.ru/19000017908-decent,,,,,,
https://goldapple.ru/19000445223-essences,,,,,,
https://goldapple.ru/83730400003-tamima,,,,,,
https://goldapple.ru/19000190235-eccentric,,,,,,
https://goldapple.ru/99000037529-zambesi,,,,,,
https://goldapple.ru/19000423564-le-parfum-bridal,,,,,,
https://goldapple.ru/99000014561-dahlia,,,,,,
https://goldapple.ru/99000074799-blossom-fields-crystal-clean,,,,,,
https://goldapple.ru/99000115442-forest-chai,,,,,,
https://goldapple.ru/99000081979-vetiver-i-citrusovyj-caj,,,,,,
https://goldapple.ru/19000451200-no20-06,,,,,,
https://goldapple.ru/19000499639-frederic-malle-promise-perfume,,,,,,
https://goldapple.ru/19000297769-egipetskij-sekret,,,,,,
https://goldapple.ru/83250300002-new-york,,,,,,
https://goldapple.ru/99000067412-durango,,,,,,
https://goldapple.ru/19000239119-vetiver-no11,,,,,,
https://goldapple.ru/19000409114-ambre-nectar,,,,,,
https://goldapple.ru/19000388643-p-anasaa-vanil,,,,,,
https://goldapple.ru/19000232662-signature-blue,,,,,,
https://goldapple.ru/19000399139-volantis-685,,,,,,
https://goldapple.ru/19000268766-jeans,,,,,,
https://goldapple.ru/19000407720-5-vetiver-vanilla,,,,,,
https://goldapple.ru/19000012423-l-eau-de-parfum-2,,,,,,
https://goldapple.ru/19000152221-roza-i-tabak,,,,,,
https://goldapple.ru/19000321418-batuffolo,,,,,,
https://goldapple.ru/19000268789-sun-perfect,,,,,,
https://goldapple.ru/19000213933-tobacco-and-black-pepper,,,,,,
https://goldapple.ru/19000296542-belyj-salfej,,,,,,
https://goldapple.ru/19000179906-sage,,,,,,
https://goldapple.ru/19000412917-lily-of-the-valley,,,,,,
https://goldapple.ru/99000037183-8,,,,,,
https://goldapple.ru/19000287110-pour-femme-dylan-blue,,,,,,
https://goldapple.ru/19000419623-peach-prosecco,,,,,,
https://goldapple.ru/19000048487-l-i-p-s-incense-stand-noir,,,,,,
https://goldapple.ru/19000189634-french-kiss,,,,,,
https://goldapple.ru/19000331904-vetiver-vanilla,,,,,,
https://goldapple.ru/19000153560-sensoriel-sexycrush,,,,,,
https://goldapple.ru/19000088274-groseille-fruits-rouges,,,,,,
https://goldapple.ru/19000120341-cuir-musc,,,,,,
https://goldapple.ru/7431800004-eros-pour-femme,,,,,,
https://goldapple.ru/19000285461-la-perla-attitude-extrait,,,,,,
https://goldapple.ru/19000096280-tobacco-vanilla,,,,,,
https://goldapple.ru/83670200005-modern-nomad,,,,,,
https://goldapple.ru/19000455565-rose-saffran,,,,,,
https://goldapple.ru/19000423879-daydreaming,,,,,,
https://goldapple.ru/19000125370-twelve,,,,,,
https://goldapple.ru/99000109974-black-tea,,,,,,
https://goldapple.ru/80620100007-eau-du-soir-moisturizing-perfumed-body-cream,,,,,,
https://goldapple.ru/19000125196-french-riviera,,,,,,
https://goldapple.ru/19000154585-vanilla-freesia-eau-de-toilette,,,,,,
https://goldapple.ru/99000037399-brandy-classic,,,,,,
https://goldapple.ru/19000060201-tonka,,,,,,
https://goldapple.ru/99000150118-aurora-sandalwood-and-coconut,,,,,,
https://goldapple.ru/99000077295-queen-rose,,,,,,
https://goldapple.ru/19000471016-forbibben-whisper,,,,,,
https://goldapple.ru/19000212632-perfumed-mistes-5-pieces,,,,,,
https://goldapple.ru/19000303222-histoire-d-une-rose,,,,,,
https://goldapple.ru/19000148543-tropik-i-sandal,,,,,,
https://goldapple.ru/19000419627-tobacco-vanilla,,,,,,
https://goldapple.ru/83830100009-terra-terra,,,,,,
https://goldapple.ru/19000043225-flower-by-kenzo-poppy-bouquet,,,,,,
https://goldapple.ru/26420100031-colonia,,,,,,
https://goldapple.ru/19000321436-foglie-di-fico,,,,,,
https://goldapple.ru/19000334701-candy-pink,,,,,,
https://goldapple.ru/99000043425-blessedness,,,,,,
https://goldapple.ru/19000486977-money-magnet,,,,,,
https://goldapple.ru/99000037409-parfum-de-france-moon-bright,,,,,,
https://goldapple.ru/19000059296-crown-collection-crab-apple-blossom,,,,,,
https://goldapple.ru/82340100005-original-inside-book,,,,,,
https://goldapple.ru/99000005279-white-l,,,,,,
https://goldapple.ru/19000294181-vetiver-black-cypress-terrakotovyj,,,,,,
https://goldapple.ru/19000246363-no-3,,,,,,
https://goldapple.ru/19000381311-californian-white-sage,,,,,,
https://goldapple.ru/19000493955-frederic-malle-contre-jour,,,,,,
https://goldapple.ru/19000172109-warm-tobacco-matte,,,,,,
https://goldapple.ru/99000037782-salty-water,,,,,,
https://goldapple.ru/19000382678-indecent-cherry,,,,,,
https://goldapple.ru/83460100014-but-not-today,,,,,,
https://goldapple.ru/19000454849-ice-touch-for-her,,,,,,
https://goldapple.ru/19000312593-daisy-eau-so-fresh,,,,,,
https://goldapple.ru/19000234923-candle-care,,,,,,
https://goldapple.ru/19000159382-oud,,,,,,
https://goldapple.ru/99000151033-aroma-narcotique-no17,,,,,,
https://goldapple.ru/19000085056-lemongrass-verbena,,,,,,
https://goldapple.ru/19000450636-spa-rituals-coconut,,,,,,
https://goldapple.ru/99000025724-nebesnaa-lazur,,,,,,
https://goldapple.ru/19000468138-aromat-skal,,,,,,
https://goldapple.ru/99000037392-de-bleu,,,,,,
https://goldapple.ru/19000412896-granit-bleu,,,,,,
https://goldapple.ru/26375100003-fabulous,,,,,,
https://goldapple.ru/99000038108-aroma-relax-oriental-comfort,,,,,,
https://goldapple.ru/19000431349-dorogoe-udovol-stvie,,,,,,
https://goldapple.ru/19000157099-histoire-d-orangers,,,,,,
https://goldapple.ru/19000257127-le-dimanche,,,,,,
https://goldapple.ru/19000386188-vetiver-rosemary,,,,,,
https://goldapple.ru/19000109153-no-6,,,,,,
https://goldapple.ru/19000325133-muschio-selvatico,,,,,,
https://goldapple.ru/19000186473-green-crush,,,,,,
https://goldapple.ru/19000450655-fiori,,,,,,
https://goldapple.ru/99000034346-oro-rosso,,,,,,
https://goldapple.ru/99000037780-salted-caramel,,,,,,
https://goldapple.ru/19000383948-svezest-okeana,,,,,,
https://goldapple.ru/99000127605-kasemirovoe-derevo,,,,,,
https://goldapple.ru/19000249284-fire-relief,,,,,,
https://goldapple.ru/99000118157-lemongrass,,,,,,
https://goldapple.ru/99000109912-cernyj,,,,,,
https://goldapple.ru/19000438931-tabak-vanil,,,,,,
https://goldapple.ru/19000451207-no10-02,,,,,,
https://goldapple.ru/19000262190-the-one,,,,,,
https://goldapple.ru/19000172670-parfum-extra-8,,,,,,
https://goldapple.ru/19000212616-sandalwood,,,,,,
https://goldapple.ru/19000121296-jade,,,,,,
https://goldapple.ru/19000305817-25,,,,,,
https://goldapple.ru/19000287915-q-intense,,,,,,
https://goldapple.ru/99000010153-blade-running-mandarin,,,,,,
https://goldapple.ru/19000234812-dark-vanilla,,,,,,
https://goldapple.ru/19000331104-okean,,,,,,
https://goldapple.ru/26176600002-ristretto-intense-cafe,,,,,,
https://goldapple.ru/99000085131-lovely-cola,,,,,,
https://goldapple.ru/19000436408-palo-santo,,,,,,
https://goldapple.ru/99000069305-lilac,,,,,,
https://goldapple.ru/19000455561-velours-dazur,,,,,,
https://goldapple.ru/19000407718-2-citrus-basil,,,,,,
https://goldapple.ru/19000489212-rouge-bunny-rouge-tundra,,,,,,
https://goldapple.ru/19000319618-bois-melange,,,,,,
https://goldapple.ru/19000334590-peartopia,,,,,,
https://goldapple.ru/19000196079-rosso-perverso,,,,,,
https://goldapple.ru/19000235895-london-sky,,,,,,
https://goldapple.ru/19000439656-dive-in-fig,,,,,,
https://goldapple.ru/19000149081-hawaian-suset,,,,,,
https://goldapple.ru/19000159057-lust-for-sun,,,,,,
https://goldapple.ru/19000320425-cherry-absolute,,,,,,
https://goldapple.ru/99000005285-white-s,,,,,,
https://goldapple.ru/19000214382-oudesire,,,,,,
https://goldapple.ru/19000235945-epic-woman,,,,,,
https://goldapple.ru/99000005126-riviera,,,,,,
https://goldapple.ru/83322000019-wild-bluebell,,,,,,
https://goldapple.ru/19000453922-tales-of-amber,,,,,,
https://goldapple.ru/99000025729-uslada,,,,,,
https://goldapple.ru/19000203351-fig-sandalwood,,,,,,
https://goldapple.ru/19000230983-n-4-sport,,,,,,
https://goldapple.ru/19000450594-fiori,,,,,,
https://goldapple.ru/19000323019-eternal-wood,,,,,,
https://goldapple.ru/19000207018-collection-caramel,,,,,,
https://goldapple.ru/26166200002-roses-elixir,,,,,,
https://goldapple.ru/19000196202-divino-90-anniversario,,,,,,
https://goldapple.ru/19000179925-jasmine,,,,,,
https://goldapple.ru/19000340632-xx,,,,,,
https://goldapple.ru/19000492970-ecolatier-lotus-jasmine-heliotrop,,,,,,
https://goldapple.ru/19000284585-cashmere,,,,,,
https://goldapple.ru/19000334202-ebene-ambre,,,,,,
https://goldapple.ru/19000268485-hero,,,,,,
https://goldapple.ru/19000448582-chill-sole,,,,,,
https://goldapple.ru/19000235943-love-tuberose-woman,,,,,,
https://goldapple.ru/19000336552-coca-chocola,,,,,,
https://goldapple.ru/19000296560-kamasutra,,,,,,
https://goldapple.ru/19000106785-udovoe-derevo-kub,,,,,,
https://goldapple.ru/19000125241-the-gift-of-love,,,,,,
https://goldapple.ru/19000234762-dubai,,,,,,
https://goldapple.ru/19000090606-sex-elexir,,,,,,
https://goldapple.ru/19000234750-bellini,,,,,,
https://goldapple.ru/19000235955-blossom-love-woman,,,,,,
https://goldapple.ru/19000088276-l-atout-charrme,,,,,,
https://goldapple.ru/19000134976-accomplice,,,,,,
https://goldapple.ru/99000156449-maag-amber-garden,,,,,,
https://goldapple.ru/19000201895-il-giardino,,,,,,
https://goldapple.ru/7195500006-sauvage,,,,,,
https://goldapple.ru/19000449956-tabac-noir,,,,,,
https://goldapple.ru/99000107248-liliflora,,,,,,
https://goldapple.ru/19000088298-french-barber,,,,,,
https://goldapple.ru/19000442211-scented-balm-white-rum,,,,,,
https://goldapple.ru/19760342410-premier-figuier-extreme,,,,,,
https://goldapple.ru/19000266086-fruity-musk,,,,,,
https://goldapple.ru/19000387934-domm,,,,,,
https://goldapple.ru/19000344475-hades,,,,,,
https://goldapple.ru/19000306203-cistyj-hlopok,,,,,,
https://goldapple.ru/19000467782-blossom-luxe,,,,,,
https://goldapple.ru/99000088550-atelier-moderne,,,,,,
https://goldapple.ru/19000253159-white-mirage,,,,,,
https://goldapple.ru/19000063335-dolceacqua-le-donne-di-masque,,,,,,
https://goldapple.ru/99000017660-7-days-of-renewal,,,,,,
https://goldapple.ru/19000469377-eulalia,,,,,,
https://goldapple.ru/99000005246-riviera,,,,,,
https://goldapple.ru/99000134233-vspomni-dubajskij-sokolad,,,,,,
https://goldapple.ru/19000186474-hot-splash,,,,,,
https://goldapple.ru/19000429227-white-tea-sandalwood,,,,,,
https://goldapple.ru/19000334595-woodylicious,,,,,,
https://goldapple.ru/19000264453-musc-nude,,,,,,
https://goldapple.ru/82920100009-high-frequency,,,,,,
https://goldapple.ru/19000304209-grejpfrut-i-lajm-malina,,,,,,
https://goldapple.ru/19000413562-the-spirit-of-magic,,,,,,
https://goldapple.ru/19000308559-miss-beauty,,,,,,
https://goldapple.ru/19000454037-ozon-roza-morskaa-sol,,,,,,
https://goldapple.ru/19000312023-06-vanilla-spark,,,,,,
https://goldapple.ru/19000120388-aymara,,,,,,
https://goldapple.ru/19000088290-sunset-kiss,,,,,,
https://goldapple.ru/19000492965-ecolatier-tonka-ambra-caramel,,,,,,
https://goldapple.ru/19000126968-private-code,,,,,,
https://goldapple.ru/26770500001-intensitive-aoud-gold,,,,,,
https://goldapple.ru/19000362305-eros-najim,,,,,,
https://goldapple.ru/19000309028-love-delight,,,,,,
https://goldapple.ru/19000262678-halfeti,,,,,,
https://goldapple.ru/19000467314-rosemary-lemon,,,,,,
https://goldapple.ru/19000257132-fabulous131,,,,,,
https://goldapple.ru/99000081595-fortuna,,,,,,
https://goldapple.ru/19000177532-mystery-orchid,,,,,,
https://goldapple.ru/19000322884-black-pepper,,,,,,
https://goldapple.ru/19000192247-tropical-lemon-grass,,,,,,
https://goldapple.ru/19000235157-loveme-the-onyx-parfum,,,,,,
https://goldapple.ru/19000122588-je-suis-le-plus-grand-m-a,,,,,,
https://goldapple.ru/19000090599-chance,,,,,,
https://goldapple.ru/99000023139-pheromones,,,,,,
https://goldapple.ru/99000093086-stenova-home-no81,,,,,,
https://goldapple.ru/82920100012-rehab,,,,,,
https://goldapple.ru/19000268042-poppy,,,,,,
https://goldapple.ru/19000451233-aromat-volsebstva,,,,,,
https://goldapple.ru/19000328681-madame-du-barry,,,,,,
https://goldapple.ru/19000189873-tobacco-vanilla,,,,,,
https://goldapple.ru/19000013010-fan-your-flames,,,,,,
https://goldapple.ru/19000232035-eau-de-parfum-princess,,,,,,
https://goldapple.ru/19000445040-black-pepper,,,,,,
https://goldapple.ru/99000123032-horse,,,,,,
https://goldapple.ru/19000163635-innocence-flower,,,,,,
https://goldapple.ru/7201600002-dolce,,,,,,
https://goldapple.ru/19000212626-euphoria,,,,,,
https://goldapple.ru/19000109155-no-10,,,,,,
https://goldapple.ru/19000360056-amber-and-plum,,,,,,
https://goldapple.ru/19000402026-white,,,,,,
https://goldapple.ru/19000285710-arabesque,,,,,,
https://goldapple.ru/19000319617-bois-melange,,,,,,
https://goldapple.ru/19000333007-london-funk,,,,,,
https://goldapple.ru/19000088222-matsu-sakura,,,,,,
https://goldapple.ru/19000399477-basil-vetiver,,,,,,
https://goldapple.ru/99000035716-milk-honey,,,,,,
https://goldapple.ru/19000306255-sosna-i-paculi,,,,,,
https://goldapple.ru/19000449954-ambre-soleil,,,,,,
https://goldapple.ru/99000138303-etosvechi-visnevyj-muss-burbonskaa-vanil,,,,,,
https://goldapple.ru/19000241527-amoral,,,,,,
https://goldapple.ru/19000424962-tomato,,,,,,
https://goldapple.ru/19000407029-tourandot,,,,,,
https://goldapple.ru/19000435996-clutch-collection-raspberry-sorbet,,,,,,
https://goldapple.ru/19000227755-moss-and-fern,,,,,,
https://goldapple.ru/19760302854-tapis-volant,,,,,,
https://goldapple.ru/19000284579-dark-river,,,,,,
https://goldapple.ru/19000317975-cherry-berry,,,,,,
https://goldapple.ru/99000005247-horizon,,,,,,
https://goldapple.ru/99000081852-amor-caecus,,,,,,
https://goldapple.ru/19000464960-rosso-nobile,,,,,,
https://goldapple.ru/99000125983-magic-of-the-stars-necklace-day-night,,,,,,
https://goldapple.ru/19000407562-naked-goddess,,,,,,
https://goldapple.ru/83080100006-just-before,,,,,,
https://goldapple.ru/99000076182-zimnij-les,,,,,,
https://goldapple.ru/19000235938-purpose,,,,,,
https://goldapple.ru/19000097050-parfum-12,,,,,,
https://goldapple.ru/19000181913-anytime-fresh,,,,,,
https://goldapple.ru/19000276687-cherry-blossom,,,,,,
https://goldapple.ru/19000313995-clean-cotton,,,,,,
https://goldapple.ru/19000201974-smoking-hot,,,,,,
https://goldapple.ru/19000291065-fanfarone-italiano,,,,,,
https://goldapple.ru/19000427088-cafe-gourmand-madeleine,,,,,,
https://goldapple.ru/19000446468-pepper-elemi-cinnamon-leather,,,,,,
https://goldapple.ru/19000031682-the-dacha,,,,,,
https://goldapple.ru/19000355435-pear-crush,,,,,,
https://goldapple.ru/19760314277-fiction,,,,,,
https://goldapple.ru/19000285594-tobacco-bergamot,,,,,,
https://goldapple.ru/99000147560-parfumeria-xxi-veka-chromosome-genetic,,,,,,
https://goldapple.ru/19000261884-shahama,,,,,,
https://goldapple.ru/19000060194-neroli-jasmine,,,,,,
https://goldapple.ru/19000402219-solo-elixir,,,,,,
https://goldapple.ru/19000120798-rausch,,,,,,
https://goldapple.ru/19000238638-kristall-muskusa,,,,,,
https://goldapple.ru/19000155371-macaroon,,,,,,
https://goldapple.ru/19760332188-fleur-burlesque,,,,,,
https://goldapple.ru/19000466060-tobacco-vanille,,,,,,
https://goldapple.ru/19000125353-three,,,,,,
https://goldapple.ru/19000334833-rendezvous-with-the-sea,,,,,,
https://goldapple.ru/19000212634-femme-fatale-with-shimmer-oil,,,,,,
https://goldapple.ru/90150800003-vanilla-blend,,,,,,
https://goldapple.ru/19000009517-invictus-victory,,,,,,
https://goldapple.ru/99000081985-tuberoza-i-iris,,,,,,
https://goldapple.ru/19000322777-deep-ocean,,,,,,
https://goldapple.ru/19000234814-dune,,,,,,
https://goldapple.ru/19000374390-vanil,,,,,,
https://goldapple.ru/19000118656-poppy,,,,,,
https://goldapple.ru/19000093685-good-girl-gone-bad-hair-mist,,,,,,
https://goldapple.ru/99000002164-mystical-orchid,,,,,,
https://goldapple.ru/19000306100-dubovyj-moh-i-ambra,,,,,,
https://goldapple.ru/19000301367-into-the-woods,,,,,,
https://goldapple.ru/19000133644-106-rose-damascena-davana-vanille,,,,,,
https://goldapple.ru/19000210262-niche-collection-9205-poudre,,,,,,
https://goldapple.ru/19000486986-patchouli-blossom,,,,,,
https://goldapple.ru/19000285468-le-parisien-moulin-rouge,,,,,,
https://goldapple.ru/19000467583-51,,,,,,
https://goldapple.ru/7200600006-light-blue-pour-homme,,,,,,
https://goldapple.ru/19000436902-zasmin,,,,,,
https://goldapple.ru/19000404798-perfect-elixir,,,,,,
https://goldapple.ru/19000222467-gambling,,,,,,
https://goldapple.ru/19000122368-ten-fifteen,,,,,,
https://goldapple.ru/83460100006-io-non-ho-mani-che-mi-accarezzino-il-volto,,,,,,
https://goldapple.ru/19000358821-piscachio-chic,,,,,,
https://goldapple.ru/19000376879-le-parfum-in-white,,,,,,
https://goldapple.ru/19000453077-seno,,,,,,
https://goldapple.ru/19000231986-elle-11-bal,,,,,,
https://goldapple.ru/19000356125-otimo,,,,,,
https://goldapple.ru/19000182705-woody-pomegranate,,,,,,
https://goldapple.ru/19000268060-yuzu-mandarine,,,,,,
https://goldapple.ru/19000438232-cherry,,,,,,
https://goldapple.ru/19000384371-eau-de-rochas-neroli-azur,,,,,,
https://goldapple.ru/19000477286-ginkgo-biloba,,,,,,
https://goldapple.ru/19000393283-cherry-cherry,,,,,,
https://goldapple.ru/19000060204-tobacco-vanilla,,,,,,
https://goldapple.ru/19000348316-red-cedarwood,,,,,,
https://goldapple.ru/19000125247-the-vision,,,,,,
https://goldapple.ru/19000344534-orion,,,,,,
https://goldapple.ru/26291200007-wear-love-evrywhere,,,,,,
https://goldapple.ru/19000118707-moro,,,,,,
https://goldapple.ru/19000213473-nature-line-ginger-elixir,,,,,,
https://goldapple.ru/99000075544-black-oud,,,,,,
https://goldapple.ru/99000115269-cherry-leather,,,,,,
https://goldapple.ru/19000328396-bain-de-nature-wild-algae,,,,,,
https://goldapple.ru/26550200024-500-years,,,,,,
https://goldapple.ru/19000144348-perfumed-shower-gel-men,,,,,,
https://goldapple.ru/19000407563-oriental-flower,,,,,,
https://goldapple.ru/19000487593-dolce-gabbana-k,,,,,,
https://goldapple.ru/19000038858-marula,,,,,,
https://goldapple.ru/19000471445-mega-money,,,,,,
https://goldapple.ru/19000009370-verte-euphorie,,,,,,
https://goldapple.ru/99000059445-gratitude,,,,,,
https://goldapple.ru/99000055596-lemongrass,,,,,,
https://goldapple.ru/10180300001-black,,,,,,
https://goldapple.ru/19000038827-voyage-sur-la-route-du-taj-palace,,,,,,
https://goldapple.ru/99000016156-orange-cinnamon,,,,,,
https://goldapple.ru/19000235974-overture-woman,,,,,,
https://goldapple.ru/19000454845-black-for-her,,,,,,
https://goldapple.ru/19000300855-vino-rosso,,,,,,
https://goldapple.ru/19000131378-tropical-voyage,,,,,,
https://goldapple.ru/19000490692-juliette-has-a-gun-deluxe-miniatures-collection,,,,,,
https://goldapple.ru/83250300001-sapphire-collection-london,,,,,,
https://goldapple.ru/19000338071-torino21,,,,,,
https://goldapple.ru/99000004558-not-just-a-candle,,,,,,
https://goldapple.ru/19000159053-nuage-de-coton,,,,,,
https://goldapple.ru/19000196941-quercia,,,,,,
https://goldapple.ru/19000439664-still-a-rose,,,,,,
https://goldapple.ru/99000068075-den-v-spa,,,,,,
https://goldapple.ru/19000493760-hi-dear-basil-and-vetiver,,,,,,
https://goldapple.ru/19000209047-sandal-musk,,,,,,
https://goldapple.ru/19000451182-no50-14,,,,,,
https://goldapple.ru/19000088289-sunrise-paradise,,,,,,
https://goldapple.ru/99000066933-freesia,,,,,,
https://goldapple.ru/19000402530-play-with-fire,,,,,,
https://goldapple.ru/99000041515-cedarwood-blanc-cashmere-musk-black-coral,,,,,,
https://goldapple.ru/99000072076-koricnevyj-sahar-i-inzir,,,,,,
https://goldapple.ru/19000459794-buongiorno,,,,,,
https://goldapple.ru/19000232567-gladkost-kozi-maslo-taitanskogo-mango,,,,,,
https://goldapple.ru/19000349015-lily-of-the-valley,,,,,,
https://goldapple.ru/19000246555-essence-of-the-world-indonesia,,,,,,
https://goldapple.ru/19000156557-bologna,,,,,,
https://goldapple.ru/19000155398-coniferous-forest,,,,,,
https://goldapple.ru/19000482635-softness-of-patchouli,,,,,,
https://goldapple.ru/19000222367-halt-in-the-forest,,,,,,
https://goldapple.ru/99000009854-caffeine,,,,,,
https://goldapple.ru/99000010154-paolo,,,,,,
https://goldapple.ru/19000395344-angels-share,,,,,,
https://goldapple.ru/99000018536-cernyj-perec-neroli-i-ambra,,,,,,
https://goldapple.ru/19000164626-solstis,,,,,,
https://goldapple.ru/19000086065-chaumont-sur-loire,,,,,,
https://goldapple.ru/19760301718-black-pepper-amber-neroli,,,,,,
https://goldapple.ru/19000236099-formula-01,,,,,,
https://goldapple.ru/19000088265-ananas-kiwi,,,,,,
https://goldapple.ru/99000032428-woody-tobacco-intense,,,,,,
https://goldapple.ru/19000316376-ines,,,,,,
https://goldapple.ru/19000164624-cannabis-intense,,,,,,
https://goldapple.ru/99000047190-tea-garden,,,,,,
https://goldapple.ru/19000059292-london-funk,,,,,,
https://goldapple.ru/19760329642-saffron-wood,,,,,,
https://goldapple.ru/36920100009-carevna-lebed,,,,,,
https://goldapple.ru/19000257278-man-rain-essence,,,,,,
https://goldapple.ru/19000375479-sugaer,,,,,,
https://goldapple.ru/19000451187-no50-19,,,,,,
https://goldapple.ru/19000309939-no-7-orange-jasmin-ambra,,,,,,
https://goldapple.ru/19000344527-tyrenum,,,,,,
https://goldapple.ru/19000284597-cotton,,,,,,
https://goldapple.ru/99000037900-dubai-hard,,,,,,
https://goldapple.ru/19000402300-sunkissed-goddess,,,,,,
https://goldapple.ru/19000361583-bois-pacifique,,,,,,
https://goldapple.ru/19000361969-muscat,,,,,,
https://goldapple.ru/19000303226-peche-chypree,,,,,,
https://goldapple.ru/19000360045-amber-and-plum,,,,,,
https://goldapple.ru/99000038120-paris-chic,,,,,,
https://goldapple.ru/19000459948-vibes-full-recharge,,,,,,
https://goldapple.ru/19000167923-arabian-night,,,,,,
https://goldapple.ru/19000125643-vanille-patchouli,,,,,,
https://goldapple.ru/19000482626-milk-and-flax,,,,,,
https://goldapple.ru/19000463502-the-princess-set,,,,,,
https://goldapple.ru/27381300010-laylati,,,,,,
https://goldapple.ru/19000365832-damasque,,,,,,
https://goldapple.ru/19000125257-ganymede,,,,,,
https://goldapple.ru/19000131308-gentlemen-s-lounge,,,,,,
https://goldapple.ru/99000038170-agaves-garden,,,,,,
https://goldapple.ru/19000118775-pomona,,,,,,
https://goldapple.ru/19000011914-homme,,,,,,
https://goldapple.ru/99000134131-eternal-moon-blossoming-florence-charming-amelia,,,,,,
https://goldapple.ru/99000127432-black-pepper-amber-sardamon,,,,,,
https://goldapple.ru/19000139018-evening,,,,,,
https://goldapple.ru/19000157456-juicy-peach,,,,,,
https://goldapple.ru/99000088556-white-widow,,,,,,
https://goldapple.ru/19000262191-the-one,,,,,,
https://goldapple.ru/99000112249-lubovnyj-vibe,,,,,,
https://goldapple.ru/19000333824-sneznoe-utro,,,,,,
https://goldapple.ru/19000445869-bright-crystal-absolu,,,,,,
https://goldapple.ru/19000197494-meditation,,,,,,
https://goldapple.ru/99000028959-bubble-gum,,,,,,
https://goldapple.ru/19000495605-dr-vranjes-firenze-chiaroscuro,,,,,,
https://goldapple.ru/81151100001-tendre-reverence,,,,,,
https://goldapple.ru/99000067419-moments-home-perfume-taupe,,,,,,
https://goldapple.ru/19000143870-secret,,,,,,
https://goldapple.ru/19000026691-zdravec-mata,,,,,,
https://goldapple.ru/99000143079-giardino-magico-rosemary-vetiver-amber,,,,,,
https://goldapple.ru/19000216644-siesta,,,,,,
https://goldapple.ru/19000118670-verbena,,,,,,
https://goldapple.ru/19000262196-the-only-one-intense,,,,,,
https://goldapple.ru/19000052206-dark-side,,,,,,
https://goldapple.ru/26142100001-heroes,,,,,,
https://goldapple.ru/19000437923-tropic-mango-vanilla-peach,,,,,,
https://goldapple.ru/99000032563-rose-gold,,,,,,
https://goldapple.ru/19000470377-dragocennaa-ambra,,,,,,
https://goldapple.ru/99000115600-new-year-s-drinks,,,,,,
https://goldapple.ru/19000166826-scholar-s-mate,,,,,,
https://goldapple.ru/19000232229-patchouli-mania,,,,,,
https://goldapple.ru/19000287144-toy-2-pearl,,,,,,
https://goldapple.ru/19000470016-constance,,,,,,
https://goldapple.ru/19000470845-champagne-pear-sandalwood,,,,,,
https://goldapple.ru/19000121402-lovely-alba,,,,,,
https://goldapple.ru/19000245452-malina-i-perecnaa-mata,,,,,,
https://goldapple.ru/99000128760-greckij-oreh,,,,,,
https://goldapple.ru/19000285721-montabaco-rio,,,,,,
https://goldapple.ru/19000291173-a-night-at-the-opera,,,,,,
https://goldapple.ru/19000191522-no-4-apres-l-amour-elixir-de-parfum,,,,,,
https://goldapple.ru/99000032903-princess-joy,,,,,,
https://goldapple.ru/19000300212-freshness,,,,,,
https://goldapple.ru/99000037395-maxx-man-aquatic,,,,,,
https://goldapple.ru/19000259548-red-addict,,,,,,
https://goldapple.ru/19000196154-arilli-di-melagrana,,,,,,
https://goldapple.ru/19000154000-ayurveda,,,,,,
https://goldapple.ru/19000347142-cherry-tobacco,,,,,,
https://goldapple.ru/19000451543-cesar,,,,,,
https://goldapple.ru/19000017910-immoral,,,,,,
https://goldapple.ru/19000496416-stellary-flower-hypnotique,,,,,,
https://goldapple.ru/99000026899-lolika-lempicka,,,,,,
https://goldapple.ru/26550200002-une-amourette-roland-mouret,,,,,,
https://goldapple.ru/15520200015-muschio-bianco,,,,,,
https://goldapple.ru/19000470513-citron-caviar,,,,,,
https://goldapple.ru/82820100011-delina,,,,,,
https://goldapple.ru/99000079534-cashmere-woods,,,,,,
https://goldapple.ru/19000440626-20-safran-i-karamel,,,,,,
https://goldapple.ru/19000318828-pink-shimmer,,,,,,
https://goldapple.ru/19000154002-dragon-flower,,,,,,
https://goldapple.ru/19000321456-patchoulove,,,,,,
https://goldapple.ru/82082800001-oriental-leather,,,,,,
https://goldapple.ru/19000345241-orange-jasmine,,,,,,
https://goldapple.ru/99000081857-posh,,,,,,
https://goldapple.ru/19000381333-spiritual-aura,,,,,,
https://goldapple.ru/19000015648-un-gardenia-la-nut-perfume-gun,,,,,,
https://goldapple.ru/19000381383-winter,,,,,,
https://goldapple.ru/19000494173-emper-epic-adventure-bleu,,,,,,
https://goldapple.ru/19000476942-loewe-un-paseo-por-madrid-mayrit,,,,,,
https://goldapple.ru/19000381051-g-009,,,,,,
https://goldapple.ru/3680300002-l-interdit,,,,,,
https://goldapple.ru/19000143694-gorgeous,,,,,,
https://goldapple.ru/99000082825-kedr-i-kiparis,,,,,,
https://goldapple.ru/19000492581-m-micallef-notorious-xo,,,,,,
https://goldapple.ru/19760319040-man-glacial-essence,,,,,,
https://goldapple.ru/19000196621-l-interdit-rouge-ultime,,,,,,
https://goldapple.ru/19000342028-tuberoza-x,,,,,,
https://goldapple.ru/19000465877-ambient-fog,,,,,,
https://goldapple.ru/19760303655-baccarat-rouge-540,,,,,,
https://goldapple.ru/82082400001-tamarindo,,,,,,
https://goldapple.ru/19000395975-milano,,,,,,
https://goldapple.ru/19000162308-london,,,,,,
https://goldapple.ru/19760335004-honore-delights,,,,,,
https://goldapple.ru/19000440520-20-safran-i-karamel,,,,,,
https://goldapple.ru/99000035612-vicebomb,,,,,,
https://goldapple.ru/19000139086-whisper-of-the-wind,,,,,,
https://goldapple.ru/19000315573-dirty-rice,,,,,,
https://goldapple.ru/19000451222-no10-19,,,,,,
https://goldapple.ru/19000399100-liquors-absolu,,,,,,
https://goldapple.ru/19000412895-bois-de-sauge,,,,,,
https://goldapple.ru/19760301317-absolu-de-vanille,,,,,,
https://goldapple.ru/19000194008-tonka,,,,,,
https://goldapple.ru/83810100016-coda,,,,,,
https://goldapple.ru/19000088220-mat-limited,,,,,,
https://goldapple.ru/99000037757-green-mango,,,,,,
https://goldapple.ru/19000232733-for-her,,,,,,
https://goldapple.ru/99000088557-white-widow,,,,,,
https://goldapple.ru/99000067409-cream,,,,,,
https://goldapple.ru/19000406595-whenever-wherever-for-her,,,,,,
https://goldapple.ru/19000235964-imitation-woman,,,,,,
https://goldapple.ru/19000431351-podarok-iz-detstva,,,,,,
https://goldapple.ru/19000408048-vanilla-cinnamon,,,,,,
https://goldapple.ru/19000298223-quattro-pizzi,,,,,,
https://goldapple.ru/19000476245-seductive-haze,,,,,,
https://goldapple.ru/19760300413-801-embruns-cedre-pamplemousse,,,,,,
https://goldapple.ru/19000282701-dia-40,,,,,,
https://goldapple.ru/19000487582-dolce-gabbana-q,,,,,,
https://goldapple.ru/83320700011-peony-blush-suede,,,,,,
https://goldapple.ru/19000374365-sandal-i-vanil,,,,,,
https://goldapple.ru/19000023468-iris-poudre,,,,,,
https://goldapple.ru/19000406553-ice-dive,,,,,,
https://goldapple.ru/19000419630-teakwood,,,,,,
https://goldapple.ru/19000206586-charm-mystery,,,,,,
https://goldapple.ru/19000493517-russkay-kosmetika-malina-i-sandal,,,,,,
https://goldapple.ru/19000234851-salted-caramel,,,,,,
https://goldapple.ru/99000133962-sad-but-sexy,,,,,,
https://goldapple.ru/19000497572-xerjoff-shooting-stars-gibeon,,,,,,
https://goldapple.ru/19000225174-patchouli-oud,,,,,,
https://goldapple.ru/19000165389-sandalwood,,,,,,
https://goldapple.ru/19000238536-ciliegia-intenso,,,,,,
https://goldapple.ru/99000107240-californian-white-sage,,,,,,
https://goldapple.ru/19000324255-luce-di-rosa,,,,,,
https://goldapple.ru/19000208986-i-hate-rose,,,,,,
https://goldapple.ru/19000321536-borgo-degli-agrumi,,,,,,
https://goldapple.ru/19000145174-les-fleurs-water-lily,,,,,,
https://goldapple.ru/19000472585-green-tea-vanilla,,,,,,
https://goldapple.ru/19000227754-mango-and-tangerine,,,,,,
https://goldapple.ru/83460100003-symphonie-passion,,,,,,
https://goldapple.ru/19000138156-vanilla-patchouli,,,,,,
https://goldapple.ru/19000396002-rosso-nobile,,,,,,
https://goldapple.ru/19000501711-borntostandout-dirty-milk,,,,,,
https://goldapple.ru/19000463936-tantra,,,,,,
https://goldapple.ru/19000460658-old-fashioned-icon-set,,,,,,
https://goldapple.ru/19000474556-daisy-wild-eau-so-extra,,,,,,
https://goldapple.ru/19000059078-cirrus-leather-absolute,,,,,,
https://goldapple.ru/99000008979-prival-v-lesu,,,,,,
https://goldapple.ru/19000493770-hi-dear-pomegranate-guaiac-wood,,,,,,
https://goldapple.ru/19000429286-cherry-oud,,,,,,
https://goldapple.ru/26550200003-divin-enfant,,,,,,
https://goldapple.ru/19000274181-the-emerald,,,,,,
https://goldapple.ru/19000406600-forever-classic-never-boring,,,,,,
https://goldapple.ru/19000015571-choco-crispy,,,,,,
https://goldapple.ru/19000052225-black-heroin,,,,,,
https://goldapple.ru/19000306918-ambre-royal,,,,,,
https://goldapple.ru/99000002916-neverbalika,,,,,,
https://goldapple.ru/19000280331-fil-d-or-n-3,,,,,,
https://goldapple.ru/19000460352-santorini,,,,,,
https://goldapple.ru/19000493761-hi-dear-ylang-ylang-and-patchouli,,,,,,
https://goldapple.ru/19000141097-golden-venice,,,,,,
https://goldapple.ru/19000052218-dirty-mango,,,,,,
https://goldapple.ru/19000124562-vanille-iconique,,,,,,
https://goldapple.ru/19000118634-coffea,,,,,,
https://goldapple.ru/19000436911-cernoe-zoloto,,,,,,
https://goldapple.ru/19000428726-fiori-d-amore,,,,,,
https://goldapple.ru/19000360610-sisterland-blush-cherry,,,,,,
https://goldapple.ru/19000256723-grib-muhomor-seraa,,,,,,
https://goldapple.ru/19000465138-vanille-sauvage-de-madagascar,,,,,,
https://goldapple.ru/19000405998-new-me-pink-dream,,,,,,
https://goldapple.ru/99000151010-heldi-spice-road,,,,,,
https://goldapple.ru/19000192456-the-omniscient-mr-thompson,,,,,,
https://goldapple.ru/19000431348-vrema-dla-seba,,,,,,
https://goldapple.ru/19000472642-recovery,,,,,,
https://goldapple.ru/19000327448-tendres-instants,,,,,,
https://goldapple.ru/19000172790-angels-share,,,,,,
https://goldapple.ru/19000167369-kologne-shield-of-protection,,,,,,
https://goldapple.ru/19000327449-calme-absolu,,,,,,
https://goldapple.ru/19000312137-sparkling-strawberry,,,,,,
https://goldapple.ru/19000236728-tobacco,,,,,,
https://goldapple.ru/19000467300-iris-lily-vanilla,,,,,,
https://goldapple.ru/19000125038-juniper-sling,,,,,,
https://goldapple.ru/99000134226-vspomni-morskaa-sol-i-orhidea,,,,,,
https://goldapple.ru/19000213947-new-year-s-sweets,,,,,,
https://goldapple.ru/19000402536-oui-mon-amour,,,,,,
https://goldapple.ru/7282600001-la-nuit-tresor,,,,,,
https://goldapple.ru/19000487441-nero-nova,,,,,,
https://goldapple.ru/19000451203-no20-09,,,,,,
https://goldapple.ru/82083100002-rose-of-no-man-s-land,,,,,,
https://goldapple.ru/19000473387-perceive,,,,,,
https://goldapple.ru/19000440615-1-visnevyj-muss,,,,,,
https://goldapple.ru/19760302851-fleur-de-sable,,,,,,
https://goldapple.ru/19000343519-citrinitas-oud-incence,,,,,,
https://goldapple.ru/19000454028-bazilik-tomatnyj-list-citrus,,,,,,
https://goldapple.ru/99000107363-segreti-divini-3,,,,,,
https://goldapple.ru/99000038160-aroma-happy-aquatic-freshness,,,,,,
https://goldapple.ru/19000374369-tuberoza-i-pudra,,,,,,
https://goldapple.ru/19000413534-cherry-passion,,,,,,
https://goldapple.ru/19000314015-no1,,,,,,
https://goldapple.ru/19000321483-home-joyful-atmosphere,,,,,,
https://goldapple.ru/19000454048-ablocnyj-pirog-korica-kedr,,,,,,
https://goldapple.ru/19000097055-coup-d-avance,,,,,,
https://goldapple.ru/19000118613-teal,,,,,,
https://goldapple.ru/99000127609-tabak-i-vanil-cernika-i-mata,,,,,,
https://goldapple.ru/19000406805-amberwood-vanilla-davana,,,,,,
https://goldapple.ru/19000122335-wedding-dress,,,,,,
https://goldapple.ru/19000288004-java-haze,,,,,,
https://goldapple.ru/19000047815-born-in-roma-coral-fantasy-uomo,,,,,,
https://goldapple.ru/19000322189-charming-sweet,,,,,,
https://goldapple.ru/99000106738-californian-white-sage,,,,,,
https://goldapple.ru/19000193667-verte-envolee-eau-de-parfum-verte-envolee,,,,,,
https://goldapple.ru/19000107886-aqua-allegoria-bergamote-calabria,,,,,,
https://goldapple.ru/99000005276-red-l,,,,,,
https://goldapple.ru/19000440536-17-rozovyj-perec-i-limonnoe-derevo,,,,,,
https://goldapple.ru/19000441683-santorini,,,,,,
https://goldapple.ru/19000192249-black-diamond,,,,,,
https://goldapple.ru/19000009155-matte-candle-sonia,,,,,,
https://goldapple.ru/19000009154-matte-candle-alexandra,,,,,,
https://goldapple.ru/19000145176-les-fleurs-sunny-magnolia,,,,,,
https://goldapple.ru/19000120828-quando-rapita-in-estasi,,,,,,
https://goldapple.ru/19000062903-f022,,,,,,
https://goldapple.ru/19000241525-vitias,,,,,,
https://goldapple.ru/7280200003-tresor,,,,,,
https://goldapple.ru/99000079975-parfume,,,,,,
https://goldapple.ru/19000321540-foglie-di-fico,,,,,,
https://goldapple.ru/19000234924-africa,,,,,,
https://goldapple.ru/19000485978-vetiver,,,,,,
https://goldapple.ru/99000051461-jealousy,,,,,,
https://goldapple.ru/99000078234-grapefruit-mint,,,,,,
https://goldapple.ru/19000097763-lemon-curd-chez-maman,,,,,,
https://goldapple.ru/19000088390-laguna,,,,,,
https://goldapple.ru/19000009183-incense-cora,,,,,,
https://goldapple.ru/19000343447-my-moments-forever-friends,,,,,,
https://goldapple.ru/26802200003-globe-trotter-gold-edition,,,,,,
https://goldapple.ru/19000139076-evening,,,,,,
https://goldapple.ru/19000327399-dla-dev,,,,,,
https://goldapple.ru/19000295846-italian-cypress-seryj,,,,,,
https://goldapple.ru/19000044122-marakuja-slivki,,,,,,
https://goldapple.ru/99000042995-francuzskaa-vypecka,,,,,,
https://goldapple.ru/19000306098-vanil-i-muskus,,,,,,
https://goldapple.ru/99000147333-sela-belosneznyj-hlopok,,,,,,
https://goldapple.ru/19000428733-pour-homme,,,,,,
https://goldapple.ru/99000018535-mirra-boby-tonka-i-mindal,,,,,,
https://goldapple.ru/99000082826-papirus-i-zasmin,,,,,,
https://goldapple.ru/19000378143-montana,,,,,,
https://goldapple.ru/19000327408-dla-vodoleev,,,,,,
https://goldapple.ru/19000312140-spicy-clementine,,,,,,
https://goldapple.ru/27381300001-jtc-40-knots,,,,,,
https://goldapple.ru/19000451219-no10-16,,,,,,
https://goldapple.ru/19000439061-iconiq-gold,,,,,,
https://goldapple.ru/19000249523-ayom,,,,,,
https://goldapple.ru/19000279943-la-belle-paradise-garden,,,,,,
https://goldapple.ru/19000048453-pour-homme,,,,,,
https://goldapple.ru/19000427061-encoder-key,,,,,,
https://goldapple.ru/7192400010-eau-sauvage,,,,,,
https://goldapple.ru/19000166825-j-adoube,,,,,,
https://goldapple.ru/19000451166-no13-31,,,,,,
https://goldapple.ru/19000212688-equilibrio,,,,,,
https://goldapple.ru/99000150162-mino-bunny-spotted-sweet-gingerbread,,,,,,
https://goldapple.ru/19000246332-manhattan,,,,,,
https://goldapple.ru/99000115274-mint-moon,,,,,,
https://goldapple.ru/83080100004-wind-heat,,,,,,
https://goldapple.ru/19000285465-le-parisien-eiffel-paris,,,,,,
https://goldapple.ru/19000427075-car-devica,,,,,,
https://goldapple.ru/19000320030-holy-neroli,,,,,,
https://goldapple.ru/19000428868-ylang-ylang-comprehensive-care-and-aromatherapy,,,,,,
https://goldapple.ru/19000059338-xj-1861-decas,,,,,,
https://goldapple.ru/19000257139-surfer,,,,,,
https://goldapple.ru/99000011140-cernicnyj-cizkejk,,,,,,
https://goldapple.ru/19000246025-jour-8,,,,,,
https://goldapple.ru/19000492013-tom-tailor-modern-spirit,,,,,,
https://goldapple.ru/99000061948-caucasian-legends,,,,,,
https://goldapple.ru/19000120335-evoke-him-silver-edition,,,,,,
https://goldapple.ru/19000096269-pepper-bergamot,,,,,,
https://goldapple.ru/83690100016-hundred-silent-ways,,,,,,
https://goldapple.ru/19000048469-elfe-d-argent,,,,,,
https://goldapple.ru/19000192479-pink-breeze,,,,,,
https://goldapple.ru/19000428964-black-tea,,,,,,
https://goldapple.ru/82082500001-moroccan-leather,,,,,,
https://goldapple.ru/19000121288-sunrise,,,,,,
https://goldapple.ru/19000392878-hey-sexy,,,,,,
https://goldapple.ru/19000011563-atelier-versace-safran-royal,,,,,,
https://goldapple.ru/26730500002-rose-noir,,,,,,
https://goldapple.ru/19000301350-black-pepper,,,,,,
https://goldapple.ru/19000045151-reed-diffuser-lavender,,,,,,
https://goldapple.ru/19000413537-flight-mode,,,,,,
https://goldapple.ru/7150200001-happy-for-men-cologne-spray,,,,,,
https://goldapple.ru/19000296908-intense,,,,,,
https://goldapple.ru/99000042015-cannabis,,,,,,
https://goldapple.ru/19000191523-no-10-desir-du-coeur-elixir-de-parfum,,,,,,
https://goldapple.ru/19000285707-osmanthus,,,,,,
https://goldapple.ru/19000121303-rose,,,,,,
https://goldapple.ru/19000208736-aqua-universalis,,,,,,
https://goldapple.ru/26165500001-pure-gold,,,,,,
https://goldapple.ru/83080100003-golden-powder,,,,,,
https://goldapple.ru/99000024247-unisex-orange,,,,,,
https://goldapple.ru/99000090083-sobranie-17,,,,,,
https://goldapple.ru/19000044125-paculi-zasmin,,,,,,
https://goldapple.ru/99000038641-zapah-cistoty,,,,,,
https://goldapple.ru/26070100028-vetiver,,,,,,
https://goldapple.ru/19000013007-red-198c,,,,,,
https://goldapple.ru/80390100011-zen,,,,,,
https://goldapple.ru/19000402032-secret-side,,,,,,
https://goldapple.ru/19000222197-flirt-infini,,,,,,
https://goldapple.ru/19000097793-black-currant,,,,,,
https://goldapple.ru/19000325755-will-you-marry-me,,,,,,
https://goldapple.ru/7150200010-happy-for-men-body-and-hair-wash,,,,,,
https://goldapple.ru/19000475506-eau-d-ombre-leather,,,,,,
https://goldapple.ru/19000245147-pink-woods,,,,,,
https://goldapple.ru/19000227974-fruit-boom,,,,,,
https://goldapple.ru/19000210905-fleur-de-pecher,,,,,,
https://goldapple.ru/19000405995-tobacco-spicy,,,,,,
https://goldapple.ru/19000118622-verbena,,,,,,
https://goldapple.ru/19000213944-green-field,,,,,,
https://goldapple.ru/19000182874-my-first-one-brussels,,,,,,
https://goldapple.ru/26480200010-sochi-onyx,,,,,,
https://goldapple.ru/19000154036-vanilla-gingert,,,,,,
https://goldapple.ru/19000375475-aextra,,,,,,
https://goldapple.ru/19000343695-your-choice-joy,,,,,,
https://goldapple.ru/19000506391-united-colors-of-benetton-we-are-tribe-elixir,,,,,,
https://goldapple.ru/19000413513-flight-mode,,,,,,
https://goldapple.ru/19000381381-fall,,,,,,
https://goldapple.ru/19000493708-lattafa-kashan,,,,,,
https://goldapple.ru/19000433003-discovery-set,,,,,,
https://goldapple.ru/19000453198-balle-dargent-concentre,,,,,,
https://goldapple.ru/19000120779-autoportrait,,,,,,
https://goldapple.ru/19000312166-wildflowers-tea,,,,,,
https://goldapple.ru/99000075786-lemon-greens,,,,,,
https://goldapple.ru/99000028565-sandalwood-patchouli,,,,,,
https://goldapple.ru/19000449456-shalimar-de-guerlain-paris-lessence,,,,,,
https://goldapple.ru/19000348474-1472,,,,,,
https://goldapple.ru/19000180346-grapefruit-basil-petitgrain,,,,,,
https://goldapple.ru/19760307689-mademoiselle-desir,,,,,,
https://goldapple.ru/19000136715-fontainebleau,,,,,,
https://goldapple.ru/19000321544-nero-divino,,,,,,
https://goldapple.ru/99000150157-mino-adele-spring-pistachio-dessert,,,,,,
https://goldapple.ru/99000132036-mimosa,,,,,,
https://goldapple.ru/19000107435-reve-lotus,,,,,,
https://goldapple.ru/19000235353-esprit,,,,,,
https://goldapple.ru/19000454826-vibes-power-zone,,,,,,
https://goldapple.ru/19000473392-today-tommorow-always,,,,,,
https://goldapple.ru/19760332192-morning-chess,,,,,,
https://goldapple.ru/19000118667-velluto,,,,,,
https://goldapple.ru/19000450792-memory-motel,,,,,,
https://goldapple.ru/19000179905-basil,,,,,,
https://goldapple.ru/19000360054-pine-and-tobacco,,,,,,
https://goldapple.ru/99000018410-fragrance-mix-1,,,,,,
https://goldapple.ru/19000440554-16-bambukovaa-rosa,,,,,,
https://goldapple.ru/19000374405-svezij-hlopok,,,,,,
https://goldapple.ru/83730100007-sahara-blue,,,,,,
https://goldapple.ru/19000324264-aromatnyj-glintvejn,,,,,,
https://goldapple.ru/19000345271-eulalia,,,,,,
https://goldapple.ru/19000485519-lemongrass-aloysia,,,,,,
https://goldapple.ru/19000396678-racer,,,,,,
https://goldapple.ru/19000128461-lost-paradise-summer-vibes,,,,,,
https://goldapple.ru/19000422063-l-eau-pure,,,,,,
https://goldapple.ru/19000348882-notte,,,,,,
https://goldapple.ru/99000061041-uslada,,,,,,
https://goldapple.ru/19000360657-great-lord,,,,,,
https://goldapple.ru/19000172792-love-don-t-be-shy,,,,,,
https://goldapple.ru/19000144650-perfume-pure-charming-shampoo,,,,,,
https://goldapple.ru/19000107889-aqua-allegoria-granada-salvia,,,,,,
https://goldapple.ru/19000155387-blooming-cotton,,,,,,
https://goldapple.ru/19000413550-paradoxical,,,,,,
https://goldapple.ru/19000062918-h003,,,,,,
https://goldapple.ru/19000133193-spiced-tobacco,,,,,,
https://goldapple.ru/99000077489-no3-simulakr,,,,,,
https://goldapple.ru/19000118756-grecale,,,,,,
https://goldapple.ru/99000038145-vanilla-gourmet,,,,,,
https://goldapple.ru/19000314021-no6,,,,,,
https://goldapple.ru/19000266617-boss,,,,,,
https://goldapple.ru/19000383957-mystique,,,,,,
https://goldapple.ru/82082200001-russian-leather,,,,,,
https://goldapple.ru/19000322883-tobacco-vetiver,,,,,,
https://goldapple.ru/19000469390-anastasia,,,,,,
https://goldapple.ru/99000057419-girls-just-wanna-have-fun,,,,,,
https://goldapple.ru/19000093684-musk-butterfly,,,,,,
https://goldapple.ru/99000107069-tobacco-vanilla,,,,,,
https://goldapple.ru/19000189632-date-in-paris,,,,,,
https://goldapple.ru/19000297751-sandalovoe-derevo,,,,,,
https://goldapple.ru/19760310041-voluptuous-seduction,,,,,,
https://goldapple.ru/19000122375-purple-mantra,,,,,,
https://goldapple.ru/19000438925-visna,,,,,,
https://goldapple.ru/19000202644-aroma-diffuser,,,,,,
https://goldapple.ru/19000442220-the-woods-collection-pure-shine,,,,,,
https://goldapple.ru/19000218264-apricot-garden,,,,,,
https://goldapple.ru/19000259552-parisian-oud,,,,,,
https://goldapple.ru/19000402545-rose-diamant,,,,,,
https://goldapple.ru/99000075705-black-sea,,,,,,
https://goldapple.ru/19000451570-pafrumernaa-voda-flowers-bouquet,,,,,,
https://goldapple.ru/19000182815-my-first-platinum,,,,,,
https://goldapple.ru/19000432374-luxury-amber,,,,,,
https://goldapple.ru/19000107388-l-interdit,,,,,,
https://goldapple.ru/19000208559-pink-pepper-elemi-cinnamon-leather,,,,,,
https://goldapple.ru/19000493780-hi-dear-vanilla-pink-pepper,,,,,,
https://goldapple.ru/26044400002-aqua-motu-intense,,,,,,
https://goldapple.ru/19760334959-j-adore-infinissim-eau-de-parfum-roller-pearl,,,,,,
https://goldapple.ru/19000301357-magic-in-the-air,,,,,,
https://goldapple.ru/19000494169-emper-aruba-gold,,,,,,
https://goldapple.ru/26730400007-gypsy-water,,,,,,
https://goldapple.ru/19000499323-love-is-cherry-kiss,,,,,,
https://goldapple.ru/26774000001-black-gold,,,,,,
https://goldapple.ru/19000222806-riviera-verbena,,,,,,
https://goldapple.ru/19000386291-savon-parfume-papavero-set,,,,,,
https://goldapple.ru/99000098660-peau-d-ailleurs,,,,,,
https://goldapple.ru/19000333819-sense-of-warmness,,,,,,
https://goldapple.ru/19000090586-nobility,,,,,,
https://goldapple.ru/81420100003-shakira,,,,,,
https://goldapple.ru/99000058899-verveine-d-ete,,,,,,
https://goldapple.ru/19000064860-mademoiselle-private-collection-15,,,,,,
https://goldapple.ru/99000078023-cashmere,,,,,,
https://goldapple.ru/19000034441-casa-futura,,,,,,
https://goldapple.ru/19000033771-sauvage-after-shave-balm,,,,,,
https://goldapple.ru/99000037905-carolina-medium,,,,,,
https://goldapple.ru/19000459394-aromat-molnij,,,,,,
https://goldapple.ru/99000033358-vetiver-cardamon,,,,,,
https://goldapple.ru/99000015600-black-cherry-sandal-wood,,,,,,
https://goldapple.ru/19000122320-molly,,,,,,
https://goldapple.ru/19000347963-topless,,,,,,
https://goldapple.ru/19000365479-instinct,,,,,,
https://goldapple.ru/19000097047-parfum-8,,,,,,
https://goldapple.ru/99000137766-bea-s-m214,,,,,,
https://goldapple.ru/26040200026-vanille-extreme,,,,,,
https://goldapple.ru/19000234844-glint-wine,,,,,,
https://goldapple.ru/80117300002-everyone,,,,,,
https://goldapple.ru/19000463950-etno,,,,,,
https://goldapple.ru/19000239103-cedre-no41,,,,,,
https://goldapple.ru/19000172675-parfum-extra-13,,,,,,
https://goldapple.ru/19000439601-for-her-intense,,,,,,
https://goldapple.ru/99000109032-tobacco-vanille,,,,,,
https://goldapple.ru/19000434155-la-niche-fleur-symphony,,,,,,
https://goldapple.ru/19000239618-no3,,,,,,
https://goldapple.ru/99000010168-bianca,,,,,,
https://goldapple.ru/19000211149-esencia,,,,,,
https://goldapple.ru/19000308569-sweet-life,,,,,,
https://goldapple.ru/19000463939-tune-of-love,,,,,,
https://goldapple.ru/19000377065-pour-femme,,,,,,
https://goldapple.ru/19000125193-fabulous-yuzu,,,,,,
https://goldapple.ru/19000062891-f008,,,,,,
https://goldapple.ru/19000194068-white-carnation,,,,,,
https://goldapple.ru/19000257674-shamal,,,,,,
https://goldapple.ru/19000422575-light-blue-new,,,,,,
https://goldapple.ru/19000133633-black,,,,,,
https://goldapple.ru/19000360047-tobacco-and-cherry,,,,,,
https://goldapple.ru/99000052889-good-morning,,,,,,
https://goldapple.ru/99000059919-grapefruit-pepper,,,,,,
https://goldapple.ru/19000470770-black-pepper-amber-neroli,,,,,,
https://goldapple.ru/99000099730-insieme,,,,,,
https://goldapple.ru/19000446853-femme,,,,,,
https://goldapple.ru/99000038139-precious-jasmine,,,,,,
https://goldapple.ru/19000447555-l-interdit-parfum,,,,,,
https://goldapple.ru/19000259878-rio-nights,,,,,,
https://goldapple.ru/19000450801-sun-bleached,,,,,,
https://goldapple.ru/19000454040-cabrec-kitajskaa-mata-zelenyj-list,,,,,,
https://goldapple.ru/19000455580-musc-blanc,,,,,,
https://goldapple.ru/19000131324-oudwood-journey,,,,,,
https://goldapple.ru/19000403343-grib-zontik,,,,,,
https://goldapple.ru/19000440551-13-citrus-uzu,,,,,,
https://goldapple.ru/90150300010-orange-jasmine-vanilla,,,,,,
https://goldapple.ru/19000378830-cedarwood-absinth,,,,,,
https://goldapple.ru/19000096265-pure-cotton,,,,,,
https://goldapple.ru/99000081994-roza-i-pion,,,,,,
https://goldapple.ru/19000010701-les-eaux-d-un-instant-profound-orange-wood,,,,,,
https://goldapple.ru/19000349588-l-anonyme,,,,,,
https://goldapple.ru/19000175189-rose-tonnerre,,,,,,
https://goldapple.ru/19760314278-cedarwood-sandalwood-amber-patchouli,,,,,,
https://goldapple.ru/99000132027-cerulean,,,,,,
https://goldapple.ru/19000120830-epicentro,,,,,,
https://goldapple.ru/19000493495-senso-terapia-aura,,,,,,
https://goldapple.ru/99000044207-neroli-blossom-cedarwood,,,,,,
https://goldapple.ru/19000259387-bois-de-sauge-eau-de-toilette,,,,,,
https://goldapple.ru/19000451147-no13-12,,,,,,
https://goldapple.ru/19000268032-28-white-oak,,,,,,
https://goldapple.ru/19000131198-noir-extreme,,,,,,
https://goldapple.ru/99000081990-pure-bliss,,,,,,
https://goldapple.ru/19000451146-no13-11,,,,,,
https://goldapple.ru/19000209556-belyj-budda,,,,,,
https://goldapple.ru/19000084094-cedar-sandalwood-amber-patchouli,,,,,,
https://goldapple.ru/19000341737-eau-du-soir,,,,,,
https://goldapple.ru/19000301391-blackberry-nights,,,,,,
https://goldapple.ru/19000296590-masala-belyj-mudrec,,,,,,
https://goldapple.ru/19000006050-bad-boy-le-parfum,,,,,,
https://goldapple.ru/99000023381-zakat-na-beregu-mora,,,,,,
https://goldapple.ru/19000342026-hundred-silent-ways-x,,,,,,
https://goldapple.ru/19000120351-santal-wood,,,,,,
https://goldapple.ru/19000473388-today,,,,,,
https://goldapple.ru/99000087313-syr,,,,,,
https://goldapple.ru/19000275552-leather-malaki,,,,,,
https://goldapple.ru/19000235935-guidance,,,,,,
https://goldapple.ru/26370700013-tuscan-leather,,,,,,
https://goldapple.ru/19000232735-new-blue,,,,,,
https://goldapple.ru/19000148542-lemongrass,,,,,,
https://goldapple.ru/19000464868-grand-soir,,,,,,
https://goldapple.ru/19000239621-no6,,,,,,
https://goldapple.ru/19000383230-h-alena-lavrent-eva-no-10,,,,,,
https://goldapple.ru/19000348314-palo-santo,,,,,,
https://goldapple.ru/19000400759-currant-leaf-amber,,,,,,
https://goldapple.ru/19000143292-magnolia-majestueux,,,,,,
https://goldapple.ru/19000227753-cedar-and-saffron,,,,,,
https://goldapple.ru/99000115602-mystery,,,,,,
https://goldapple.ru/7682200006-ange-ou-demon,,,,,,
https://goldapple.ru/99000157120-maag-vanilla,,,,,,
https://goldapple.ru/99000046183-fleur-power,,,,,,
https://goldapple.ru/19000234802-tobacco-vanilla,,,,,,
https://goldapple.ru/19000268040-magnolia,,,,,,
https://goldapple.ru/19000427065-perpetuum,,,,,,
https://goldapple.ru/19000440623-15-sandalovoe-derevo,,,,,,
https://goldapple.ru/19000347960-will-you-marry-me,,,,,,
https://goldapple.ru/99000080870-citrus-berry-tart,,,,,,
https://goldapple.ru/19000406580-bold-instinct,,,,,,
https://goldapple.ru/19000479758-neydo-special-edition-16-11-belles-lettres,,,,,,
https://goldapple.ru/19000312167-blackberry-nights,,,,,,
https://goldapple.ru/19000283183-bois-imperial,,,,,,
https://goldapple.ru/99000018412-fragrance-mix-3,,,,,,
https://goldapple.ru/99000147561-parfumeria-xxi-veka-chromosome-legacy,,,,,,
https://goldapple.ru/83670200004-l-ame-slave,,,,,,
https://goldapple.ru/81961700002-private-collection-e-green-fougere,,,,,,
https://goldapple.ru/19000396234-radical-rose,,,,,,
https://goldapple.ru/99000037817-cherry-blossom,,,,,,
https://goldapple.ru/19000241526-tierra,,,,,,
https://goldapple.ru/19000420287-flower-kenzo-cherry-poppy,,,,,,
https://goldapple.ru/19000097061-victoire-de-la-diplomatie,,,,,,
https://goldapple.ru/19000088226-matsu-sunshine,,,,,,
https://goldapple.ru/19000189143-rose-peony,,,,,,
https://goldapple.ru/19000406041-purity,,,,,,
https://goldapple.ru/19000303260-tobacco-mandarin,,,,,,
https://goldapple.ru/99000005129-royale,,,,,,
https://goldapple.ru/19000140839-buttered-bread,,,,,,
https://goldapple.ru/19000321530-speziato-fiorentino,,,,,,
https://goldapple.ru/19000267974-limoncello-on-my-mind,,,,,,
https://goldapple.ru/19000192227-aastha,,,,,,
https://goldapple.ru/99000123159-luxury-stones,,,,,,
https://goldapple.ru/19000469393-sansa,,,,,,
https://goldapple.ru/99000107253-virginia-cedarwood,,,,,,
https://goldapple.ru/19760301722-orange-jasmine-vanilla,,,,,,
https://goldapple.ru/19000139063-sunrise,,,,,,
https://goldapple.ru/19000227860-lemongrass,,,,,,
https://goldapple.ru/99000123024-carousel-silver,,,,,,
https://goldapple.ru/19000424488-gourmet-strawberry-parfait,,,,,,
https://goldapple.ru/19000311744-cernyj-perec-neroli-i-ambra,,,,,,
https://goldapple.ru/19000349387-aristocrat-coastal-prestige,,,,,,
https://goldapple.ru/19000001899-pineapple-and-coconut,,,,,,
https://goldapple.ru/19000064849-gentleman-private-collection-11,,,,,,
https://goldapple.ru/26774400001-coco-vanille,,,,,,
https://goldapple.ru/19760332273-costa-azzurra,,,,,,
https://goldapple.ru/19000388644-dragocennaa-ambra,,,,,,
https://goldapple.ru/7430600003-bright-crystal,,,,,,
https://goldapple.ru/19000391343-vanilla-wood,,,,,,
https://goldapple.ru/19000306784-ville-lumiere,,,,,,
https://goldapple.ru/99000131660-spicy-leather-cardamon,,,,,,
https://goldapple.ru/19000062952-p022,,,,,,
https://goldapple.ru/19000476945-loewe-un-paseo-por-madrid-dore,,,,,,
https://goldapple.ru/19000408034-lost,,,,,,
https://goldapple.ru/19000294191-flower-intrigue,,,,,,
https://goldapple.ru/19000200476-orange-oakmoss,,,,,,
https://goldapple.ru/19000077502-marula,,,,,,
https://goldapple.ru/19000096279-pure-cotton,,,,,,
https://goldapple.ru/19000088235-mat-stone,,,,,,
https://goldapple.ru/99000112240-vecnoe-leto,,,,,,
https://goldapple.ru/26175600002-vanilla-cake,,,,,,
https://goldapple.ru/99000034977-eternally-yours,,,,,,
https://goldapple.ru/19000293766-vetiver-i-muskat,,,,,,
https://goldapple.ru/19000398306-in-black,,,,,,
https://goldapple.ru/26723600018-playing-with-the-devil,,,,,,
https://goldapple.ru/19000094655-amore,,,,,,
https://goldapple.ru/26771000001-roses-greedy,,,,,,
https://goldapple.ru/19000067249-sea-notes-grapefruit,,,,,,
https://goldapple.ru/19000300639-man-x,,,,,,
https://goldapple.ru/99000092908-frosted-mineral-bouquet-blue-seduction,,,,,,
https://goldapple.ru/19000437941-formula-06-violet-flow,,,,,,
https://goldapple.ru/99000067489-sandalwood,,,,,,
https://goldapple.ru/19000474732-classic-peony,,,,,,
https://goldapple.ru/19000375480-supaer,,,,,,
https://goldapple.ru/19000432172-decor-limited-roman-garden,,,,,,
https://goldapple.ru/19000430195-03-milky-silk,,,,,,
https://goldapple.ru/19000455016-pure-cannabis,,,,,,
https://goldapple.ru/19000264800-magnolia-i-bazilik,,,,,,
https://goldapple.ru/99000038142-virginia-cedarwood,,,,,,
https://goldapple.ru/99000150132-mino-less-mignonette-sandalwood-and-coconut,,,,,,
https://goldapple.ru/19000166868-sexy-sensitive,,,,,,
https://goldapple.ru/19000394562-no1,,,,,,
https://goldapple.ru/19000470410-crystal-emerald,,,,,,
https://goldapple.ru/19000321499-fiore-luxury-collection,,,,,,
https://goldapple.ru/19000206587-citrus-splash,,,,,,
https://goldapple.ru/19000192668-synergy,,,,,,
https://goldapple.ru/19000127067-change-the-flow,,,,,,
https://goldapple.ru/99000079863-night-in-dubai,,,,,,
https://goldapple.ru/19000454173-the-only-one-intense,,,,,,
https://goldapple.ru/19000190305-burned-wood,,,,,,
https://goldapple.ru/19000398340-apple-lotus,,,,,,
https://goldapple.ru/19000321527-polvere-d-iris,,,,,,
https://goldapple.ru/99000089205-patchouly-caramel,,,,,,
https://goldapple.ru/19000125254-b683,,,,,,
https://goldapple.ru/19000374380-persik-i-grejpfrut,,,,,,
https://goldapple.ru/19000429234-awake-wake-me-up,,,,,,
https://goldapple.ru/99000127526-zimnij-vecer,,,,,,
https://goldapple.ru/19000211013-scandal-pour-homme-le-parfum,,,,,,
https://goldapple.ru/99000024890-tabak-drevesina-vanil,,,,,,
https://goldapple.ru/19000239638-maison-cherry-absolute,,,,,,
https://goldapple.ru/26375600002-beau-de-jour,,,,,,
https://goldapple.ru/19000011053-daisy-eau-so-intense,,,,,,
https://goldapple.ru/99000132558-shea-butter-monoi-blossom,,,,,,
https://goldapple.ru/19000344549-guercino,,,,,,
https://goldapple.ru/19000192224-natural,,,,,,
https://goldapple.ru/83730200006-royal,,,,,,
https://goldapple.ru/19000310351-frezia-i-siren,,,,,,
https://goldapple.ru/7754900002-mon-guerlain-intense,,,,,,
https://goldapple.ru/99000040455-massimo-no87,,,,,,
https://goldapple.ru/19000179920-no39,,,,,,
https://goldapple.ru/19000451204-no20-10,,,,,,
https://goldapple.ru/19000051086-raindrops,,,,,,
https://goldapple.ru/19000196063-rosso-perverso,,,,,,
https://goldapple.ru/99000107229-pink-sand,,,,,,
https://goldapple.ru/19000450651-brezza-di-mare,,,,,,
https://goldapple.ru/7280400006-magie-noire,,,,,,
https://goldapple.ru/19000186471-green-crush,,,,,,
https://goldapple.ru/99000028279-tropicana-mix,,,,,,
https://goldapple.ru/19000149083-magnolia-bloom,,,,,,
https://goldapple.ru/19000232222-patchouli-mania,,,,,,
https://goldapple.ru/99000081628-temnaa-ambra-i-vetiver,,,,,,
https://goldapple.ru/19000155321-fragrant-melon,,,,,,
https://goldapple.ru/19000023181-made-for-men,,,,,,
https://goldapple.ru/99000056816-flawsome,,,,,,
https://goldapple.ru/19000035788-for-him-bleu-noir-parfum,,,,,,
https://goldapple.ru/99000071797-venok-fei,,,,,,
https://goldapple.ru/24331600018-sheikha,,,,,,
https://goldapple.ru/19000234932-garden-mint,,,,,,
https://goldapple.ru/19000292525-no02-mysterious-sandalwood,,,,,,
https://goldapple.ru/19000472604-on-the-rainbow,,,,,,
https://goldapple.ru/19000277232-sandalwood-essence,,,,,,
https://goldapple.ru/19000125357-seven,,,,,,
https://goldapple.ru/19000126988-the-revenge-of-lady-blanche,,,,,,
https://goldapple.ru/99000063407-pleasure,,,,,,
https://goldapple.ru/19000449955-l-acqua-vitae,,,,,,
https://goldapple.ru/19760305891-body-paint,,,,,,
https://goldapple.ru/19000306919-isfarkand,,,,,,
https://goldapple.ru/19000473365-attraction-for-her-purse,,,,,,
https://goldapple.ru/19000357691-nigth-kiss,,,,,,
https://goldapple.ru/19760336396-juicy-flowers,,,,,,
https://goldapple.ru/19000203312-gaudium,,,,,,
https://goldapple.ru/19000321518-ceresia,,,,,,
https://goldapple.ru/19000269546-epic-56,,,,,,
https://goldapple.ru/19000399045-miami-shake,,,,,,
https://goldapple.ru/19000125044-the-bewitching-yasmine,,,,,,
https://goldapple.ru/19000220509-queening,,,,,,
https://goldapple.ru/19000147641-vesper-glitz,,,,,,
https://goldapple.ru/19000438921-cernyj-perec,,,,,,
https://goldapple.ru/19000043228-homme,,,,,,
https://goldapple.ru/19000168003-svezest,,,,,,
https://goldapple.ru/19000321435-fiore-luxury-collection,,,,,,
https://goldapple.ru/19000453078-aroma-de-acqua,,,,,,
https://goldapple.ru/99000073195-anglijskaa-grusa-i-frezia,,,,,,
https://goldapple.ru/90150100009-vetiver-lemon-bergamot,,,,,,
https://goldapple.ru/19000015905-mikado-red-fruits,,,,,,
https://goldapple.ru/19000412482-style,,,,,,
https://goldapple.ru/19000328558-almas,,,,,,
https://goldapple.ru/99000107272-lady-flower,,,,,,
https://goldapple.ru/19000440549-9-lavanda,,,,,,
https://goldapple.ru/99000046181-mango,,,,,,
https://goldapple.ru/19000470801-kirke-overdose,,,,,,
https://goldapple.ru/99000037367-summer-days,,,,,,
https://goldapple.ru/99000037114-winter-joy,,,,,,
https://goldapple.ru/99000076361-kasemir,,,,,,
https://goldapple.ru/19000061971-red-grapes,,,,,,
https://goldapple.ru/19000408967-ondes-positives-concentrated,,,,,,
https://goldapple.ru/19000280258-vanilla-swirl,,,,,,
https://goldapple.ru/99000023155-child-of-nature,,,,,,
https://goldapple.ru/99000054824-amazing-ecstasy,,,,,,
https://goldapple.ru/19000499614-marina-de-bourbon-majestic-style,,,,,,
https://goldapple.ru/19000273264-eternity-intense,,,,,,
https://goldapple.ru/99000034272-oro-nero,,,,,,
https://goldapple.ru/19000196736-good-neighbour,,,,,,
https://goldapple.ru/99000037727-carolina,,,,,,
https://goldapple.ru/99000036249-fico-settembrino,,,,,,
https://goldapple.ru/19000494184-emper-hadia,,,,,,
https://goldapple.ru/99000010148-paolo,,,,,,
https://goldapple.ru/19000308587-xchange-unlimited,,,,,,
https://goldapple.ru/19000120339-amber-musc,,,,,,
https://goldapple.ru/19000345830-euphoria,,,,,,
https://goldapple.ru/19000015647-cafe-soceity-perfune-gun,,,,,,
https://goldapple.ru/82820200013-layton,,,,,,
https://goldapple.ru/19000347959-habibi,,,,,,
https://goldapple.ru/19000001901-mango,,,,,,
https://goldapple.ru/99000038135-wilderness,,,,,,
https://goldapple.ru/99000056811-sisu,,,,,,
https://goldapple.ru/19000321549-rose-oud,,,,,,
https://goldapple.ru/19000382671-naked-laundry,,,,,,
https://goldapple.ru/19000429281-cotton,,,,,,
https://goldapple.ru/19000062931-h017,,,,,,
https://goldapple.ru/19000470692-lime-ginger,,,,,,
https://goldapple.ru/99000051564-relaxing,,,,,,
https://goldapple.ru/19000312141-pamplorose,,,,,,
https://goldapple.ru/99000081861-france-september-2018,,,,,,
https://goldapple.ru/99000147112-sela-zolotistyj-damask,,,,,,
https://goldapple.ru/99000093085-no61-eden,,,,,,
https://goldapple.ru/19000311842-acqua-nobile,,,,,,
https://goldapple.ru/19000084286-jasmin-patchouli,,,,,,
https://goldapple.ru/19000033267-morning-star,,,,,,
https://goldapple.ru/19000438917-visna,,,,,,
https://goldapple.ru/7150900002-happy-heart,,,,,,
https://goldapple.ru/19000295727-extra-nutrition-and-recovery,,,,,,
https://goldapple.ru/19000308573-blue-royal,,,,,,
https://goldapple.ru/19000173525-dark-amber,,,,,,
https://goldapple.ru/19000048463-bonheur-pour-homme,,,,,,
https://goldapple.ru/19000131329-rooftop-bar,,,,,,
https://goldapple.ru/19000326809-flanders,,,,,,
https://goldapple.ru/83670200002-butterfly-mind,,,,,,
https://goldapple.ru/19000230980-flame,,,,,,
https://goldapple.ru/19000139087-evening-by-the-fireplace,,,,,,
https://goldapple.ru/19000175810-vibrant-woody-mandarin,,,,,,
https://goldapple.ru/19000201678-desert-island,,,,,,
https://goldapple.ru/19000357456-majeste-brute,,,,,,
https://goldapple.ru/19000386276-savon-parfume-oliva-toscana,,,,,,
https://goldapple.ru/19000039541-santorini-white-edition,,,,,,
https://goldapple.ru/99000128652-bouquet-frosted-mandarin,,,,,,
https://goldapple.ru/19000434848-diona,,,,,,
https://goldapple.ru/19000493773-hi-dear-sage-sandalwood,,,,,,
https://goldapple.ru/19000215864-sea-oud,,,,,,
https://goldapple.ru/7181300003-212vip-club,,,,,,
https://goldapple.ru/99000025728-voshod,,,,,,
https://goldapple.ru/99000045016-kas,,,,,,
https://goldapple.ru/99000010169-quentin-03,,,,,,
https://goldapple.ru/19000344113-lucky-one,,,,,,
https://goldapple.ru/19000210126-pink-pepper-elemi-cinnamon-leather,,,,,,
https://goldapple.ru/7180100007-212,,,,,,
https://goldapple.ru/19000325131-limone-del-golfo,,,,,,
https://goldapple.ru/19000164618-oud-orange-intense,,,,,,
https://goldapple.ru/19000122366-electric-wood,,,,,,
https://goldapple.ru/19000344495-andromeda,,,,,,
https://goldapple.ru/19000398345-dark-fig,,,,,,
https://goldapple.ru/19000296755-lisicka-ohra,,,,,,
https://goldapple.ru/19000218255-tobacco-vanilla,,,,,,
https://goldapple.ru/19000092345-dirty-pineapple,,,,,,
https://goldapple.ru/19000349029-mimosa,,,,,,
https://goldapple.ru/19000424959-musk-orris-sandalwood,,,,,,
https://goldapple.ru/19000239644-maison-terre-du-oud,,,,,,
https://goldapple.ru/99000018407-fragrance-mix-4,,,,,,
https://goldapple.ru/7331000002-rumeur-2-rose,,,,,,
https://goldapple.ru/19000039514-good-girl,,,,,,
https://goldapple.ru/99000115430-hvojnyj-les,,,,,,
https://goldapple.ru/82091800003-1828-jules-verne,,,,,,
https://goldapple.ru/99000005134-flame,,,,,,
https://goldapple.ru/19000097791-basil-and-mint,,,,,,
https://goldapple.ru/19000487598-dolce-gabbana-q-intense,,,,,,
https://goldapple.ru/19000493709-lattafa-sehr,,,,,,
https://goldapple.ru/19000033774-miss-dior-eau-de-parfum,,,,,,
https://goldapple.ru/19000374442-ego-stratis,,,,,,
https://goldapple.ru/99000143066-giardino-magico-cashmere-wood-tobacco-leather,,,,,,
https://goldapple.ru/19000058270-dubai,,,,,,
https://goldapple.ru/19000072539-champs-de-provence,,,,,,
https://goldapple.ru/19000306922-sakura,,,,,,
https://goldapple.ru/19000439056-bellissima-viola,,,,,,
https://goldapple.ru/19760315721-kn-i,,,,,,
https://goldapple.ru/19000025232-the-scent-le-parfum,,,,,,
https://goldapple.ru/19000213983-coffee-liqueur,,,,,,
https://goldapple.ru/19000448663-san-francisco-blue,,,,,,
https://goldapple.ru/19000384405-albero-bianco,,,,,,
https://goldapple.ru/99000141448-peach-voyage,,,,,,
https://goldapple.ru/19000021046-noble-sandalwood,,,,,,
https://goldapple.ru/7190300005-j-adore,,,,,,
https://goldapple.ru/99000120069-nastoasij,,,,,,
https://goldapple.ru/26550200017-les-fleurs-du-dechet-i-am-trash,,,,,,
https://goldapple.ru/19000234831-bamboo,,,,,,
https://goldapple.ru/19000067223-mira,,,,,,
https://goldapple.ru/19000493891-acqua-di-parma-il-profumo-millesimato,,,,,,
https://goldapple.ru/19000398773-silky-woods,,,,,,
https://goldapple.ru/19000076276-001-woman,,,,,,
https://goldapple.ru/99000107098-l-a,,,,,,
https://goldapple.ru/26163300005-roses-musk-intense,,,,,,
https://goldapple.ru/99000147110-sela-matnoe-rami,,,,,,
https://goldapple.ru/19000210120-oakmoss-amber,,,,,,
https://goldapple.ru/19000413538-forbidden-elixir,,,,,,
https://goldapple.ru/99000075783-kombucha-guava,,,,,,
https://goldapple.ru/19000072554-mountain-air,,,,,,
https://goldapple.ru/82820100014-cassil,,,,,,
https://goldapple.ru/19000389837-pranyj-caj,,,,,,
https://goldapple.ru/19000377284-light-blue,,,,,,
https://goldapple.ru/99000128389-spanish-silk,,,,,,
https://goldapple.ru/19000396850-ombre-leather,,,,,,
https://goldapple.ru/99000023249-allegoria,,,,,,
https://goldapple.ru/99000061179-kokos-i-sandal,,,,,,
https://goldapple.ru/7200500002-the-one,,,,,,
https://goldapple.ru/19000347137-silky-woods-2024,,,,,,
https://goldapple.ru/19000234941-grey,,,,,,
https://goldapple.ru/84230100003-no3,,,,,,
https://goldapple.ru/99000085263-lavandovaa-kolibri,,,,,,
https://goldapple.ru/99000133677-vanilla,,,,,,
https://goldapple.ru/19000327876-eccentric,,,,,,
https://goldapple.ru/19000329341-estee-legacy,,,,,,
https://goldapple.ru/99000037848-fleur,,,,,,
https://goldapple.ru/19000045153-mango,,,,,,
https://goldapple.ru/19000334597-woodylicious,,,,,,
https://goldapple.ru/19000333373-my-stellar,,,,,,
https://goldapple.ru/19000172666-parfum-extra-4,,,,,,
https://goldapple.ru/19000394561-no6,,,,,,
https://goldapple.ru/99000093051-stenova-home-vanilla-sky,,,,,,
https://goldapple.ru/19000475192-citrusovyj-vzryv,,,,,,
https://goldapple.ru/19000165381-pure-pleasure-relax,,,,,,
https://goldapple.ru/19000455622-premium-status,,,,,,
https://goldapple.ru/19000221875-secret-garden,,,,,,
https://goldapple.ru/19000172112-blue-fig-santal-matte,,,,,,
https://goldapple.ru/99000010923-litsea-kubeba,,,,,,
https://goldapple.ru/19000348844-amsterdam,,,,,,
https://goldapple.ru/99000016460-goji-berry,,,,,,
https://goldapple.ru/99000096250-lavanda-gornaa,,,,,,
https://goldapple.ru/19760302818-bloody-wood,,,,,,
https://goldapple.ru/19000103283-lover-man-body-lotion,,,,,,
https://goldapple.ru/26163800002-fruits-of-the-musk,,,,,,
https://goldapple.ru/19000472422-creative-man,,,,,,
https://goldapple.ru/19000007926-risque,,,,,,
https://goldapple.ru/19000246551-bouquet-tuberose-and-jasmine,,,,,,
https://goldapple.ru/99000127964-sweet-rush,,,,,,
https://goldapple.ru/82860300001-pour-homme,,,,,,
https://goldapple.ru/99000133680-honey,,,,,,
https://goldapple.ru/19000437920-creamy-caramel-vanilla-musk-amber,,,,,,
https://goldapple.ru/83271500005-sine-die,,,,,,
https://goldapple.ru/19000256461-51,,,,,,
https://goldapple.ru/19000035654-rose-d-amalfi,,,,,,
https://goldapple.ru/19000318986-side-effect,,,,,,
https://goldapple.ru/19000131373-rendezvous,,,,,,
https://goldapple.ru/19000312145-berriessence,,,,,,
https://goldapple.ru/19000420869-seductive-cedrat,,,,,,
https://goldapple.ru/19000467324-black-vanilla,,,,,,
https://goldapple.ru/19000492962-ecolatier-verbene-lotus-bergamot,,,,,,
https://goldapple.ru/19000118701-melangrana,,,,,,
https://goldapple.ru/83490100001-moon-light,,,,,,
https://goldapple.ru/19000076277-001-woman,,,,,,
https://goldapple.ru/19000465140-vanille-tabac,,,,,,
https://goldapple.ru/19000239118-vanille-salee-no23,,,,,,
https://goldapple.ru/99000023154-sweet-dreams,,,,,,
https://goldapple.ru/99000044815-mantra,,,,,,
https://goldapple.ru/99000061037-sila-roda,,,,,,
https://goldapple.ru/19000483128-firenze,,,,,,
https://goldapple.ru/19000186236-a-fleur-de-peche,,,,,,
https://goldapple.ru/19000239111-jasmine-violette-no15,,,,,,
https://goldapple.ru/99000014964-collagen-intensivecream,,,,,,
https://goldapple.ru/19000146857-cappuccino,,,,,,
https://goldapple.ru/19000072555-vanilla-rose-m,,,,,,
https://goldapple.ru/19000314042-no9,,,,,,
https://goldapple.ru/99000048454-sex,,,,,,
https://goldapple.ru/19000383979-in-the-woods,,,,,,
https://goldapple.ru/19000374389-bakautovoe-derevo,,,,,,
https://goldapple.ru/19000067220-cora,,,,,,
https://goldapple.ru/19000141117-vanille-absolu,,,,,,
https://goldapple.ru/19000143291-love-mood,,,,,,
https://goldapple.ru/26774700001-musky-garden,,,,,,
https://goldapple.ru/19000408735-mango-tonka-beans,,,,,,
https://goldapple.ru/19000294887-mental-soul-perfumed,,,,,,
https://goldapple.ru/19000143278-au-pluriel,,,,,,
https://goldapple.ru/19000473593-mind-games-playmate,,,,,,
https://goldapple.ru/19000445871-dylan-blue,,,,,,
https://goldapple.ru/99000128285-one-and-only,,,,,,
https://goldapple.ru/19000288000-lady-mary,,,,,,
https://goldapple.ru/19000434174-bohemia-argyle-violet,,,,,,
https://goldapple.ru/19000149798-magnolia-infinita,,,,,,
https://goldapple.ru/19000406131-dia-woman,,,,,,
https://goldapple.ru/19760319886-musc-invisible,,,,,,
https://goldapple.ru/19000312571-goddess,,,,,,
https://goldapple.ru/19000322302-pink-pepper-elemi-cinnamon-leather,,,,,,
https://goldapple.ru/99000134222-holodil-nik-v-cvetocnom,,,,,,
https://goldapple.ru/99000035601-sunplosion,,,,,,
https://goldapple.ru/19000262172-k-intense,,,,,,
https://goldapple.ru/19000152220-voda,,,,,,
https://goldapple.ru/99000150160-mino-less-mignonette-cranberry-prosecco,,,,,,
https://goldapple.ru/19000304210-mango-baunti,,,,,,
https://goldapple.ru/99000156462-maag-rose-allure,,,,,,
https://goldapple.ru/80620100013-eau-de-toilette-eau-de-campagne,,,,,,
https://goldapple.ru/99000147321-sela-mangovyj-dzersi,,,,,,
https://goldapple.ru/19000294054-riviera,,,,,,
https://goldapple.ru/19000342022-fan-your-flames-x,,,,,,
https://goldapple.ru/19000125050-the-blazing-mister-sam,,,,,,
https://goldapple.ru/83810100004-shaman,,,,,,
https://goldapple.ru/19000455001-virgin-lemongrass,,,,,,
https://goldapple.ru/19000357459-alchimie-celeste,,,,,,
https://goldapple.ru/19000213877-vip,,,,,,
https://goldapple.ru/19000233625-italian-sonata,,,,,,
https://goldapple.ru/19000201893-raffaello,,,,,,
https://goldapple.ru/19000301351-blackberry-nights,,,,,,
https://goldapple.ru/99000081662-kopajba-i-samfir,,,,,,
https://goldapple.ru/19000097786-winemakers-rules-chez-maman,,,,,,
https://goldapple.ru/19000466111-color-stories-neroli,,,,,,
https://goldapple.ru/19000235941-lilac-love-woman,,,,,,
https://goldapple.ru/19000239108-fleur-de-wisteria-no16,,,,,,
https://goldapple.ru/19000408243-inspired-nature-fragrance,,,,,,
https://goldapple.ru/19000469396-mira,,,,,,
https://goldapple.ru/19000193709-sel-d-azur-eau-de-parfum,,,,,,
https://goldapple.ru/19000196133-peonia,,,,,,
https://goldapple.ru/19000402549-african-colors,,,,,,
https://goldapple.ru/99000075885-provocation,,,,,,
https://goldapple.ru/19000097051-parfum-14,,,,,,
https://goldapple.ru/19000038875-lavender,,,,,,
https://goldapple.ru/19000213982-freesia,,,,,,
https://goldapple.ru/99000093383-brown-cosy-bouquet-cozy-musk,,,,,,
https://goldapple.ru/80214400003-respect,,,,,,
https://goldapple.ru/99000122397-kedrovyj-les,,,,,,
https://goldapple.ru/19000434175-bohemia-aurora,,,,,,
https://goldapple.ru/19000455127-lemon-lemongrass-sage-300-ml,,,,,,
https://goldapple.ru/19000344515-leo,,,,,,
https://goldapple.ru/19000413529-3-d-scent,,,,,,
https://goldapple.ru/19000268572-cool-water,,,,,,
https://goldapple.ru/19000084089-oakmoss-amber,,,,,,
https://goldapple.ru/19000256732-grib-muhomor-perezrelyj-haki,,,,,,
https://goldapple.ru/99000055598-menthol,,,,,,
https://goldapple.ru/99000112245-den-bez-stressa,,,,,,
https://goldapple.ru/19000236100-formula-02,,,,,,
https://goldapple.ru/99000128233-parfumernaa-voda-love-republic-white-50-ml,,,,,,
https://goldapple.ru/99000020846-taj-sunset-tropical-flower,,,,,,
https://goldapple.ru/99000138312-etosvechi-buket-zeltyh-tul-panov,,,,,,
https://goldapple.ru/19000268049-13-warm-tobacco,,,,,,
https://goldapple.ru/19000139510-assolo,,,,,,
https://goldapple.ru/19000451551-expo-2020,,,,,,
https://goldapple.ru/19000442525-de-venoge-louis-xv-1722,,,,,,
https://goldapple.ru/19000261879-lady-roza,,,,,,
https://goldapple.ru/19000238637-kristall-muskusa,,,,,,
https://goldapple.ru/19000227796-christmas-tree,,,,,,
https://goldapple.ru/19000391717-bath-salt-natsukashii,,,,,,
https://goldapple.ru/19000059071-sunset-hour,,,,,,
https://goldapple.ru/26730600004-bal-d-afrique,,,,,,
https://goldapple.ru/99000041718-autumn,,,,,,
https://goldapple.ru/19000210504-butterfly-mind,,,,,,
https://goldapple.ru/19000203307-gaudium,,,,,,
https://goldapple.ru/19000176553-fascination,,,,,,
https://goldapple.ru/28320100002-green-walk,,,,,,
https://goldapple.ru/19000374382-tuberoza-i-pudra,,,,,,
https://goldapple.ru/19000172113-rose-oud-matte,,,,,,
https://goldapple.ru/19000381056-g-020,,,,,,
https://goldapple.ru/19000193712-plein-soleil-eau-de-parfum,,,,,,
https://goldapple.ru/83271600004-chemise-blanche,,,,,,
https://goldapple.ru/99000066173-cvetocnaa-zamsa,,,,,,
https://goldapple.ru/19000038873-guaiac-wood,,,,,,
https://goldapple.ru/99000005240-flame,,,,,,
https://goldapple.ru/19000088299-my-hero,,,,,,
https://goldapple.ru/36050300004-dolce-amalfi,,,,,,
https://goldapple.ru/90151300006-red-grapefruit-bergamot-amber,,,,,,
https://goldapple.ru/19000306202-cernoe-more,,,,,,
https://goldapple.ru/19000191685-intense-red-edition,,,,,,
https://goldapple.ru/99000037894-biscuit,,,,,,
https://goldapple.ru/19000172694-selective-base-0202,,,,,,
https://goldapple.ru/19000312019-05-old-basil,,,,,,
https://goldapple.ru/19000380095-ormonde-man,,,,,,
https://goldapple.ru/19000097906-extravaganza,,,,,,
https://goldapple.ru/19000311838-levante,,,,,,
https://goldapple.ru/19000445948-pour-femme,,,,,,
https://goldapple.ru/19000257103-51-drive-to-sunburst,,,,,,
https://goldapple.ru/19000337190-voyage,,,,,,
https://goldapple.ru/19000424487-creme-caramel-gourmet,,,,,,
https://goldapple.ru/99000005120-dune,,,,,,
https://goldapple.ru/19000381606-sabrage-gold,,,,,,
https://goldapple.ru/99000075752-aurora-borealis,,,,,,
https://goldapple.ru/19000021037-eco-chic-black-orchid,,,,,,
https://goldapple.ru/19000118292-not-superdose,,,,,,
https://goldapple.ru/7030300004-boss-bottled,,,,,,
https://goldapple.ru/19000473384-lov-u,,,,,,
https://goldapple.ru/19000148505-zelenyj-caj-i-mata,,,,,,
https://goldapple.ru/19000395788-desir-pion-i-agody,,,,,,
https://goldapple.ru/19000173524-stefania,,,,,,
https://goldapple.ru/19000315568-vanilla-taback,,,,,,
https://goldapple.ru/99000110764-lady-flower,,,,,,
https://goldapple.ru/19000179924-rose,,,,,,
https://goldapple.ru/19000234770-fleur,,,,,,
https://goldapple.ru/19000472555-soleil-tonka,,,,,,
https://goldapple.ru/19000026690-gal-banum-tim-an,,,,,,
https://goldapple.ru/19760310045-spontaneous-generosity,,,,,,
https://goldapple.ru/82810200001-fleur-narcotique,,,,,,
https://goldapple.ru/99000037832-cherry-blossom,,,,,,
https://goldapple.ru/99000034974-mercurial-cashmere,,,,,,
https://goldapple.ru/99000109814-more-amore,,,,,,
https://goldapple.ru/19000203354-pomegranate-noir,,,,,,
https://goldapple.ru/99000081868-singapore-april-2018,,,,,,
https://goldapple.ru/99000034695-trio-de-bougies-classique,,,,,,
https://goldapple.ru/99000156509-maag-vibrant-nappa,,,,,,
https://goldapple.ru/99000070838-o-sweet-love-kiss,,,,,,
https://goldapple.ru/19000184758-uniform-build-your-self,,,,,,
https://goldapple.ru/19000256752-grib-lisicka-ohra,,,,,,
https://goldapple.ru/19000061968-black-oud,,,,,,
https://goldapple.ru/19000343446-believe-me-enjoy-your-life,,,,,,
https://goldapple.ru/26070100024-ambra,,,,,,
https://goldapple.ru/99000054822-juicy-iseberg,,,,,,
https://goldapple.ru/19000131315-spiced-pumpkin-souffle,,,,,,
https://goldapple.ru/26180600010-le-bien-aime,,,,,,
https://goldapple.ru/99000106303-tobacco-vanilla,,,,,,
https://goldapple.ru/19000306223-paperplane,,,,,,
https://goldapple.ru/19000267975-sea-and-velvet-dunes,,,,,,
https://goldapple.ru/19000164614-oud-rose-intense,,,,,,
https://goldapple.ru/19000499631-frederic-malle-musc-ravageur,,,,,,
https://goldapple.ru/99000085714-socnyj-persik,,,,,,
https://goldapple.ru/19000225176-cuir-curcuma,,,,,,
https://goldapple.ru/19000210752-eau-de-parfum,,,,,,
https://goldapple.ru/19000034442-italica,,,,,,
https://goldapple.ru/19000259888-irish-white,,,,,,
https://goldapple.ru/99000063502-progulka-s-cvetami,,,,,,
https://goldapple.ru/19000244055-gaultier-divine,,,,,,
https://goldapple.ru/19000420942-flaming-sunset,,,,,,
https://goldapple.ru/19000239110-jasmin-sambac-no28,,,,,,
https://goldapple.ru/19000235530-sonic-flower,,,,,,
https://goldapple.ru/99000055143-amber-black-pepper,,,,,,
https://goldapple.ru/19000452974-la-ceremonie-de-l-encens,,,,,,
https://goldapple.ru/19000337193-zafar,,,,,,
https://goldapple.ru/19000391314-oud-patchouli-honey,,,,,,
https://goldapple.ru/19000192221-ajaro,,,,,,
https://goldapple.ru/19000311739-cernyj-perec-neroli-i-ambra,,,,,,
https://goldapple.ru/19000455548-bois-iode,,,,,,
https://goldapple.ru/99000097049-blagoslovenie-nebozitelej-hua-cen,,,,,,
https://goldapple.ru/19000323007-rosa-centifolia,,,,,,
https://goldapple.ru/19000351354-rock-crystal,,,,,,
https://goldapple.ru/19000327396-l-12-12-noir,,,,,,
https://goldapple.ru/19000461129-jasmine-freak,,,,,,
https://goldapple.ru/90151300002-vanilla-blend,,,,,,
https://goldapple.ru/19000048459-tesey,,,,,,
https://goldapple.ru/19760304502-narciso-ambree,,,,,,
https://goldapple.ru/19000469388-marie,,,,,,
https://goldapple.ru/99000056824-pura-vida,,,,,,
https://goldapple.ru/19000456476-bora-bora,,,,,,
https://goldapple.ru/19000234830-amber-lily,,,,,,
https://goldapple.ru/19000370747-the-scent,,,,,,
https://goldapple.ru/26142300001-ashes,,,,,,
https://goldapple.ru/19000455546-taiga,,,,,,
https://goldapple.ru/19000433675-two-of-spades-jasmine-sage,,,,,,
https://goldapple.ru/19000321553-tabacco-1815,,,,,,
https://goldapple.ru/19000334832-desert-island,,,,,,
https://goldapple.ru/19000120332-chemystery,,,,,,
https://goldapple.ru/19000235476-saleen,,,,,,
https://goldapple.ru/19000406567-not-for-everybody-man,,,,,,
https://goldapple.ru/19000333372-majestic-melange,,,,,,
https://goldapple.ru/19000285457-king-of-kings-king,,,,,,
https://goldapple.ru/19000327280-magic-wood,,,,,,
https://goldapple.ru/19000116756-sandalwood-cranberry,,,,,,
https://goldapple.ru/19000169379-aire-anthesis,,,,,,
https://goldapple.ru/19000155423-musk-and-vanilla,,,,,,
https://goldapple.ru/19000455005-tobacco-leaf-vanilla,,,,,,
https://goldapple.ru/26168400001-intense-cafe,,,,,,
https://goldapple.ru/19000221275-skarlett-cernicnye-noci,,,,,,
https://goldapple.ru/19000421280-cernyj-perec-i-ambra,,,,,,
https://goldapple.ru/99000104271-blanche-secret,,,,,,
https://goldapple.ru/99000138283-maison-berger-paris-lolita-lempicka,,,,,,
https://goldapple.ru/19000471444-thai-mango,,,,,,
https://goldapple.ru/19000141547-fever,,,,,,
https://goldapple.ru/7430500002-eau-fraiche,,,,,,
https://goldapple.ru/26800900001-feminin-pluriel,,,,,,
https://goldapple.ru/99000059023-claret,,,,,,
https://goldapple.ru/19000038825-voyage-sur-la-route-de-darjeeling,,,,,,
https://goldapple.ru/19000229066-red-cashmere,,,,,,
https://goldapple.ru/19000015914-mikado-intense-lavender,,,,,,
https://goldapple.ru/19000120749-memories-lab,,,,,,
https://goldapple.ru/19000436998-santal-austral,,,,,,
https://goldapple.ru/19000420250-vanille-rebelle-de-bahia,,,,,,
https://goldapple.ru/19000088389-grande-sport,,,,,,
https://goldapple.ru/19000343394-maison-vanille-desiree,,,,,,
https://goldapple.ru/19000058271-paris,,,,,,
https://goldapple.ru/19000026692-bergamot-zasmin,,,,,,
https://goldapple.ru/82092200003-this-is-not-a-blue-bottle-1-2,,,,,,
https://goldapple.ru/19000033016-bloom,,,,,,
https://goldapple.ru/19000212711-vanil-i-mandarin,,,,,,
https://goldapple.ru/83800100003-the-musc,,,,,,
https://goldapple.ru/19000180344-grapefruit-basil-petitgrain,,,,,,
https://goldapple.ru/19000470693-peony,,,,,,
https://goldapple.ru/99000114270-sultan,,,,,,
https://goldapple.ru/19000097803-wedding-day,,,,,,
https://goldapple.ru/19000003873-le-roi-chanceux,,,,,,
https://goldapple.ru/99000147320-sela-irlandskij-tvid,,,,,,
https://goldapple.ru/99000067417-moments-home-perfume-durango,,,,,,
https://goldapple.ru/19000120305-violet-musc,,,,,,
https://goldapple.ru/19000498697-maison-francis-kurkdjian-kurky,,,,,,
https://goldapple.ru/26291400001-lover-man,,,,,,
https://goldapple.ru/90151400005-8018,,,,,,
https://goldapple.ru/19000349028-cashmere,,,,,,
https://goldapple.ru/99000034265-relativamente-rosso,,,,,,
https://goldapple.ru/19000125898-dew-potion,,,,,,
https://goldapple.ru/19000015917-mikado-intense-mango,,,,,,
https://goldapple.ru/99000045183-no-4,,,,,,
https://goldapple.ru/19000294040-fun-chic,,,,,,
https://goldapple.ru/19000122322-nancy,,,,,,
https://goldapple.ru/19000264098-no4,,,,,,
https://goldapple.ru/19000357104-atomic-rose,,,,,,
https://goldapple.ru/19000349138-yoga,,,,,,
https://goldapple.ru/19000361838-no-28-white-oak,,,,,,
https://goldapple.ru/19000448591-magnifying-neroli-essence,,,,,,
https://goldapple.ru/80881500008-nomade,,,,,,
https://goldapple.ru/19000283211-carrousel,,,,,,
https://goldapple.ru/19000194043-space,,,,,,
https://goldapple.ru/19000493775-hi-dear-vanilla-pink-pepper,,,,,,
https://goldapple.ru/19000062946-p012,,,,,,
https://goldapple.ru/19000182799-feathers-masaai,,,,,,
https://goldapple.ru/19000380103-kashmir,,,,,,
https://goldapple.ru/19000173255-namaqualand,,,,,,
https://goldapple.ru/99000133720-red-crystal,,,,,,
https://goldapple.ru/19000377348-sahare,,,,,,
https://goldapple.ru/99000022269-aloe-vera-mint,,,,,,
https://goldapple.ru/19000406586-cool-elixir,,,,,,
https://goldapple.ru/19000088293-vanille-bourbon,,,,,,
https://goldapple.ru/19000197282-cherry-oud,,,,,,
https://goldapple.ru/19000400757-rosemary-lemon,,,,,,
https://goldapple.ru/99000090074-sobranie-14,,,,,,
https://goldapple.ru/99000118547-mango-orange-jasmine,,,,,,
https://goldapple.ru/19000419618-summer-garden,,,,,,
https://goldapple.ru/99000034333-cannabis-dolce,,,,,,
https://goldapple.ru/19000465881-american-movies,,,,,,
https://goldapple.ru/99000147117-sela-mangovyj-dzersi,,,,,,
https://goldapple.ru/19000225173-cedre-iris,,,,,,
https://goldapple.ru/19000473773-eau-du-soir,,,,,,
https://goldapple.ru/19000180347-grapefruit-patchouli-white-rose,,,,,,
https://goldapple.ru/99000104311-infinity,,,,,,
https://goldapple.ru/19000337321-levar-del-sole,,,,,,
https://goldapple.ru/19000374383-hlopok-i-lilia,,,,,,
https://goldapple.ru/99000109734-christmas-tree,,,,,,
https://goldapple.ru/19000182785-decor-classic-era,,,,,,
https://goldapple.ru/19000394569-no15,,,,,,
https://goldapple.ru/19000487609-dolce-gabbana-velvet-desire,,,,,,
https://goldapple.ru/99000045893-cherry,,,,,,
https://goldapple.ru/19000365784-tessuto,,,,,,
https://goldapple.ru/82081500001-african-leather,,,,,,
https://goldapple.ru/19000436054-lamia-golden-symphony,,,,,,
https://goldapple.ru/19000306855-favonius,,,,,,
https://goldapple.ru/19000172665-parfum-extra-3,,,,,,
https://goldapple.ru/19000321409-oro-luxury-collection,,,,,,
https://goldapple.ru/19000437023-amberwood-vanilla-davana,,,,,,
https://goldapple.ru/19000167367-ldbs-extreme,,,,,,
https://goldapple.ru/19000328683-courances,,,,,,
https://goldapple.ru/19000154038-white-musk,,,,,,
https://goldapple.ru/19000301382-cherry-black,,,,,,
https://goldapple.ru/83080400001-wonderly,,,,,,
https://goldapple.ru/19000160722-ripe-strawberry,,,,,,
https://goldapple.ru/19000154012-sandal-vetiver,,,,,,
https://goldapple.ru/99000041717-tangerine-vanilla,,,,,,
https://goldapple.ru/99000107228-l-a,,,,,,
https://goldapple.ru/99000066931-tomato-leaf,,,,,,
https://goldapple.ru/19000463948-epatage,,,,,,
https://goldapple.ru/19000203317-gaudium,,,,,,
https://goldapple.ru/19000377333-empyr,,,,,,
https://goldapple.ru/19000268556-rose-naturelle,,,,,,
https://goldapple.ru/19000463935-tantra,,,,,,
https://goldapple.ru/99000003336-shower-gel,,,,,,
https://goldapple.ru/19000285383-memories-lab-cotton-sunday,,,,,,
https://goldapple.ru/19000454042-bazilik-tomatnyj-list-citrus,,,,,,
https://goldapple.ru/19000138444-james,,,,,,
https://goldapple.ru/19000113178-abyssae,,,,,,
https://goldapple.ru/19000125953-creative-inspiration,,,,,,
https://goldapple.ru/19000421946-ikigai,,,,,,
https://goldapple.ru/19000059343-jtc-400,,,,,,
https://goldapple.ru/99000057023-caramel-popcorn,,,,,,
https://goldapple.ru/19000264009-carousel-pink-pepper-and-bergamot,,,,,,
https://goldapple.ru/19000378741-dubai,,,,,,
https://goldapple.ru/19000090579-perfect-harmony,,,,,,
https://goldapple.ru/99000037120-lemon-flower,,,,,,
https://goldapple.ru/19000343856-all-of-me,,,,,,
https://goldapple.ru/19000407564-summer-orchid,,,,,,
https://goldapple.ru/19000438303-nag-campa,,,,,,
https://goldapple.ru/26731900002-black-saffron,,,,,,
https://goldapple.ru/19000234843-ginger-bread,,,,,,
https://goldapple.ru/19000450782-bohemian-soul,,,,,,
https://goldapple.ru/19000090598-glamour,,,,,,
https://goldapple.ru/19000483126-white-crystal,,,,,,
https://goldapple.ru/83322000001-grapefruit,,,,,,
https://goldapple.ru/19000145079-tuberose-overdose,,,,,,
https://goldapple.ru/99000040449-dream-no74,,,,,,
https://goldapple.ru/19000178460-nb,,,,,,
https://goldapple.ru/99000028972-velvet-rose-oud-wood,,,,,,
https://goldapple.ru/19000058269-london,,,,,,
https://goldapple.ru/19000344493-akragas,,,,,,
https://goldapple.ru/26165100002-vanille-extasy,,,,,,
https://goldapple.ru/19000321463-rose-oud-luxury-collection,,,,,,
https://goldapple.ru/19000200463-flower-ikebana-by-kenzo,,,,,,
https://goldapple.ru/19000467582-09,,,,,,
https://goldapple.ru/90151200005-vanilla-blend,,,,,,
https://goldapple.ru/99000091478-woodcutter,,,,,,
https://goldapple.ru/26044900002-rhum-tabac,,,,,,
https://goldapple.ru/19000356150-prodigy,,,,,,
https://goldapple.ru/19000455007-virgin-lemongrass,,,,,,
https://goldapple.ru/19000010693-les-eaux-d-un-instant-blooming-grapefruit,,,,,,
https://goldapple.ru/99000047149-relax-no-3,,,,,,
https://goldapple.ru/99000127718-aroma-sf38,,,,,,
https://goldapple.ru/26173900001-intense-cherry,,,,,,
https://goldapple.ru/19000392868-creamy-peaches,,,,,,
https://goldapple.ru/19000233248-kirra-curl,,,,,,
https://goldapple.ru/81991900005-addiction-petale,,,,,,
https://goldapple.ru/19000344483-stereope,,,,,,
https://goldapple.ru/19000264125-no3,,,,,,
https://goldapple.ru/99000057685-02,,,,,,
https://goldapple.ru/19000336368-bukhara,,,,,,
https://goldapple.ru/19000399150-icarus-347,,,,,,
https://goldapple.ru/19000143698-sexy-amber,,,,,,
https://goldapple.ru/19760305907-dear-polly,,,,,,
https://goldapple.ru/19000213987-aromatic-spices,,,,,,
https://goldapple.ru/19000357463-courtoisie-feroce,,,,,,
https://goldapple.ru/19000349040-mimosa,,,,,,
https://goldapple.ru/99000052789-landys,,,,,,
https://goldapple.ru/19000306779-jardin-du-palais-royal,,,,,,
https://goldapple.ru/19000487585-dolce-gabbana-the-one-intense,,,,,,
https://goldapple.ru/19000206581-berlin-fever,,,,,,
https://goldapple.ru/19000266769-juliette,,,,,,
https://goldapple.ru/19000121300-ambre,,,,,,
https://goldapple.ru/19000020464-samsara,,,,,,
https://goldapple.ru/19000333249-rouge-litchi,,,,,,
https://goldapple.ru/99000038148-agaves-garden,,,,,,
https://goldapple.ru/19000447622-lust-for-life,,,,,,
https://goldapple.ru/19000268057-cherry-milk,,,,,,
https://goldapple.ru/19000478111-clary-sage-parfum,,,,,,
https://goldapple.ru/19000292399-naturel,,,,,,
https://goldapple.ru/19000326670-vip-riviere-noire,,,,,,
https://goldapple.ru/19000097785-vanilla-sky-chez-maman,,,,,,
https://goldapple.ru/19000067372-ubud-incense,,,,,,
https://goldapple.ru/99000034343-scorzaforza-parfum,,,,,,
https://goldapple.ru/19000354572-bois-dindonesie,,,,,,
https://goldapple.ru/19000088279-ma-cherry,,,,,,
https://goldapple.ru/19000428750-pour-homme,,,,,,
https://goldapple.ru/19760343572-black-pepper-amber-neroli,,,,,,
https://goldapple.ru/19000348326-avgoustos,,,,,,
https://goldapple.ru/19000398309-moonstone,,,,,,
https://goldapple.ru/19000009351-exquise-tentation,,,,,,
https://goldapple.ru/19000348843-amsterdam,,,,,,
https://goldapple.ru/19000136716-azay-le-rideau,,,,,,
https://goldapple.ru/19000409113-reve-de-myrrhe,,,,,,
https://goldapple.ru/99000069571-matreska-v-maske-den-v-spa,,,,,,
https://goldapple.ru/19000157227-tacit-edp,,,,,,
https://goldapple.ru/19000428720-bergamot-essence,,,,,,
https://goldapple.ru/99000071885-cvetok-marrakesh-market,,,,,,
https://goldapple.ru/99000107093-amalfi,,,,,,
https://goldapple.ru/19000455595-candy-love,,,,,,
https://goldapple.ru/99000028963-bergamot-neroli-orange,,,,,,
https://goldapple.ru/19000106625-cvetusaa-visna,,,,,,
https://goldapple.ru/19000438796-kiparis-i-lavrovoe-derevo,,,,,,
https://goldapple.ru/19000266453-underworld,,,,,,
https://goldapple.ru/99000097047-dubajskij-sokolad,,,,,,
https://goldapple.ru/99000040457-the-first-love-no17,,,,,,
https://goldapple.ru/99000060069-bohemia,,,,,,
https://goldapple.ru/19000256730-grib-muhomor-perezrelyj-sizaa,,,,,,
https://goldapple.ru/19000436904-lavanda,,,,,,
https://goldapple.ru/19000311818-composition-7,,,,,,
https://goldapple.ru/19000422949-amur-lillac,,,,,,
https://goldapple.ru/19000502189-rp-paris-brin-de-folie,,,,,,
https://goldapple.ru/19000487847-sol-de-janeiro-cheirosa-68,,,,,,
https://goldapple.ru/81990800003-1805-cologne,,,,,,
https://goldapple.ru/19000002173-signorina-allettante,,,,,,
https://goldapple.ru/19000431989-sin-pleasure,,,,,,
https://goldapple.ru/19000154762-ladylike,,,,,,
https://goldapple.ru/99000070322-dlinnye-vanil,,,,,,
https://goldapple.ru/99000059033-eclat,,,,,,
https://goldapple.ru/99000055601-bergamot,,,,,,
https://goldapple.ru/19000473376-luck-for-her-purse-spray,,,,,,
https://goldapple.ru/19000206958-flower-power,,,,,,
https://goldapple.ru/19000165259-black-pepper-cardamom-vetiver,,,,,,
https://goldapple.ru/99000010159-louise,,,,,,
https://goldapple.ru/19000315656-exsupero,,,,,,
https://goldapple.ru/99000012651-gunpowder,,,,,,
https://goldapple.ru/99000035503-c-maslom-rozy,,,,,,
https://goldapple.ru/19000266089-molecule-tobacco,,,,,,
https://goldapple.ru/19000329168-qamara,,,,,,
https://goldapple.ru/19000131125-majestica,,,,,,
https://goldapple.ru/19000477281-tobacco-leaf-vanilla,,,,,,
https://goldapple.ru/19760331082-the-scent-hemp-care,,,,,,
https://goldapple.ru/19000344509-gemini,,,,,,
https://goldapple.ru/19000208734-a-la-rose,,,,,,
https://goldapple.ru/19000246020-white-rose,,,,,,
https://goldapple.ru/19000455552-rouge-paris,,,,,,
https://goldapple.ru/19760310567-my-way,,,,,,
https://goldapple.ru/19000432267-sacred-trees-yarani,,,,,,
https://goldapple.ru/19000327875-chameleon,,,,,,
https://goldapple.ru/19000051087-sacred-love,,,,,,
https://goldapple.ru/19000424747-en-soi,,,,,,
https://goldapple.ru/19000392872-satin-wood,,,,,,
https://goldapple.ru/19000084097-black-pepper-vetiver-neroli-amber,,,,,,
https://goldapple.ru/19000230126-side-effect-atomic-rose,,,,,,
https://goldapple.ru/99000081999-ilang-ilang-paculi-bergamot,,,,,,
https://goldapple.ru/81103200002-queen-of-seduction,,,,,,
https://goldapple.ru/19000306853-tuberoza,,,,,,
https://goldapple.ru/19000475519-solo-cedro-solo-elixir,,,,,,
https://goldapple.ru/19000201924-luna,,,,,,
https://goldapple.ru/19000125951-sense-of-humor,,,,,,
https://goldapple.ru/19000253091-cube,,,,,,
https://goldapple.ru/19000113948-a-gun-ego-stratis,,,,,,
https://goldapple.ru/83430100018-the-oud-affair,,,,,,
https://goldapple.ru/19760313130-83-leather-reserve,,,,,,
https://goldapple.ru/19000111108-christmas-spirit,,,,,,
https://goldapple.ru/19000123689-autumn-woods,,,,,,
https://goldapple.ru/99000082102-pion-i-gardenia,,,,,,
https://goldapple.ru/19000306069-dubovyj-moh-i-ambra,,,,,,
https://goldapple.ru/84230100012-no12,,,,,,
https://goldapple.ru/99000082097-cvety-slivy-i-muskus,,,,,,
https://goldapple.ru/19760342408-noir-exquis,,,,,,
https://goldapple.ru/19000440542-1-visnevyj-muss,,,,,,
https://goldapple.ru/19000285713-levant,,,,,,
https://goldapple.ru/19000009156-matte-candle-ines,,,,,,
https://goldapple.ru/19000386190-vetiver-rosemary,,,,,,
https://goldapple.ru/19000215429-bergamot-white-lily,,,,,,
https://goldapple.ru/19000200197-mossland-12-09,,,,,,
https://goldapple.ru/19000464973-limone-cedrato,,,,,,
https://goldapple.ru/99000107064-copacabana,,,,,,
https://goldapple.ru/19000268053-lotus,,,,,,
https://goldapple.ru/99000118523-sand-poem,,,,,,
https://goldapple.ru/99000076363-ital-anskij-limon,,,,,,
https://goldapple.ru/19000344554-p-d-f,,,,,,
https://goldapple.ru/19000344494-al-contrario,,,,,,
https://goldapple.ru/19000010391-red-cherry,,,,,,
https://goldapple.ru/26046000002-vanille-cafe,,,,,,
https://goldapple.ru/27321100008-wood-infusion,,,,,,
https://goldapple.ru/19000064856-mademoiselle-private-collection-11,,,,,,
https://goldapple.ru/99000041529-axolute,,,,,,
https://goldapple.ru/19000118782-teal,,,,,,
https://goldapple.ru/26733400002-la-selection-boisee,,,,,,
https://goldapple.ru/19000440565-the-glow,,,,,,
https://goldapple.ru/19000002209-love,,,,,,
https://goldapple.ru/19000180570-aroma-sphere-izyskannoe-naslazdenie,,,,,,
https://goldapple.ru/26030500002-glorious,,,,,,
https://goldapple.ru/19000121291-bloom,,,,,,
https://goldapple.ru/19000038869-orange-mint,,,,,,
https://goldapple.ru/19000421158-active-boy,,,,,,
https://goldapple.ru/26140100015-tobacco,,,,,,
https://goldapple.ru/19000045154-orange-cinnamon,,,,,,
https://goldapple.ru/19000396000-oud-nobile,,,,,,
https://goldapple.ru/19000422574-q,,,,,,
https://goldapple.ru/99000091572-passion,,,,,,
https://goldapple.ru/99000099728-policromia,,,,,,
https://goldapple.ru/99000106097-tobacco-vanilla,,,,,,
https://goldapple.ru/19000140848-neroli-pine-needle,,,,,,
https://goldapple.ru/99000075714-caribbean-teakwood,,,,,,
https://goldapple.ru/99000133845-cry-baby,,,,,,
https://goldapple.ru/82510400003-the-nuptial-bouquet,,,,,,
https://goldapple.ru/19000392867-clover-vetiver,,,,,,
https://goldapple.ru/19000080208-in-france-queen-5-body-wash,,,,,,
https://goldapple.ru/19000461705-discovery,,,,,,
https://goldapple.ru/19000488814-p018,,,,,,
https://goldapple.ru/19000191687-j,,,,,,
https://goldapple.ru/19000344535-white-fire,,,,,,
https://goldapple.ru/19000302303-teakwood-and-tobacco,,,,,,
https://goldapple.ru/99000042993-marokkanskij-kasemir,,,,,,
https://goldapple.ru/19000090630-imperial-velour,,,,,,
https://goldapple.ru/19000311814-composition-8,,,,,,
https://goldapple.ru/19000321533-verde-lorena,,,,,,
https://goldapple.ru/26801500005-baccarat-rouge-540,,,,,,
https://goldapple.ru/99000030903-matca-na-kokosovom,,,,,,
https://goldapple.ru/19000215503-parisian-musc,,,,,,
https://goldapple.ru/99000037983-santal,,,,,,
https://goldapple.ru/83600100006-rausch,,,,,,
https://goldapple.ru/19000436908-sandal,,,,,,
https://goldapple.ru/19000429790-melos,,,,,,
https://goldapple.ru/19000422953-jelly-pop,,,,,,
https://goldapple.ru/19000252964-zolotaa-campa,,,,,,
https://goldapple.ru/99000025405-detox,,,,,,
https://goldapple.ru/99000128649-parfum-d-interieur-frosted-mandarin,,,,,,
https://goldapple.ru/19000486978-pure-karma,,,,,,
https://goldapple.ru/19000412479-silk-rose,,,,,,
https://goldapple.ru/19000292532-no26-portofino-20-45,,,,,,
https://goldapple.ru/19000152493-odyssey,,,,,,
https://goldapple.ru/19000141671-byzance,,,,,,
https://goldapple.ru/19000080177-in-france-sparkling-rose-body-lotion,,,,,,
https://goldapple.ru/19000374403-mata-i-lajm,,,,,,
https://goldapple.ru/19000161982-sensual,,,,,,
https://goldapple.ru/19000118660-sea-mist,,,,,,
https://goldapple.ru/99000090085-sobranie-18,,,,,,
https://goldapple.ru/19000419613-vetiver-bergamot,,,,,,
https://goldapple.ru/19000450794-nothing-but-sea-and-sky,,,,,,
https://goldapple.ru/19000423559-lumiere,,,,,,
https://goldapple.ru/19000262206-intenso,,,,,,
https://goldapple.ru/19000148354-divine-vanille,,,,,,
https://goldapple.ru/19000278593-the-one-gold,,,,,,
https://goldapple.ru/19000376464-gardenia-tahia,,,,,,
https://goldapple.ru/19760316896-milano,,,,,,
https://goldapple.ru/19000344116-amber-musk,,,,,,
https://goldapple.ru/26801100008-l-eau-a-la-rose,,,,,,
https://goldapple.ru/19000135264-gracale,,,,,,
https://goldapple.ru/19000426977-blackcurrant-geranium-amber-leather,,,,,,
https://goldapple.ru/90151200012-717,,,,,,
https://goldapple.ru/19000109664-up-to-the-moon,,,,,,
https://goldapple.ru/19000274358-one-of-a-kind,,,,,,
https://goldapple.ru/19000463154-rozmarin-limon-i-neroli,,,,,,
https://goldapple.ru/19760322898-lait-corporel-ayurvedique-ambre-vanille-patchouli,,,,,,
https://goldapple.ru/19000284872-304-cumin-fleur-d-amandier-cedre,,,,,,
https://goldapple.ru/19000090592-vostorg,,,,,,
https://goldapple.ru/19000302278-oakmoss-and-amber,,,,,,
https://goldapple.ru/19000152477-scottish-stout,,,,,,
https://goldapple.ru/19000088283-pamplemousse-grenade,,,,,,
https://goldapple.ru/19000429225-iris-jasmine,,,,,,
https://goldapple.ru/19000109660-tamima-sillage,,,,,,
https://goldapple.ru/99000037055-cherry-tobacco,,,,,,
https://goldapple.ru/19000448273-kolbasa,,,,,,
https://goldapple.ru/19000206953-inspiration,,,,,,
https://goldapple.ru/7233500002-guilty-absolute-pour-femme,,,,,,
https://goldapple.ru/19000326668-perfumed-set,,,,,,
https://goldapple.ru/19000055177-kedrovo-hvojnaa,,,,,,
https://goldapple.ru/19000088212-fluo,,,,,,
https://goldapple.ru/99000023735-dubovyj-moh-i-antar,,,,,,
https://goldapple.ru/19000402031-fake-love,,,,,,
https://goldapple.ru/19000232707-monsieur-le-prince-elegant,,,,,,
https://goldapple.ru/19000445884-versense,,,,,,
https://goldapple.ru/19760342421-fou-d-absinthe,,,,,,
https://goldapple.ru/19000249524-haru,,,,,,
https://goldapple.ru/19000451161-no13-26,,,,,,
https://goldapple.ru/19000494571-memo-paris-portobello-road,,,,,,
https://goldapple.ru/19000295813-promise-hair-mist,,,,,,
https://goldapple.ru/19000327870-absolute-shadow,,,,,,
https://goldapple.ru/19000482633-pink-pepper-and-grapefruit,,,,,,
https://goldapple.ru/19000472423-dynamic-man,,,,,,
https://goldapple.ru/19000097748-blueberry-nights-chez-maman,,,,,,
https://goldapple.ru/99000038642-kokos-i-mindal,,,,,,
https://goldapple.ru/19000225249-orange-jasmine,,,,,,
https://goldapple.ru/19000256831-relax-time,,,,,,
https://goldapple.ru/19000059081-flower-beast-absolute,,,,,,
https://goldapple.ru/19000466683-ayurveda,,,,,,
https://goldapple.ru/19000381318-silver-spirit-incense,,,,,,
https://goldapple.ru/19000460370-tiare-flower-bergamot,,,,,,
https://goldapple.ru/19000472780-white-jasmine-amber,,,,,,
https://goldapple.ru/99000093035-stenova-home-no52,,,,,,
https://goldapple.ru/19000311854-playing-with-the-devil,,,,,,
https://goldapple.ru/19000223824-ambre-secret,,,,,,
https://goldapple.ru/19000281748-lascia-ch-io-pianga,,,,,,
https://goldapple.ru/19000420270-opera-mate,,,,,,
https://goldapple.ru/19000246559-scento-modern,,,,,,
https://goldapple.ru/99000043421-fig,,,,,,
https://goldapple.ru/19000407400-smoky-leather,,,,,,
https://goldapple.ru/99000034271-astratto,,,,,,
https://goldapple.ru/19000196197-lavanda,,,,,,
https://goldapple.ru/19000298024-pistacio-macaron,,,,,,
https://goldapple.ru/19000148366-orange-x-santal,,,,,,
https://goldapple.ru/99000050147-teplyj-antar,,,,,,
https://goldapple.ru/99000025558-vecnozelenyj-les,,,,,,
https://goldapple.ru/26775200001-hindu-kush,,,,,,
https://goldapple.ru/19000431978-angels-powder,,,,,,
https://goldapple.ru/19000121410-solar-blossom,,,,,,
https://goldapple.ru/19000298139-royal-amber,,,,,,
https://goldapple.ru/19760310034-secret-of-success,,,,,,
https://goldapple.ru/19000487439-ezevika-smorodina-bazilik,,,,,,
https://goldapple.ru/19000005507-korlove,,,,,,
https://goldapple.ru/19000296741-grib-muhomor-goluboj,,,,,,
https://goldapple.ru/19000060205-peony-rose,,,,,,
https://goldapple.ru/19000391315-laundry,,,,,,
https://goldapple.ru/19000246364-n-2,,,,,,
https://goldapple.ru/99000070814-beauty-glow-sweet-eclair,,,,,,
https://goldapple.ru/19000360818-sandalwood,,,,,,
https://goldapple.ru/19000473382-fullspeed-boost,,,,,,
https://goldapple.ru/19000494189-emper-unplugged-with-you,,,,,,
https://goldapple.ru/19000434162-la-niche-narcotique-embrace,,,,,,
https://goldapple.ru/19000321461-pura-ambra,,,,,,
https://goldapple.ru/19000465139-vanillle-fleurie-de-tahiti,,,,,,
https://goldapple.ru/19000344502-luna-collection-cassiopea,,,,,,
https://goldapple.ru/19000186480-coeur-de-petales-arme-blanche,,,,,,
https://goldapple.ru/19000235628-queen-of-the-sea,,,,,,
https://goldapple.ru/19000182862-les-exclusives-platinum,,,,,,
https://goldapple.ru/19000172316-invictus-victory-elixir,,,,,,
https://goldapple.ru/26733400001-la-selection-nomade,,,,,,
https://goldapple.ru/19000210259-niche-collection-6912-fruity,,,,,,
https://goldapple.ru/19000097908-malabar-pepper,,,,,,
https://goldapple.ru/19000249248-carnation,,,,,,
https://goldapple.ru/19000402299-princess-eau-fraiche,,,,,,
https://goldapple.ru/19000451179-no50-11,,,,,,
https://goldapple.ru/19000223825-royal-oud,,,,,,
https://goldapple.ru/19000306729-sandalovoe-derevo,,,,,,
https://goldapple.ru/19000349013-tropic-blossom,,,,,,
https://goldapple.ru/19000225165-vanille-benjoin-deluxe-wood-coffret,,,,,,
https://goldapple.ru/99000107063-singapore,,,,,,
https://goldapple.ru/19000202646-aroma-diffuser,,,,,,
https://goldapple.ru/19000439058-felicita,,,,,,
https://goldapple.ru/19000429023-pineapple-birch,,,,,,
https://goldapple.ru/19000264796-kedr-i-inzir,,,,,,
https://goldapple.ru/19000455570-bella,,,,,,
https://goldapple.ru/19760314266-fiction,,,,,,
https://goldapple.ru/19000120765-leather-shot,,,,,,
https://goldapple.ru/19000107437-cedre-secret,,,,,,
https://goldapple.ru/99000109702-ice-cream-persik,,,,,,
https://goldapple.ru/99000024652-pepper-amber-neroli,,,,,,
https://goldapple.ru/99000057421-dla-finansovogo-blagopolucia,,,,,,
https://goldapple.ru/19000380613-indigo-2-sladkij-tabak,,,,,,
https://goldapple.ru/7274300005-kenzo-world,,,,,,
https://goldapple.ru/19000502134-lattafa-ana-abiyedh,,,,,,
https://goldapple.ru/19000212689-armonia,,,,,,
https://goldapple.ru/19000225801-summer-rain,,,,,,
https://goldapple.ru/7753100001-l-homme-ideal,,,,,,
https://goldapple.ru/83700400016-bellini,,,,,,
https://goldapple.ru/19000257098-30-breeze-of-shine,,,,,,
https://goldapple.ru/19000412473-marrakech,,,,,,
https://goldapple.ru/19000454819-not-for-everybody-magnetic-woman,,,,,,
https://goldapple.ru/19000009184-incense-varvara,,,,,,
https://goldapple.ru/19000234968-salted-caramel,,,,,,
https://goldapple.ru/19000203334-voluptas,,,,,,
https://goldapple.ru/99000081847-malaysia-january-2019,,,,,,
https://goldapple.ru/26180600011-le-roi-chevalier,,,,,,
https://goldapple.ru/82860100002-eau-de-parfum,,,,,,
https://goldapple.ru/19000381320-sagaroma,,,,,,
https://goldapple.ru/19000045158-blue-matcha,,,,,,
https://goldapple.ru/19000125248-the-wild-passion,,,,,,
https://goldapple.ru/19000297770-kapucino,,,,,,
https://goldapple.ru/19000099011-rose-peony,,,,,,
https://goldapple.ru/19000194010-inzhir,,,,,,
https://goldapple.ru/19000303157-ceremonie,,,,,,
https://goldapple.ru/19000196915-aqua-allegoria-forte-rosa-palissandro,,,,,,
https://goldapple.ru/36050300011-mefisto-gentiluomo,,,,,,
https://goldapple.ru/19000463940-tune-of-love,,,,,,
https://goldapple.ru/19000138215-magic-fire-orange-jasmine-vanilla,,,,,,
https://goldapple.ru/19000118611-soft-peony,,,,,,
https://goldapple.ru/19000316370-noor,,,,,,
https://goldapple.ru/19000447078-skazocnoe-sianie,,,,,,
https://goldapple.ru/99000131844-amber-pepper-patchouli,,,,,,
https://goldapple.ru/19000321534-batuffolo,,,,,,
https://goldapple.ru/19000400763-gold-silver,,,,,,
https://goldapple.ru/81100400006-king-of-seduction,,,,,,
https://goldapple.ru/26730600003-bal-d-afrique,,,,,,
https://goldapple.ru/19000246548-fenomene-adept,,,,,,
https://goldapple.ru/19000262577-aqua-allegoria-forte-florabloom,,,,,,
https://goldapple.ru/19000455018-sea-salt-wood,,,,,,
https://goldapple.ru/19000039612-goldea-rose-goldea-blossom-delight,,,,,,
https://goldapple.ru/19000440539-20-safran-i-karamel,,,,,,
https://goldapple.ru/19000473378-black-suede-real-for-him,,,,,,
https://goldapple.ru/19000438797-kiparis-i-lavrovoe-derevo,,,,,,
https://goldapple.ru/19000431987-nanatopia,,,,,,
https://goldapple.ru/19000064855-gentleman-private-collection-17,,,,,,
https://goldapple.ru/19000242037-12-parfumeurs-francais-marquise-de-maintenon,,,,,,
https://goldapple.ru/19000263996-oud-malaki,,,,,,
https://goldapple.ru/19000377069-vie-eteree,,,,,,
https://goldapple.ru/19000125041-the-inimitable-william-penhaligon,,,,,,
https://goldapple.ru/19000209043-tuscan-leather,,,,,,
https://goldapple.ru/99000115597-me-time,,,,,,
https://goldapple.ru/99000024133-sweet-sorow,,,,,,
https://goldapple.ru/19000211016-eau-the-audacity,,,,,,
https://goldapple.ru/19000230015-juniper-and-smoke,,,,,,
https://goldapple.ru/99000041712-obsession,,,,,,
https://goldapple.ru/19000214991-eau-du-soir,,,,,,
https://goldapple.ru/19000196738-monkey,,,,,,
https://goldapple.ru/19000437945-wild-oud,,,,,,
https://goldapple.ru/99000078615-chocolate-oud,,,,,,
https://goldapple.ru/99000070001-forte-sport,,,,,,
https://goldapple.ru/19000386302-savon-parfume-set-54,,,,,,
https://goldapple.ru/99000120071-gardenia,,,,,,
https://goldapple.ru/19000502188-rp-paris-so-oud,,,,,,
https://goldapple.ru/19000287576-amber-wood,,,,,,
https://goldapple.ru/19000202046-j-adore-gelee-d-or,,,,,,
https://goldapple.ru/7190500018-addict,,,,,,
https://goldapple.ru/19000419612-vetiver-bergamot,,,,,,
https://goldapple.ru/19000420947-clori,,,,,,
https://goldapple.ru/19000120511-bali-palm-soncrete-cernyj,,,,,,
https://goldapple.ru/19000059326-accento-overdose,,,,,,
https://goldapple.ru/19000264086-2,,,,,,
https://goldapple.ru/26140600004-ambre,,,,,,
https://goldapple.ru/19000321474-vento-di-mare,,,,,,
https://goldapple.ru/19000161479-eywa-blessings-from-nature,,,,,,
https://goldapple.ru/19000296555-svezaa-trava,,,,,,
https://goldapple.ru/19000059070-bohemian-lime,,,,,,
https://goldapple.ru/84140600002-agua-de-loewe-ella,,,,,,
https://goldapple.ru/19000374374-vetiver-i-sandal,,,,,,
https://goldapple.ru/19000301354-crackling-fire,,,,,,
https://goldapple.ru/19000497589-zielinski-rozen-bestsellers-2,,,,,,
https://goldapple.ru/19000088230-t-mat,,,,,,
https://goldapple.ru/19000428723-fantasia-veneta,,,,,,
https://goldapple.ru/19000108275-ambre-blanc,,,,,,
https://goldapple.ru/19000182886-aramara,,,,,,
https://goldapple.ru/19000470514-lavande-noire,,,,,,
https://goldapple.ru/99000128332-blanc,,,,,,
https://goldapple.ru/19000494188-emper-unplugged,,,,,,
https://goldapple.ru/19000190233-orchid,,,,,,
https://goldapple.ru/19000432373-imperial-oud,,,,,,
https://goldapple.ru/19000125191-utaki-sacre,,,,,,
https://goldapple.ru/99000108700-palo-santo-i-sandal,,,,,,
https://goldapple.ru/19000023402-magic-night,,,,,,
https://goldapple.ru/89060600001-synactif-eau-de-parfum,,,,,,
https://goldapple.ru/99000038130-amber-powder,,,,,,
https://goldapple.ru/19000321442-incenso-imperiale,,,,,,
https://goldapple.ru/83600100003-1a-33,,,,,,
https://goldapple.ru/19000333247-lime-tropical,,,,,,
https://goldapple.ru/83600100005-leder-6,,,,,,
https://goldapple.ru/82400200003-bigarade-concentree,,,,,,
https://goldapple.ru/19000399444-ylang-ylang-patchouli,,,,,,
https://goldapple.ru/19000268537-defy,,,,,,
https://goldapple.ru/19000304449-shimmering-body-milk,,,,,,
https://goldapple.ru/19000234967-rosso,,,,,,
https://goldapple.ru/19000460367-peach-bluebell,,,,,,
https://goldapple.ru/19000125045-the-coveted-duchess-rose,,,,,,
https://goldapple.ru/19000451144-no13-09,,,,,,
https://goldapple.ru/19000296588-apel-sin-vanil,,,,,,
https://goldapple.ru/90151100011-moss,,,,,,
https://goldapple.ru/19000402301-sunkissed-goddess,,,,,,
https://goldapple.ru/19000472584-black-tea-cherry,,,,,,
https://goldapple.ru/19000232682-balade-a-paris-soiree-sur-rooftop,,,,,,
https://goldapple.ru/19000114293-tempfluo,,,,,,
https://goldapple.ru/19000322776-charm,,,,,,
https://goldapple.ru/99000114459-santal,,,,,,
https://goldapple.ru/19000097054-parfum-17,,,,,,
https://goldapple.ru/19000010411-flower-by-kenzo,,,,,,
https://goldapple.ru/19000090600-dream,,,,,,
https://goldapple.ru/19000322886-formula-04,,,,,,
https://goldapple.ru/19000190304-spicy-amber,,,,,,
https://goldapple.ru/19000471473-adidas-chill-zone,,,,,,
https://goldapple.ru/19000259551-ambre-gold,,,,,,
https://goldapple.ru/19000348315-portofino-mandarino,,,,,,
https://goldapple.ru/19000039517-pine,,,,,,
https://goldapple.ru/19000284931-06-vanilla-spark,,,,,,
https://goldapple.ru/19000404780-bellosguardo,,,,,,
https://goldapple.ru/99000059016-avatar-collection,,,,,,
https://goldapple.ru/99000156489-maag-garden,,,,,,
https://goldapple.ru/19000132896-dark-cherry-amber,,,,,,
https://goldapple.ru/19000455125-lemon-lemongrass-sage,,,,,,
https://goldapple.ru/99000090090-sobranie-no15,,,,,,
https://goldapple.ru/19000157334-room-spray-marie,,,,,,
https://goldapple.ru/19000468884-sunbeam-glow,,,,,,
https://goldapple.ru/19000334799-paradise-coast,,,,,,
https://goldapple.ru/19000172683-parfum-extra-21,,,,,,
https://goldapple.ru/19000328378-bain-de-nature-coconut,,,,,,
https://goldapple.ru/19000165390-verbena,,,,,,
https://goldapple.ru/19000232655-bella-donna-intensa,,,,,,
https://goldapple.ru/19000494180-emper-genius-rose,,,,,,
https://goldapple.ru/99000026904-aroma-travel-aromatic-garden,,,,,,
https://goldapple.ru/80620100016-eau-de-campagne-bath-and-shower-gel,,,,,,
https://goldapple.ru/19000440621-13-citrus-uzu,,,,,,
https://goldapple.ru/26773900002-aoud-orchid,,,,,,
https://goldapple.ru/19000391312-baccarat,,,,,,
https://goldapple.ru/19000358633-daisy,,,,,,
https://goldapple.ru/99000018522-lavka-s-pranostami,,,,,,
https://goldapple.ru/15750300005-lesnaa-zemlanika-i-polevye-travy,,,,,,
https://goldapple.ru/19000121301-sapphire,,,,,,
https://goldapple.ru/19000180573-vesennij-buket,,,,,,
https://goldapple.ru/19000295732-luxurious-volume-and-density,,,,,,
https://goldapple.ru/19000225169-musc-ambre-gris-deluxe-wood-coffret,,,,,,
https://goldapple.ru/19000298134-versailles-tresor-de-jardin,,,,,,
https://goldapple.ru/19000222804-l-eau-mixte,,,,,,
https://goldapple.ru/19000322812-bergamotto-di-calabria,,,,,,
https://goldapple.ru/19000147700-highgrove-bouquet,,,,,,
https://goldapple.ru/19000220505-en-prise,,,,,,
https://goldapple.ru/19000427074-russkaa-knazna,,,,,,
https://goldapple.ru/19000440566-the-balance,,,,,,
https://goldapple.ru/99000037771-etna,,,,,,
https://goldapple.ru/99000021902-brilliant-dubai,,,,,,
https://goldapple.ru/19000400755-bergamot-vetiver,,,,,,
https://goldapple.ru/83730600003-rand,,,,,,
https://goldapple.ru/19000296740-caramel,,,,,,
https://goldapple.ru/3270200002-cool-water-man,,,,,,
https://goldapple.ru/19000450749-silver-saffron,,,,,,
https://goldapple.ru/19000488818-donna-brunello-aldeidato,,,,,,
https://goldapple.ru/99000051754-jupiter,,,,,,
https://goldapple.ru/99000140998-boca-aroma-sea-touch,,,,,,
https://goldapple.ru/19000338070-mystic-bliss,,,,,,
https://goldapple.ru/19000206955-friday-night-out,,,,,,
https://goldapple.ru/19000125954-voluptuous-seductio,,,,,,
https://goldapple.ru/19000374381-sliva-i-med,,,,,,
https://goldapple.ru/19000206601-nights-in-noto,,,,,,
https://goldapple.ru/19000457279-aqua-sky,,,,,,
https://goldapple.ru/19000287586-cashmere-warm-oud,,,,,,
https://goldapple.ru/19000229067-creme-de-cassis,,,,,,
https://goldapple.ru/19000300673-tartan-calling,,,,,,
https://goldapple.ru/19000298635-pour-femme,,,,,,
https://goldapple.ru/19000064850-gentleman-private-collection-12,,,,,,
https://goldapple.ru/19000182853-arabian-nights,,,,,,
https://goldapple.ru/19000499651-eden-whispers-of-paris,,,,,,
https://goldapple.ru/19000235978-sunshine-woman,,,,,,
https://goldapple.ru/19000438304-tuberoza,,,,,,
https://goldapple.ru/19000413551-pitch-and-toss,,,,,,
https://goldapple.ru/7012100005-beautiful-belle,,,,,,
https://goldapple.ru/19000328557-alhan,,,,,,
https://goldapple.ru/19000311817-composition-6,,,,,,
https://goldapple.ru/19000296524-zasmin,,,,,,
https://goldapple.ru/19000365481-true-instinct,,,,,,
https://goldapple.ru/83322000007-english-pear-freesia,,,,,,
https://goldapple.ru/19000301045-fiery-fig-24-05,,,,,,
https://goldapple.ru/19000482210-the-one-pour-homme,,,,,,
https://goldapple.ru/99000109906-black-pearl,,,,,,
https://goldapple.ru/19760307683-on-my-way-pret-a-tout,,,,,,
https://goldapple.ru/19000099034-incense-patchouli,,,,,,
https://goldapple.ru/26070300003-new-tradition,,,,,,
https://goldapple.ru/19000234752-blanc,,,,,,
https://goldapple.ru/19000136061-divine-vanille-by-olivier-pescheux,,,,,,
https://goldapple.ru/19000326755-mountain-air,,,,,,
https://goldapple.ru/19000399458-black-tea-lumi,,,,,,
https://goldapple.ru/19000245449-kokosovyj-oreh,,,,,,
https://goldapple.ru/19000139500-salt-cyclamen,,,,,,
https://goldapple.ru/99000104269-l-imperatrice,,,,,,
https://goldapple.ru/19000291932-yuzu-mandarin,,,,,,
https://goldapple.ru/19760310366-uomo-born-in-roma,,,,,,
https://goldapple.ru/19000440630-fabula-novel,,,,,,
https://goldapple.ru/19000282699-sakura-blossom,,,,,,
https://goldapple.ru/99000109307-bergamot-i-koza,,,,,,
https://goldapple.ru/99000082839-limon-bergamot-mirra,,,,,,
https://goldapple.ru/19000234760-dark-vanilla,,,,,,
https://goldapple.ru/19000247123-black-pepper-leather,,,,,,
https://goldapple.ru/19000143310-l-eau-virile,,,,,,
https://goldapple.ru/99000070836-intimate-sweet,,,,,,
https://goldapple.ru/19000451136-no13-01,,,,,,
https://goldapple.ru/99000019536-temnyj-sokolad-i-apel-sin,,,,,,
https://goldapple.ru/99000121234-irmos,,,,,,
https://goldapple.ru/19000082713-amsterdam-weekdays,,,,,,
https://goldapple.ru/19000399101-liquors-absolu,,,,,,
https://goldapple.ru/99000114145-paculi-i-derevo,,,,,,
https://goldapple.ru/19000172668-parfum-extra-6,,,,,,
https://goldapple.ru/19000292394-comme-une-evidence,,,,,,
https://goldapple.ru/19000432173-decor-limited-ficum-blue,,,,,,
https://goldapple.ru/19000306198-list-tabaka-i-koriandr,,,,,,
https://goldapple.ru/19000058275-new-york,,,,,,
https://goldapple.ru/99000055021-carousel-svetiver-and-golden-vanilla,,,,,,
https://goldapple.ru/19000317371-backstage,,,,,,
https://goldapple.ru/7140200001-l-air-du-temps,,,,,,
https://goldapple.ru/19000220968-anti-age,,,,,,
https://goldapple.ru/99000107095-pink-sand,,,,,,
https://goldapple.ru/83080200006-what-about-pop,,,,,,
https://goldapple.ru/19000060263-apple-lotus,,,,,,
https://goldapple.ru/19000234959-ginger-bread,,,,,,
https://goldapple.ru/99000044208-tropical-fruit,,,,,,
https://goldapple.ru/19000284670-jasmine-sambac-marigold,,,,,,
https://goldapple.ru/19000235940-blossom-love-woman,,,,,,
https://goldapple.ru/19000308551-les-infinis-saint-honore,,,,,,
https://goldapple.ru/19000155401-cashmere,,,,,,
https://goldapple.ru/15520200008-muschio-bianco-acqua-di-colonia,,,,,,
https://goldapple.ru/19000192218-super-hit,,,,,,
https://goldapple.ru/19000259599-neroli-patchouli-honey-amber,,,,,,
https://goldapple.ru/99000147307-sela-vanil-nyj-sifon,,,,,,
https://goldapple.ru/19000109666-emerald-green,,,,,,
https://goldapple.ru/7190300053-j-adore,,,,,,
https://goldapple.ru/19000494179-emper-genius-lover,,,,,,
https://goldapple.ru/19000017912-joker,,,,,,
https://goldapple.ru/99000009836-constantine-01,,,,,,
https://goldapple.ru/19000143300-rose-noire,,,,,,
https://goldapple.ru/81993900001-in-white-intense,,,,,,
https://goldapple.ru/19000155373-tropical-vanilla,,,,,,
https://goldapple.ru/19000331475-brace,,,,,,
https://goldapple.ru/99000137441-kamali-vdohnovlaj,,,,,,
https://goldapple.ru/19000463919-decollete,,,,,,
https://goldapple.ru/26770800003-cafe-aoud,,,,,,
https://goldapple.ru/19000059325-accento,,,,,,
https://goldapple.ru/19000260482-velvet-oud,,,,,,
https://goldapple.ru/19000023401-cozy-fireplace,,,,,,
https://goldapple.ru/19000304468-macadamia,,,,,,
https://goldapple.ru/19000315577-mud,,,,,,
https://goldapple.ru/19000501710-borntostandout-dirty-milk,,,,,,
https://goldapple.ru/99000134487-sweet-memories-jelly-bears,,,,,,
https://goldapple.ru/19000405994-pheromone,,,,,,
https://goldapple.ru/19000321517-borgo-degli-agrumi,,,,,,
https://goldapple.ru/99000061637-lavander,,,,,,
https://goldapple.ru/19000020471-champs-elysees,,,,,,
https://goldapple.ru/19000468478-bois-de-mangrove,,,,,,
https://goldapple.ru/19000147788-cherry-lips,,,,,,
https://goldapple.ru/83080200003-grape-pearls,,,,,,
https://goldapple.ru/19000109149-no2-3-14,,,,,,
https://goldapple.ru/19000407950-pacific-rock-moss,,,,,,
https://goldapple.ru/99000005121-flame,,,,,,
https://goldapple.ru/19000454032-rozmarin-lavr-salfej,,,,,,
https://goldapple.ru/19000150833-roboris-black-line,,,,,,
https://goldapple.ru/19000278130-tobacco-leaf,,,,,,
https://goldapple.ru/19000344555-ricina,,,,,,
https://goldapple.ru/19000395996-rosso-nobile-red-tourmaline,,,,,,
https://goldapple.ru/99000086760-antistress,,,,,,
https://goldapple.ru/19000196093-fico-e-pera,,,,,,
https://goldapple.ru/19000015912-mikado-intense-cotton,,,,,,
https://goldapple.ru/99000042936-lavanda-vinogradnaa-kostocka,,,,,,
https://goldapple.ru/19000424765-h2-harmony,,,,,,
https://goldapple.ru/19000333248-rouge-litchi,,,,,,
https://goldapple.ru/99000091570-tahiti,,,,,,
https://goldapple.ru/19000321552-verde-lorena,,,,,,
https://goldapple.ru/19000381326-sacred-ritual,,,,,,
https://goldapple.ru/19000145085-dylan-purple,,,,,,
https://goldapple.ru/19000478123-1926,,,,,,
https://goldapple.ru/19000347964-joker,,,,,,
https://goldapple.ru/19000004552-rosemary-lemon-neroli,,,,,,
https://goldapple.ru/19000454799-vibes-chill-zone-fragrance,,,,,,
https://goldapple.ru/19000120331-shadow-for-him-ii,,,,,,
https://goldapple.ru/26800900002-masculine-pluriel,,,,,,
https://goldapple.ru/19000348310-harem-secrets,,,,,,
https://goldapple.ru/19000434156-la-niche-narcotique-embrace,,,,,,
https://goldapple.ru/19000334204-rose-black-pepper,,,,,,
https://goldapple.ru/19000400754-green-mango-ylang-ylang,,,,,,
https://goldapple.ru/19000446469-apple-lotus,,,,,,
https://goldapple.ru/99000028967-blackcurrant,,,,,,
https://goldapple.ru/19000487111-peony-grape,,,,,,
https://goldapple.ru/19000408235-inspired-nature,,,,,,
https://goldapple.ru/19000467301-amberwood-vanilla-davana,,,,,,
https://goldapple.ru/19000420572-vanilla,,,,,,
https://goldapple.ru/19000139487-maltol-cinnamon,,,,,,
https://goldapple.ru/19000322316-orange-jasmine,,,,,,
https://goldapple.ru/99000075749-jardin-botanique,,,,,,
https://goldapple.ru/19000225803-white-mountains,,,,,,
https://goldapple.ru/19000325804-i,,,,,,
https://goldapple.ru/19000090631-gold-jacquard,,,,,,
https://goldapple.ru/19000272870-for-her,,,,,,
https://goldapple.ru/19000257264-eau-parfumee-au-the-noir-intense,,,,,,
https://goldapple.ru/19000312587-mr-burberry,,,,,,
https://goldapple.ru/19000478495-visna,,,,,,
https://goldapple.ru/19000293588-lesnaa-malina-i-dusica,,,,,,
https://goldapple.ru/19000202655-aroma-diffuser,,,,,,
https://goldapple.ru/7430300007-crystal-noir,,,,,,
https://goldapple.ru/99000147780-noe,,,,,,
https://goldapple.ru/19000453861-shining-dreams,,,,,,
https://goldapple.ru/19000024443-venenum,,,,,,
https://goldapple.ru/19000347958-sea-breeze,,,,,,
https://goldapple.ru/99000059876-tropiceskaa-voda,,,,,,
https://goldapple.ru/99000122634-ruby-grapefruit,,,,,,
https://goldapple.ru/19000407395-la-mia-roma,,,,,,
https://goldapple.ru/19000429279-cherry-oud,,,,,,
https://goldapple.ru/19000451564-presence,,,,,,
https://goldapple.ru/26180500002-royal-jardins-de-france-luxembourg,,,,,,
https://goldapple.ru/19000381049-g-006,,,,,,
https://goldapple.ru/19000009179-incense-marie,,,,,,
https://goldapple.ru/19000006159-legacy-black-walnut-legend,,,,,,
https://goldapple.ru/26730400001-gypsy-water,,,,,,
https://goldapple.ru/19000222196-hiver-caniculaire,,,,,,
https://goldapple.ru/19000177533-rosa-carmen,,,,,,
https://goldapple.ru/19000191681-free-d-homme,,,,,,
https://goldapple.ru/99000059705-mango-with-coconut-oil,,,,,,
https://goldapple.ru/19000434176-bohemia-emerald,,,,,,
https://goldapple.ru/19000399391-hope,,,,,,
https://goldapple.ru/19760340609-orange-jasmine-vanilla,,,,,,
https://goldapple.ru/19000368995-happy-for-him,,,,,,
https://goldapple.ru/19000467886-silent-night,,,,,,
https://goldapple.ru/99000052893-candle-of-requirement,,,,,,
https://goldapple.ru/99000040448-the-first-love-no17,,,,,,
https://goldapple.ru/19000121033-la-fin-du-monde,,,,,,
https://goldapple.ru/19000448531-city-sexy-sexy,,,,,,
https://goldapple.ru/99000109701-ice-cream-limonnyj-sorbet,,,,,,
https://goldapple.ru/7191500009-miss-dior-original,,,,,,
https://goldapple.ru/19000062893-f010,,,,,,
https://goldapple.ru/19000293263-time-to-rest-amber,,,,,,
https://goldapple.ru/19000440613-the-nicety,,,,,,
https://goldapple.ru/19000303154-entre-acte,,,,,,
https://goldapple.ru/19000424748-sans-rival,,,,,,
https://goldapple.ru/99000042360-breakfast-in-bed,,,,,,
https://goldapple.ru/19000038868-citrus,,,,,,
https://goldapple.ru/26422200011-mirto-di-panarea,,,,,,
https://goldapple.ru/19000180576-vanil-nyj-desert,,,,,,
https://goldapple.ru/99000088429-cistoe-bel-e,,,,,,
https://goldapple.ru/19000181922-sunny-island,,,,,,
https://goldapple.ru/19000339436-kama,,,,,,
https://goldapple.ru/26802200002-globe-trotter-zinc-edition,,,,,,
https://goldapple.ru/19000227763-melon-and-mint,,,,,,
https://goldapple.ru/19000440564-the-dream,,,,,,
https://goldapple.ru/99000056162-desert-of-my-heart-atelier-moderne,,,,,,
https://goldapple.ru/19000208985-ohsphalte,,,,,,
https://goldapple.ru/19000429277-cherry-oud,,,,,,
https://goldapple.ru/19000201939-tobacco-amber,,,,,,
https://goldapple.ru/99000029076-caj-latte-hvojnyj-les,,,,,,
https://goldapple.ru/19000378834-velvet-incense,,,,,,
https://goldapple.ru/81991500002-in-white,,,,,,
https://goldapple.ru/83430100019-mango-skin,,,,,,
https://goldapple.ru/19000431985-mad-honey,,,,,,
https://goldapple.ru/19000430131-hot-bread,,,,,,
https://goldapple.ru/19000225812-vip-person,,,,,,
https://goldapple.ru/99000046185-memories,,,,,,
https://goldapple.ru/19000304229-felice,,,,,,
https://goldapple.ru/19000128422-amber-rouge,,,,,,
https://goldapple.ru/99000088428-babl-ti,,,,,,
https://goldapple.ru/19000232750-uvlaznausij-cvetusie-maki-i-verbena,,,,,,
https://goldapple.ru/19000118645-mediterraneo,,,,,,
https://goldapple.ru/19000467326-rosemary-lemon,,,,,,
https://goldapple.ru/19000470777-escentric-no2,,,,,,
https://goldapple.ru/19000487599-dolce-gabbana-sicily-re-edition-2003,,,,,,
https://goldapple.ru/19000121298-diamond,,,,,,
https://goldapple.ru/19000293592-tul-pan-i-mimoza,,,,,,
https://goldapple.ru/19000172805-love-don-t-be-shy,,,,,,
https://goldapple.ru/19000222794-angelys-pear,,,,,,
https://goldapple.ru/80790900002-candy,,,,,,
https://goldapple.ru/19000088294-vanille-coco,,,,,,
https://goldapple.ru/19000335656-vecer-u-kamina,,,,,,
https://goldapple.ru/19000059307-original-collection-x-masculine,,,,,,
https://goldapple.ru/19000316833-p043,,,,,,
https://goldapple.ru/19000088218-masaki-masaki,,,,,,
https://goldapple.ru/19000154011-white-musk,,,,,,
https://goldapple.ru/99000037528-olifant,,,,,,
https://goldapple.ru/19000358822-ananda-nectar,,,,,,
https://goldapple.ru/19000159044-ellena-ambre-et-tonka,,,,,,
https://goldapple.ru/19000464866-grand-soir,,,,,,
https://goldapple.ru/19000459514-powder-love,,,,,,
https://goldapple.ru/19000011569-atelier-versace-iris-d-elite,,,,,,
https://goldapple.ru/99000032754-ti-sento,,,,,,
https://goldapple.ru/19000488816-donna-amoretto-reale,,,,,,
https://goldapple.ru/19000378835-sable-gris,,,,,,
https://goldapple.ru/19000399142-bohemia-266,,,,,,
https://goldapple.ru/19000446484-soft-powder-touch,,,,,,
https://goldapple.ru/19000419610-tonka,,,,,,
https://goldapple.ru/19000453074-monaco,,,,,,
https://goldapple.ru/19000298133-paris-mon-amour,,,,,,
https://goldapple.ru/19000139470-amante-andalucia,,,,,,
https://goldapple.ru/19000424754-longueur-d-onde,,,,,,
https://goldapple.ru/19000451185-no50-17,,,,,,
https://goldapple.ru/19000296543-aromaterapia,,,,,,
https://goldapple.ru/19000310416-ozon-i-roza,,,,,,
https://goldapple.ru/19000420948-clori,,,,,,
https://goldapple.ru/19000127046-black-incense-malaki,,,,,,
https://goldapple.ru/19000446047-honour-woman,,,,,,
https://goldapple.ru/19000457150-cornflower,,,,,,
https://goldapple.ru/19000467305-amberwood-vanilla-davana,,,,,,
https://goldapple.ru/19000311816-composition-5,,,,,,
https://goldapple.ru/19000062909-f028,,,,,,
https://goldapple.ru/19000345234-black-pepper-vetiver-neroli-amber,,,,,,
https://goldapple.ru/19000088273-freesia-magnolia,,,,,,
https://goldapple.ru/19000118762-limonaia,,,,,,
https://goldapple.ru/99000090766-mimosa-cardamon,,,,,,
https://goldapple.ru/19000327407-dla-kozerogov,,,,,,
https://goldapple.ru/19000287587-ombre-notes,,,,,,
https://goldapple.ru/19000012425-new-study,,,,,,
https://goldapple.ru/19000222652-cotton-lily,,,,,,
https://goldapple.ru/19000266088-cherry-gourmet,,,,,,
https://goldapple.ru/19000429228-vanilla-powdery,,,,,,
https://goldapple.ru/90151300007-8018,,,,,,
https://goldapple.ru/19000377337-falkar,,,,,,
https://goldapple.ru/19000155814-l-eau-revee-d-hubert,,,,,,
https://goldapple.ru/19000192248-voilet-rosemary,,,,,,
https://goldapple.ru/99000089196-sicilian-orange-labdhanum,,,,,,
https://goldapple.ru/19000186238-addiction,,,,,,
https://goldapple.ru/19000472595-black-tea-cherry,,,,,,
https://goldapple.ru/19000433674-snakes-vanilla-sichuan-pepper,,,,,,
https://goldapple.ru/19000122321-lily,,,,,,
https://goldapple.ru/19000334806-tobacco-vanilla,,,,,,
https://goldapple.ru/19000413558-spring-spirit,,,,,,
https://goldapple.ru/19000296775-cvetok-malen-kij-lilovyj,,,,,,
https://goldapple.ru/19000099001-coub-vanilla,,,,,,
https://goldapple.ru/19000260348-isola-sol,,,,,,
https://goldapple.ru/19000233092-delice,,,,,,
https://goldapple.ru/19000342024-hacivat-x,,,,,,
https://goldapple.ru/19000328561-hawas,,,,,,
https://goldapple.ru/19000484533-arabian-cherry-attar,,,,,,
https://goldapple.ru/99000037971-altai,,,,,,
https://goldapple.ru/19000121028-jasmin-et-cigarette,,,,,,
https://goldapple.ru/19000186241-cashmere,,,,,,
https://goldapple.ru/19000249288-cherie-gloss,,,,,,
https://goldapple.ru/19000161612-other-side,,,,,,
https://goldapple.ru/99000146301-kamali-mon-tresor,,,,,,
https://goldapple.ru/19000338811-fresh-valley,,,,,,
https://goldapple.ru/19000215158-vanille,,,,,,
https://goldapple.ru/19000268504-hero,,,,,,
https://goldapple.ru/19000378956-zasmin-lemongrass-i-ambra,,,,,,
https://goldapple.ru/19000381331-golden-era,,,,,,
https://goldapple.ru/19000268064-no20-balm-leather,,,,,,
https://goldapple.ru/19000450600-mare,,,,,,
https://goldapple.ru/19000331908-cold-galaxy,,,,,,
https://goldapple.ru/19000454158-goddess,,,,,,
https://goldapple.ru/19000404495-spices-and-cedar,,,,,,
https://goldapple.ru/19000077997-base-warm-sandalwood,,,,,,
https://goldapple.ru/19000118778-rosso-fiorentino,,,,,,
https://goldapple.ru/19000440601-the-nicety,,,,,,
https://goldapple.ru/26480100009-sochi-onyx,,,,,,
https://goldapple.ru/83700300011-giglio-di-firenze,,,,,,
https://goldapple.ru/99000134223-aromat-uglej-kal-ana,,,,,,
https://goldapple.ru/19000449267-vetiver-neroli-bergamot,,,,,,
https://goldapple.ru/99000110799-gingerbread,,,,,,
https://goldapple.ru/99000133724-mystic-cherry,,,,,,
https://goldapple.ru/19000455597-coco-sun,,,,,,
https://goldapple.ru/19000396236-crystal-saffron,,,,,,
https://goldapple.ru/26774300001-sicily,,,,,,
https://goldapple.ru/19000105940-no5-ginger-vanilla-verviene,,,,,,
https://goldapple.ru/19000118776-poppy,,,,,,
https://goldapple.ru/19000021511-moss,,,,,,
https://goldapple.ru/83690100002-ambra-calabria,,,,,,
https://goldapple.ru/82510800009-mint-tonic,,,,,,
https://goldapple.ru/19760310140-french-gallantry,,,,,,
https://goldapple.ru/19000196140-signoria-90-anniversario,,,,,,
https://goldapple.ru/19000089320-goracij-sokolad,,,,,,
https://goldapple.ru/19000155355-antitobacco,,,,,,
https://goldapple.ru/19000412480-silk,,,,,,
https://goldapple.ru/99000003399-carolina,,,,,,
https://goldapple.ru/19760331238-oakmoss-amber,,,,,,
https://goldapple.ru/19000186116-edge-sandalwood-bergamot-citrus-bezevaa,,,,,,
https://goldapple.ru/19000186117-edge-sandalwood-bergamot-citrus-seraa,,,,,,
https://goldapple.ru/99000004326-no1-frozen-black-pepper,,,,,,
https://goldapple.ru/19000210776-vienna-opera,,,,,,
https://goldapple.ru/19760301706-black-pepper-amber-neroli,,,,,,
https://goldapple.ru/19000413184-reine-de-midi,,,,,,
https://goldapple.ru/19000313985-bamboo,,,,,,
https://goldapple.ru/99000056862-wash,,,,,,
https://goldapple.ru/19000308546-yes-i-am-the-king-parfume,,,,,,
https://goldapple.ru/19000182860-les-exclusives-aurum,,,,,,
https://goldapple.ru/19000247122-cashmere-wood,,,,,,
https://goldapple.ru/19760332199-the-oud-affair,,,,,,
https://goldapple.ru/19000146804-tualetnaa-voda,,,,,,
https://goldapple.ru/19000326665-perfumed-set,,,,,,
https://goldapple.ru/19000422950-we-love-so-matcha,,,,,,
https://goldapple.ru/19000234985-tobacco-vanilla,,,,,,
https://goldapple.ru/19000465869-french-brandy-cake,,,,,,
https://goldapple.ru/19000133627-femme-magique,,,,,,
https://goldapple.ru/19000268062-vesennij-sad,,,,,,
https://goldapple.ru/19000459148-lime-grapefruit,,,,,,
https://goldapple.ru/99000128232-parfumernaa-voda-love-republic-shadow-10ml,,,,,,
https://goldapple.ru/19760332182-chicago-high,,,,,,
https://goldapple.ru/99000137099-quarz-sacred-rose-lucky-cinnamon-protect-me-mr-cedar,,,,,,
https://goldapple.ru/19000402286-iris-hand-cream,,,,,,
https://goldapple.ru/19000035807-717,,,,,,
https://goldapple.ru/19000451223-no10-20,,,,,,
https://goldapple.ru/99000059028-solar,,,,,,
https://goldapple.ru/19000264460-all-of-me,,,,,,
https://goldapple.ru/19000290629-oud-island,,,,,,
https://goldapple.ru/99000123002-swim,,,,,,
https://goldapple.ru/99000075753-sweater-weather,,,,,,
https://goldapple.ru/19000487586-dolce-gabbana-the-one-pour-homme,,,,,,
https://goldapple.ru/19000009361-belle-joueuse,,,,,,
https://goldapple.ru/19000213875-meadow-flowers,,,,,,
https://goldapple.ru/19000311989-purifying-candle,,,,,,
https://goldapple.ru/82081800001-french-leather,,,,,,
https://goldapple.ru/19000306256-tikovoe-derevo-i-tabak,,,,,,
https://goldapple.ru/19000235970-lyric-man,,,,,,
https://goldapple.ru/99000038159-rhubarbe-radiance,,,,,,
https://goldapple.ru/19000378751-white-tea-rituals,,,,,,
https://goldapple.ru/19000319129-tobacco-vanille,,,,,,
https://goldapple.ru/19000382668-l-animal,,,,,,
https://goldapple.ru/19000431980-dirty-heaven,,,,,,
https://goldapple.ru/19000338812-waking-breeze,,,,,,
https://goldapple.ru/19000485521-old-fashion,,,,,,
https://goldapple.ru/19000445878-eros,,,,,,
https://goldapple.ru/19000118700-bianco-di-bacco,,,,,,
https://goldapple.ru/19000465891-american-movies,,,,,,
https://goldapple.ru/19000321505-polvere-d-iris,,,,,,
https://goldapple.ru/7791000001-suu,,,,,,
https://goldapple.ru/99000150163-mino-rove-r-cranberry-prosecco,,,,,,
https://goldapple.ru/19000191682-homme,,,,,,
https://goldapple.ru/26422500002-colonia-essenza,,,,,,
https://goldapple.ru/99000042348-sharp-rosa,,,,,,
https://goldapple.ru/99000105025-udovoe-derevo,,,,,,
https://goldapple.ru/99000156503-maag-rose-allure,,,,,,
https://goldapple.ru/26170900001-sweet-vanilla,,,,,,
https://goldapple.ru/19000311736-vanil-ambra-i-boby-tonka,,,,,,
https://goldapple.ru/19000332166-ex-vetiver,,,,,,
https://goldapple.ru/83321800007-lime-basil-mandarin,,,,,,
https://goldapple.ru/19000156581-canadian-pine,,,,,,
https://goldapple.ru/19000498156-aroma-harmony-sad-poeta,,,,,,
https://goldapple.ru/19000234936-salty-water,,,,,,
https://goldapple.ru/19000228178-smoking-hot,,,,,,
https://goldapple.ru/19000312568-eternity-aromatic-essence-w-intense,,,,,,
https://goldapple.ru/19000051924-for-him,,,,,,
https://goldapple.ru/19000295209-born-in-roma-uomogreen,,,,,,
https://goldapple.ru/19000138151-pepper-sedar,,,,,,
https://goldapple.ru/26169500001-intense-pepper,,,,,,
https://goldapple.ru/19000041539-colonia-c-l-u-b,,,,,,
https://goldapple.ru/19000098966-in-france-blooming-peony-body-lotion,,,,,,
https://goldapple.ru/99000026022-freedom,,,,,,
https://goldapple.ru/99000055576-bana,,,,,,
https://goldapple.ru/19000288450-sparkling-fruit,,,,,,
https://goldapple.ru/19000448666-smorodina,,,,,,
https://goldapple.ru/26422300004-magnolia-nobile,,,,,,
https://goldapple.ru/19000445883-pour-homme,,,,,,
https://goldapple.ru/19760329921-berry,,,,,,
https://goldapple.ru/19000252791-1472-la-divina-commedia,,,,,,
https://goldapple.ru/19000120794-fougair,,,,,,
https://goldapple.ru/19000427057-white-page-clear-light,,,,,,
https://goldapple.ru/19000378824-sandalwood-musk,,,,,,
https://goldapple.ru/19000292524-no01-tuscan-vineyard,,,,,,
https://goldapple.ru/19000463930-reprise,,,,,,
https://goldapple.ru/19000482474-black-orchid,,,,,,
https://goldapple.ru/99000138535-etosvechi-roza,,,,,,
https://goldapple.ru/19000122374-sweet-leaf,,,,,,
https://goldapple.ru/99000110936-eternal-glow,,,,,,
https://goldapple.ru/99000078577-black-pepper-amber-neroli,,,,,,
https://goldapple.ru/19000184759-uniform-don-t-look-back,,,,,,
https://goldapple.ru/19000288010-some-awesome,,,,,,
https://goldapple.ru/19000486979-sandalwood-heart,,,,,,
https://goldapple.ru/19000322612-l-12-12-rose-fraiche,,,,,,
https://goldapple.ru/19000479381-love-don-t-be-shy,,,,,,
https://goldapple.ru/19000423708-molecular-journey,,,,,,
https://goldapple.ru/19000388648-chiudi-gli-occhi-e-poi-vedi,,,,,,
https://goldapple.ru/19000464077-kedr-i-muskus,,,,,,
https://goldapple.ru/99000118075-tulum-junglescape,,,,,,
https://goldapple.ru/19000455602-miami-vibes,,,,,,
https://goldapple.ru/19000222796-cap-neroli,,,,,,
https://goldapple.ru/19000404782-cool-elixir,,,,,,
https://goldapple.ru/19000445881-eros-najim,,,,,,
https://goldapple.ru/99000156457-maag-apple-bloom,,,,,,
https://goldapple.ru/19000432175-aramara-7x7-sm,,,,,,
https://goldapple.ru/19000151931-mint,,,,,,
https://goldapple.ru/19000308585-pure-red,,,,,,
https://goldapple.ru/19000155816-l-eau-revee-d-ikar,,,,,,
https://goldapple.ru/19000118750-bubble-gum,,,,,,
https://goldapple.ru/7512800001-cool-water-intense-man,,,,,,
https://goldapple.ru/19000241265-touch-of-pink,,,,,,
https://goldapple.ru/19000474564-ambra,,,,,,
https://goldapple.ru/19000165392-cashmere,,,,,,
https://goldapple.ru/19000094653-night,,,,,,
https://goldapple.ru/19000152489-tinto,,,,,,
https://goldapple.ru/19000329370-byzance,,,,,,
https://goldapple.ru/19000424994-eggs,,,,,,
https://goldapple.ru/19000321509-diamante,,,,,,
https://goldapple.ru/99000128593-sparkling-fruits,,,,,,
https://goldapple.ru/19000482627-green-tea,,,,,,
https://goldapple.ru/19000263812-osmanthus,,,,,,
https://goldapple.ru/19000374351-bergamot-i-ozon,,,,,,
https://goldapple.ru/83080100002-blessing-silence,,,,,,
https://goldapple.ru/19000196105-ambra-nera,,,,,,
https://goldapple.ru/19000256107-oud-bergamot-home-candle,,,,,,
https://goldapple.ru/19760327261-feminity,,,,,,
https://goldapple.ru/19000107441-flower-by-kenzo-l-absolue,,,,,,
https://goldapple.ru/19000300215-freshness,,,,,,
https://goldapple.ru/19000222650-naranja-menta,,,,,,
https://goldapple.ru/19000440505-3-tabak-bergamot,,,,,,
https://goldapple.ru/19000113561-dla-blagovonij,,,,,,
https://goldapple.ru/19000154584-oceanic-amber-eau-de-toilette,,,,,,
https://goldapple.ru/19000459151-cherry,,,,,,
https://goldapple.ru/19000402208-tobacco-cherry,,,,,,
https://goldapple.ru/19000139405-eau-de-parfum-rhubay,,,,,,
https://goldapple.ru/19000143306-au-bout-du-monde,,,,,,
https://goldapple.ru/7821700004-l-homme,,,,,,
https://goldapple.ru/19000486982-gold-dragon-blood,,,,,,
https://goldapple.ru/19000293596-snow-palace,,,,,,
https://goldapple.ru/19000058273-amsterdam,,,,,,
https://goldapple.ru/19000440472-stereotype-brace,,,,,,
https://goldapple.ru/99000052883-gentle-reminder,,,,,,
https://goldapple.ru/99000038614-heavenly-sun,,,,,,
https://goldapple.ru/19000234754-carolina,,,,,,
https://goldapple.ru/19000062920-h006,,,,,,
https://goldapple.ru/19000173522-zoya-amaretto,,,,,,
https://goldapple.ru/19000212627-siesta-beach,,,,,,
https://goldapple.ru/19000436932-bois-narcotique-602,,,,,,
https://goldapple.ru/19000035803-leather-sandalwood-amber,,,,,,
https://goldapple.ru/19000297761-cernaa-visna,,,,,,
https://goldapple.ru/99000092780-lavandovye-pola,,,,,,
https://goldapple.ru/26420100028-colonia-deodorant-stick,,,,,,
https://goldapple.ru/19000268043-wind-flower,,,,,,
https://goldapple.ru/99000134322-crushoil-p-anaa-visna,,,,,,
https://goldapple.ru/19000148500-zelenyj-caj-i-mata,,,,,,
https://goldapple.ru/19000159858-brandy,,,,,,
https://goldapple.ru/19000038913-citrus,,,,,,
https://goldapple.ru/99000067411-carmine,,,,,,
https://goldapple.ru/19000463945-elixir-of-paradise,,,,,,
https://goldapple.ru/19000120827-reliqvia,,,,,,
https://goldapple.ru/19000155604-tonka-beans,,,,,,
https://goldapple.ru/19000216519-french-vanilla,,,,,,
https://goldapple.ru/99000082818-anglijskaa-grusa-i-frezia,,,,,,
https://goldapple.ru/99000150161-mino-solace-romantic-purple-sensual-plum,,,,,,
https://goldapple.ru/19000322815-blu-mediterraneo-arancia-di-capri,,,,,,
https://goldapple.ru/19000463641-gentleman-society,,,,,,
https://goldapple.ru/99000067410-yellow,,,,,,
https://goldapple.ru/19000120776-vanilla-shot,,,,,,
https://goldapple.ru/99000127598-rozovoe-sampanskoe,,,,,,
https://goldapple.ru/19000470676-sense-of-freshness,,,,,,
https://goldapple.ru/19000212710-vanil-i-mandarin,,,,,,
https://goldapple.ru/19000288008-pinky-buds,,,,,,
https://goldapple.ru/19000322609-orange-horizon,,,,,,
https://goldapple.ru/19000381346-blue-jewel-dhoop-sticks,,,,,,
https://goldapple.ru/83700400015-bellini,,,,,,
https://goldapple.ru/99000128018-bougie-parfumee-exquisite-fir,,,,,,
https://goldapple.ru/19000169987-white-chocolate-extrait,,,,,,
https://goldapple.ru/81102900002-king-of-seduction-absolute,,,,,,
https://goldapple.ru/99000150158-mino-aurora-cranberry-prosecco,,,,,,
https://goldapple.ru/19000464864-satin-mood,,,,,,
https://goldapple.ru/19000318136-moon-flowers,,,,,,
https://goldapple.ru/19000394563-no15,,,,,,
https://goldapple.ru/19000306070-list-tabaka-i-koriandr,,,,,,
https://goldapple.ru/19000501705-borntostandout-musc-x,,,,,,
https://goldapple.ru/99000037526-lofoten,,,,,,
https://goldapple.ru/19000451553-flirting,,,,,,
https://goldapple.ru/19000297753-sladkij-tailand,,,,,,
https://goldapple.ru/19000473395-viva-la-vita,,,,,,
https://goldapple.ru/19000429020-mint-green-apple,,,,,,
https://goldapple.ru/19000301355-fleurs-d-agrumes,,,,,,
https://goldapple.ru/19000321421-bianco-divino,,,,,,
https://goldapple.ru/99000098673-oriental-star,,,,,,
https://goldapple.ru/19000333375-shadow-ice,,,,,,
https://goldapple.ru/19000482523-gal-banum-sandal,,,,,,
https://goldapple.ru/19000451220-no10-17,,,,,,
https://goldapple.ru/19000147642-very-good-girl-blush,,,,,,
https://goldapple.ru/19000455542-vulcan,,,,,,
https://goldapple.ru/99000037429-elite-pink-shell-s-feromonami,,,,,,
https://goldapple.ru/19000314038-no2,,,,,,
https://goldapple.ru/19000454853-man-for-him,,,,,,
https://goldapple.ru/99000097964-home-spa,,,,,,
https://goldapple.ru/19000318983-oud-for-greatness,,,,,,
https://goldapple.ru/99000097968-blackberry-blossom,,,,,,
https://goldapple.ru/19000502191-rp-paris-so-oud,,,,,,
https://goldapple.ru/19000235975-portrayal-man,,,,,,
https://goldapple.ru/19000406556-vibes-full-recharge,,,,,,
https://goldapple.ru/19000088297-as-de-coeur,,,,,,
https://goldapple.ru/19000314040-no8,,,,,,
https://goldapple.ru/99000071899-carribean-teakwood,,,,,,
https://goldapple.ru/19000212184-code,,,,,,
https://goldapple.ru/19000447220-nice-bergamote-by-antoine-maisondieu,,,,,,
https://goldapple.ru/99000037804-dubai,,,,,,
https://goldapple.ru/19000120337-shiro,,,,,,
https://goldapple.ru/19000403340-grib-zontik,,,,,,
https://goldapple.ru/99000045729-ambra-zasmin,,,,,,
https://goldapple.ru/19000246026-jour-9,,,,,,
https://goldapple.ru/26773100001-vanille-aoud,,,,,,
https://goldapple.ru/19000172689-parfum-3,,,,,,
https://goldapple.ru/19000424814-nina-rouge-crush,,,,,,
https://goldapple.ru/19000062957-p030,,,,,,
https://goldapple.ru/19000311808-la-nostra-storia,,,,,,
https://goldapple.ru/19000381066-g-043,,,,,,
https://goldapple.ru/7291600002-invictus,,,,,,
https://goldapple.ru/99000097980-euphoria,,,,,,
https://goldapple.ru/19000316866-mayfair-cologne,,,,,,
https://goldapple.ru/19000026685-vetiver-kardamon,,,,,,
https://goldapple.ru/19000422959-ayurveda,,,,,,
https://goldapple.ru/19000145178-les-fleurs-blue-orchid,,,,,,
https://goldapple.ru/19000293964-vanilla-smoke,,,,,,
https://goldapple.ru/99000005319-black-l,,,,,,
https://goldapple.ru/99000147324-sela-vanil-nyj-sifon,,,,,,
https://goldapple.ru/19000399440-ylang-ylang-patchouli,,,,,,
https://goldapple.ru/19000256726-grib-muhomor-perezrelyj-rozovaa,,,,,,
https://goldapple.ru/19000024505-orchid-vanilla-amber,,,,,,
https://goldapple.ru/19000440610-the-harmony,,,,,,
https://goldapple.ru/19000127404-bijou-sweet-vanilla,,,,,,
https://goldapple.ru/82092200002-this-is-not-a-blue-bottle-1-3,,,,,,
https://goldapple.ru/19000296564-masala-mirra,,,,,,
https://goldapple.ru/99000090093-sobranie-no5,,,,,,
https://goldapple.ru/99000028280-cafe-de-rose,,,,,,
https://goldapple.ru/19000213868-winter-hearth,,,,,,
https://goldapple.ru/99000071884-cvetok-coffee-shop,,,,,,
https://goldapple.ru/19000141533-urban-hero,,,,,,
https://goldapple.ru/19000380625-cocktail-de-minuit,,,,,,
https://goldapple.ru/19000428719-man-in-black,,,,,,
https://goldapple.ru/19000300655-lorev,,,,,,
https://goldapple.ru/19000306777-courcelles,,,,,,
https://goldapple.ru/99000020841-wish-hope-vanilla-dream,,,,,,
https://goldapple.ru/19000334834-self-made,,,,,,
https://goldapple.ru/19000176099-clutch-collection-be-sexy,,,,,,
https://goldapple.ru/19000067367-palo-santo-home-owner,,,,,,
https://goldapple.ru/99000059417-vanilla-patchouli-musk,,,,,,
https://goldapple.ru/19000120799-trance,,,,,,
https://goldapple.ru/83800100005-mon-vetiver,,,,,,
https://goldapple.ru/19000009153-matte-candle-maya,,,,,,
https://goldapple.ru/19000120751-memories-lab-millions-stars,,,,,,
https://goldapple.ru/19000233079-elysium,,,,,,
https://goldapple.ru/19000268356-reflection-45,,,,,,
https://goldapple.ru/19000322780-triumph,,,,,,
https://goldapple.ru/99000037833-tobacco-vanilla,,,,,,
https://goldapple.ru/19760327535-atelier-santal-boise,,,,,,
https://goldapple.ru/19000235351-reve,,,,,,
https://goldapple.ru/19000239413-late-checkout,,,,,,
https://goldapple.ru/19000382672-mary-jane,,,,,,
https://goldapple.ru/99000003406-santal,,,,,,
https://goldapple.ru/99000025726-nega,,,,,,
https://goldapple.ru/19000302304-black-sea,,,,,,
https://goldapple.ru/19000455615-i-want-choo-with-love,,,,,,
https://goldapple.ru/19000107891-aqua-allegoria-mandarine-basilic,,,,,,
https://goldapple.ru/19000181595-merazur-green,,,,,,
https://goldapple.ru/99000024896-moh-ambra-boby-tonka,,,,,,
https://goldapple.ru/19000196097-tabacco-toscano,,,,,,
https://goldapple.ru/19000232569-neznost-kozi-barhatistyj-pion-i-maslo-rozy,,,,,,
https://goldapple.ru/83250100002-velvet-collection-liwa,,,,,,
https://goldapple.ru/99000082709-limon,,,,,,
https://goldapple.ru/99000010165-quentin-02,,,,,,
https://goldapple.ru/19000041123-travel-atomizer-set-nectars,,,,,,
https://goldapple.ru/19000325132-mandorla-di-sicilia,,,,,,
https://goldapple.ru/19000172704-selective-base-2065,,,,,,
https://goldapple.ru/19000498855-maxclinic-special-blended-tea,,,,,,
https://goldapple.ru/26774500002-black-vanilla,,,,,,
https://goldapple.ru/19000180577-slejf-volsebstva,,,,,,
https://goldapple.ru/99000149739-br-al-lemon-dessert,,,,,,
https://goldapple.ru/19000234969-salty-water,,,,,,
https://goldapple.ru/19000360808-sandalwood,,,,,,
https://goldapple.ru/26801400007-baccarat-rouge-540,,,,,,
https://goldapple.ru/19000155407-lemon-cake,,,,,,
https://goldapple.ru/82401500009-musc-ravageur,,,,,,
https://goldapple.ru/7791500001-shiro,,,,,,
https://goldapple.ru/19000067217-anna,,,,,,
https://goldapple.ru/99000120285-posle-dozda,,,,,,
https://goldapple.ru/19000287302-born-to-be-unforgettable,,,,,,
https://goldapple.ru/19000431350-maminy-ob-atia,,,,,,
https://goldapple.ru/19000192252-fragrant-myrrh,,,,,,
https://goldapple.ru/19000120319-aurum,,,,,,
https://goldapple.ru/99000084752-passion,,,,,,
https://goldapple.ru/19000427066-perpetuum,,,,,,
https://goldapple.ru/19000249261-lavender,,,,,,
https://goldapple.ru/19000450746-chemin-d-amande,,,,,,
https://goldapple.ru/99000101450-cherry-blossom,,,,,,
https://goldapple.ru/99000040461-patchouli-no27,,,,,,
https://goldapple.ru/19000445876-eau-fraiche,,,,,,
https://goldapple.ru/19000180574-vesennij-buket,,,,,,
https://goldapple.ru/19000440580-the-grace,,,,,,
https://goldapple.ru/19000463942-universum,,,,,,
https://goldapple.ru/99000081641-kopajba-i-samfir,,,,,,
https://goldapple.ru/19000429021-passionfruit-musk,,,,,,
https://goldapple.ru/19000039461-peony,,,,,,
https://goldapple.ru/19000048700-bulgarian-rose-oud,,,,,,
https://goldapple.ru/99000129628-tsuyu-nocturne,,,,,,
https://goldapple.ru/19000098994-consolata,,,,,,
https://goldapple.ru/19000378842-creation-set-03-essential-trio-collection,,,,,,
https://goldapple.ru/19000088217-masaki-masaki,,,,,,
https://goldapple.ru/19000461130-jasmine-freak,,,,,,
https://goldapple.ru/19000377276-q,,,,,,
https://goldapple.ru/19000186110-edge-musk-rose-cedarwood-bezevaa,,,,,,
https://goldapple.ru/19000284671-cypress-grapevine,,,,,,
https://goldapple.ru/19000222740-caravanserail-intense,,,,,,
https://goldapple.ru/99000129186-too-pretty-for-a-job,,,,,,
https://goldapple.ru/19000208735-aqua-universalis,,,,,,
https://goldapple.ru/19000264088-4,,,,,,
https://goldapple.ru/26801100005-a-la-rose,,,,,,
https://goldapple.ru/19000203328-vitalitas,,,,,,
https://goldapple.ru/26730700008-blanche,,,,,,
https://goldapple.ru/19000306774-baron-haussmann,,,,,,
https://goldapple.ru/19000486234-l-ambre,,,,,,
https://goldapple.ru/99000018042-gentle-vanilla-flavour-vanilla-tobacco,,,,,,
https://goldapple.ru/26775800001-soleil-d-italie,,,,,,
https://goldapple.ru/19000466215-milky-vanilla,,,,,,
https://goldapple.ru/19000306104-sosna-i-paculi,,,,,,
https://goldapple.ru/19000486225-les-baies,,,,,,
https://goldapple.ru/19000010699-les-eaux-d-un-instant-intimate-white-flowers,,,,,,
https://goldapple.ru/27330200004-magnetic-wood,,,,,,
https://goldapple.ru/19000442140-bottled-beyond,,,,,,
https://goldapple.ru/7430800003-pour-homme,,,,,,
https://goldapple.ru/99000088545-christian-laura,,,,,,
https://goldapple.ru/99000110076-muzskie-cennosti,,,,,,
https://goldapple.ru/19000249525-alta,,,,,,
https://goldapple.ru/99000061038-russkij-duh,,,,,,
https://goldapple.ru/19000241391-golt,,,,,,
https://goldapple.ru/19000203074-hype-nothing-better-than-a-friend-peach-blossom,,,,,,
https://goldapple.ru/81101200001-the-secret,,,,,,
https://goldapple.ru/19000213946-winter-hearth,,,,,,
https://goldapple.ru/19000203310-vitalitas,,,,,,
https://goldapple.ru/19000062947-p013,,,,,,
https://goldapple.ru/19000454862-whenever-wherever-for-him,,,,,,
https://goldapple.ru/99000081598-pomona-vitalis,,,,,,
https://goldapple.ru/19000492751-framesi-sun,,,,,,
https://goldapple.ru/19000097790-astoria-lux,,,,,,
https://goldapple.ru/19000347965-richness,,,,,,
https://goldapple.ru/19000010723-44-gerrard-street,,,,,,
https://goldapple.ru/19000137500-black-orchid,,,,,,
https://goldapple.ru/19000386272-savon-parfume-poppy,,,,,,
https://goldapple.ru/99000095230-u625,,,,,,
https://goldapple.ru/26733400003-la-selection-florale,,,,,,
https://goldapple.ru/19000077500-figs,,,,,,
https://goldapple.ru/99000045013-sintra,,,,,,
https://goldapple.ru/99000061671-delice-vole,,,,,,
https://goldapple.ru/19000062929-h015,,,,,,
https://goldapple.ru/19000048659-french-linen,,,,,,
https://goldapple.ru/99000134730-zelenyj-negroni,,,,,,
https://goldapple.ru/7192200033-miss-dior,,,,,,
https://goldapple.ru/19000434172-la-niche-narcotique-embrace,,,,,,
https://goldapple.ru/19000453733-matsu-ki,,,,,,
https://goldapple.ru/19000209050-water,,,,,,
https://goldapple.ru/80791800004-la-femme,,,,,,
https://goldapple.ru/19000292398-moment-scast-a,,,,,,
https://goldapple.ru/19000186575-ciliegia,,,,,,
https://goldapple.ru/19000127037-love-chopard,,,,,,
https://goldapple.ru/99000076067-ritual-02,,,,,,
https://goldapple.ru/19000470772-cherry,,,,,,
https://goldapple.ru/19000287835-creamy-foam,,,,,,
https://goldapple.ru/19000179912-dandelion,,,,,,
https://goldapple.ru/19000501709-borntostandout-dirty-milk,,,,,,
https://goldapple.ru/99000076366-florentijskaa-roza,,,,,,
https://goldapple.ru/99000058778-lavanda-i-vanil,,,,,,
https://goldapple.ru/19000257642-nobile-26,,,,,,
https://goldapple.ru/19760303654-a-la-rose,,,,,,
https://goldapple.ru/19000090583-sweet-dreams,,,,,,
https://goldapple.ru/19000337185-paramour,,,,,,
https://goldapple.ru/19000120703-qi,,,,,,
https://goldapple.ru/19000399455-basil-vetiver,,,,,,
https://goldapple.ru/19000301352-by-the-ocean,,,,,,
https://goldapple.ru/19000349056-mandarin,,,,,,
https://goldapple.ru/19000067215-mira,,,,,,
https://goldapple.ru/19000472428-set-woman,,,,,,
https://goldapple.ru/19000060202-garden-of-eden,,,,,,
https://goldapple.ru/19000345823-sensitive,,,,,,
https://goldapple.ru/19000155362-coniferous-forest,,,,,,
https://goldapple.ru/19000343395-maison-vanille-desiree,,,,,,
https://goldapple.ru/19000475193-agodnyj-smuzi,,,,,,
https://goldapple.ru/19000033102-yin-transformation,,,,,,
https://goldapple.ru/19000482475-coconut-bamboo,,,,,,
https://goldapple.ru/19000424751-a-mort,,,,,,
https://goldapple.ru/19000122334-little-rose-for-you,,,,,,
https://goldapple.ru/19000120336-kuro,,,,,,
https://goldapple.ru/19000225797-out-of-rich,,,,,,
https://goldapple.ru/26771600002-wild-candy,,,,,,
https://goldapple.ru/99000037814-fleur,,,,,,
https://goldapple.ru/19000038922-bodacious,,,,,,
https://goldapple.ru/99000137092-little-love,,,,,,
https://goldapple.ru/19000321557-nero-divino,,,,,,
https://goldapple.ru/19000067380-insense-holder-grey,,,,,,
https://goldapple.ru/19000031677-ambient-fog,,,,,,
https://goldapple.ru/19000180400-forme-enamor-me,,,,,,
https://goldapple.ru/19000088241-la-nuit,,,,,,
https://goldapple.ru/19000484584-lord-george,,,,,,
https://goldapple.ru/19000360774-sandalwood,,,,,,
https://goldapple.ru/19000324267-aromatnyj-glintvejn,,,,,,
https://goldapple.ru/19000015890-le-male-le-parfum,,,,,,
https://goldapple.ru/82810300002-cologne-352,,,,,,
https://goldapple.ru/19000433676-eye-mouth-fig-lavender,,,,,,
https://goldapple.ru/19000413553-quantum,,,,,,
https://goldapple.ru/19000197495-mild,,,,,,
https://goldapple.ru/19000148364-mon-vetiver,,,,,,
https://goldapple.ru/19000467304-white-sage-neroli,,,,,,
https://goldapple.ru/99000041635-menara,,,,,,
https://goldapple.ru/26301400002-unique-love-letter,,,,,,
https://goldapple.ru/19000378833-santal-nuit,,,,,,
https://goldapple.ru/19000374105-tiziana-terenzi-casanova,,,,,,
https://goldapple.ru/19000306773-7eme,,,,,,
https://goldapple.ru/19000331105-zemla,,,,,,
https://goldapple.ru/99000027415-solenaa-karamel,,,,,,
https://goldapple.ru/19000402542-fleur-de-poirier,,,,,,
https://goldapple.ru/19000454029-rozmarin-lavr-salfej,,,,,,
https://goldapple.ru/19000429019-bergamot-narcotic,,,,,,
https://goldapple.ru/19000402314-eau-de-soleil-blanc,,,,,,
https://goldapple.ru/99000069566-matreska-belaa-bereza,,,,,,
https://goldapple.ru/19760329900-berry,,,,,,
https://goldapple.ru/19000192243-holy-basil,,,,,,
https://goldapple.ru/19000295829-cypress-jasmine-patchouli-sinij,,,,,,
https://goldapple.ru/19000498150-aroma-harmony-citrus-i-kedr,,,,,,
https://goldapple.ru/99000109343-no3-cernyj-perec,,,,,,
https://goldapple.ru/19000023474-french-lover,,,,,,
https://goldapple.ru/26723600006-flower-of-immortality,,,,,,
https://goldapple.ru/19000312562-her-elixir,,,,,,
https://goldapple.ru/19000472601-mystic-black-tea-cardamom,,,,,,
https://goldapple.ru/19000204985-the-one-pour-homme,,,,,,
https://goldapple.ru/99000045121-rose-micellar-water,,,,,,
https://goldapple.ru/19000073040-london-funk,,,,,,
https://goldapple.ru/19000225959-lakeside,,,,,,
https://goldapple.ru/99000074521-coffee-shop,,,,,,
https://goldapple.ru/19000260473-rosemary-vetiver-amber,,,,,,
https://goldapple.ru/19000023455-promise,,,,,,
https://goldapple.ru/19000361839-no-8-pepper,,,,,,
https://goldapple.ru/19000463941-universum,,,,,,
https://goldapple.ru/19000308556-infinite-pleasure-just,,,,,,
https://goldapple.ru/19000436907-roza,,,,,,
https://goldapple.ru/19000470678-sense-of-warmness,,,,,,
https://goldapple.ru/82402500002-cologne-indelebile,,,,,,
https://goldapple.ru/19000394816-energy-drive,,,,,,
https://goldapple.ru/99000069999-piano-relaks,,,,,,
https://goldapple.ru/19000300854-bali,,,,,,
https://goldapple.ru/19000219006-prive-stella-solaris,,,,,,
https://goldapple.ru/19000474731-french-coffee,,,,,,
https://goldapple.ru/19000268058-mango-lemonade,,,,,,
https://goldapple.ru/19000196743-summer-rain,,,,,,
https://goldapple.ru/19000419829-basilic-mandarin,,,,,,
https://goldapple.ru/19760331092-izia-la-nuit,,,,,,
https://goldapple.ru/19000097745-black-currant-botanique,,,,,,
https://goldapple.ru/19000110366-tobacco-volute,,,,,,
https://goldapple.ru/19000413530-affecting-mind,,,,,,
https://goldapple.ru/90150600002-vetiver-lemon-bergamot,,,,,,
https://goldapple.ru/19000445931-purple-stain,,,,,,
https://goldapple.ru/99000082119-papirus-i-zasmin,,,,,,
https://goldapple.ru/19000106629-tropiceskie-cvety,,,,,,
https://goldapple.ru/19000009369-rose-coup-de-foudre,,,,,,
https://goldapple.ru/99000078613-lavender-santal,,,,,,
https://goldapple.ru/19000009368-rose-coup-de-foudre,,,,,,
https://goldapple.ru/19000471443-summer-rain,,,,,,
https://goldapple.ru/80111900001-euphoria-men,,,,,,
https://goldapple.ru/82090900003-1969-parfum-de-revolte,,,,,,
https://goldapple.ru/7140600005-nina,,,,,,
https://goldapple.ru/19000499635-frederic-malle-bigarade-concentree-perfume,,,,,,
https://goldapple.ru/99000110795-sweet-lolita-lempicka,,,,,,
https://goldapple.ru/26044500004-musc-roses,,,,,,
https://goldapple.ru/19000467985-ingenious-ginger,,,,,,
https://goldapple.ru/19000313950-set-10-1-5,,,,,,
https://goldapple.ru/19000325753-hormone-of-happiness,,,,,,
https://goldapple.ru/19000421274-belyj-zasmin-solenaa-vanil,,,,,,
https://goldapple.ru/19000225798-proud,,,,,,
https://goldapple.ru/19000196073-seta,,,,,,
https://goldapple.ru/19000292396-mon-evidence,,,,,,
https://goldapple.ru/19000361840-no-24-wood,,,,,,
https://goldapple.ru/99000037899-salty-water,,,,,,
https://goldapple.ru/19000258595-nina-illusion,,,,,,
https://goldapple.ru/19000179915-wormwood,,,,,,
https://goldapple.ru/19000225795-monkey,,,,,,
https://goldapple.ru/19000106626-bodrasij-citrus,,,,,,
https://goldapple.ru/99000143068-giardino-magico-figue-vanilla,,,,,,
https://goldapple.ru/19000451209-no10-04,,,,,,
https://goldapple.ru/19000307093-amberesque,,,,,,
https://goldapple.ru/19000273262-eternity,,,,,,
https://goldapple.ru/26420500045-barbiere,,,,,,
https://goldapple.ru/99000081998-limon-bergamot-mirra,,,,,,
https://goldapple.ru/19000116761-vetiver-bergamot,,,,,,
https://goldapple.ru/19000285482-tobacco-collection-vin-rouge,,,,,,
https://goldapple.ru/80130500001-in-red,,,,,,
https://goldapple.ru/19000437922-pink-grapefruit-rose-neroli,,,,,,
https://goldapple.ru/19000419604-pomegranate-flowers,,,,,,
https://goldapple.ru/19000191692-scent-intense,,,,,,
https://goldapple.ru/19000134975-sweet-nut,,,,,,
https://goldapple.ru/19000296519-citronella,,,,,,
https://goldapple.ru/19000301364-cherry-blac,,,,,,
https://goldapple.ru/19000295853-musk-rose-cedarwood-sinij,,,,,,
https://goldapple.ru/19000192254-yogic-meditation-incense,,,,,,
https://goldapple.ru/19000377651-oud-silk-mood,,,,,,
https://goldapple.ru/19000155357-champagne-with-strawberries,,,,,,
https://goldapple.ru/19000001900-cherry-and-plum,,,,,,
https://goldapple.ru/19000084105-black-vetiver-amber,,,,,,
https://goldapple.ru/19000408031-mountaine-breeze,,,,,,
https://goldapple.ru/19000501703-borntostandout-gold-juice,,,,,,
https://goldapple.ru/19000215865-rose-oud,,,,,,
https://goldapple.ru/19000449106-verbena,,,,,,
https://goldapple.ru/19000395991-oud-nobile-gold,,,,,,
https://goldapple.ru/99000124213-vetiver-ambra,,,,,,
https://goldapple.ru/19000120333-evoke-him,,,,,,
https://goldapple.ru/99000067423-moments-home-perfume-mardi,,,,,,
https://goldapple.ru/19000090602-black-crystal,,,,,,
https://goldapple.ru/19000473374-eau-so-loved,,,,,,
https://goldapple.ru/99000005116-pacific,,,,,,
https://goldapple.ru/19000148547-boss,,,,,,
https://goldapple.ru/19000454159-guilty-pour-femme,,,,,,
https://goldapple.ru/19000193666-verte-envolee-eau-de-parfum-verte-envolee,,,,,,
https://goldapple.ru/19000455000-pure-cannabis,,,,,,
https://goldapple.ru/99000005128-riviera,,,,,,
https://goldapple.ru/7331300002-marry-me,,,,,,
https://goldapple.ru/19000412485-velvet,,,,,,
https://goldapple.ru/99000099658-tobacco-vanille,,,,,,
https://goldapple.ru/19000284583-oakmoss,,,,,,
https://goldapple.ru/26730400005-gypsy-water,,,,,,
https://goldapple.ru/19000035801-peach-passion-fruit-musk,,,,,,
https://goldapple.ru/99000150131-mino-less-mignonette-sweet-gingerbread,,,,,,
https://goldapple.ru/19000349069-cauliflower,,,,,,
https://goldapple.ru/19000375073-sweet-heartbeat,,,,,,
https://goldapple.ru/19000301232-eros-energy,,,,,,
https://goldapple.ru/99000037530-tekapo,,,,,,
https://goldapple.ru/19000472598-green-tea-vanilla,,,,,,
https://goldapple.ru/24331600009-green-tea,,,,,,
https://goldapple.ru/99000110765-lady-flower,,,,,,
https://goldapple.ru/19000437806-baccarat-muse,,,,,,
https://goldapple.ru/19000114296-tero,,,,,,
https://goldapple.ru/19000301360-wildflowers-tea,,,,,,
https://goldapple.ru/19000451206-no10-01,,,,,,
https://goldapple.ru/19000082711-sea-breeze,,,,,,
https://goldapple.ru/19000115405-svezest-cuvstv,,,,,,
https://goldapple.ru/19000470411-crystal-emerald,,,,,,
https://goldapple.ru/19000039524-rosso,,,,,,
https://goldapple.ru/19000324254-luce-di-rosa,,,,,,
https://goldapple.ru/19000032792-crazy-in-love,,,,,,
https://goldapple.ru/7192400019-eau-sauvage,,,,,,
https://goldapple.ru/19000032654-cernyj-vinograd,,,,,,
https://goldapple.ru/19000099010-praline,,,,,,
https://goldapple.ru/19000336404-les-notes-de-cannes,,,,,,
https://goldapple.ru/19000148521-tropik-i-sandal,,,,,,
https://goldapple.ru/19000381063-g-035,,,,,,
https://goldapple.ru/19000400756-sea-salt-freesia,,,,,,
https://goldapple.ru/19000318831-golden-shimmer,,,,,,
https://goldapple.ru/99000124218-no4-tobacco-vanille,,,,,,
https://goldapple.ru/19000135088-white-musk,,,,,,
https://goldapple.ru/99000032435-iris-absolu,,,,,,
https://goldapple.ru/26730600001-bal-d-afrique,,,,,,
https://goldapple.ru/19000013002-blue-3135c,,,,,,
https://goldapple.ru/19000362512-dark-fig,,,,,,
https://goldapple.ru/99000081864-italy-september-2017,,,,,,
https://goldapple.ru/19000449104-sweet-poppy,,,,,,
https://goldapple.ru/19000467313-black-pepper-vetiver-neroli-amber,,,,,,
https://goldapple.ru/19000404800-weekend,,,,,,
https://goldapple.ru/19000088270-cubana,,,,,,
https://goldapple.ru/19000012420-green-green-green-and-green-3,,,,,,
https://goldapple.ru/19000006162-grassland,,,,,,
https://goldapple.ru/19000125249-b683-extrait,,,,,,
https://goldapple.ru/19000472587-green-tea-magnolia,,,,,,
https://goldapple.ru/27381500002-xj-1861-renaissance,,,,,,
https://goldapple.ru/19000323012-lentezza-carezza,,,,,,
https://goldapple.ru/19000157454-sex-mafia,,,,,,
https://goldapple.ru/19000227760-lychee-and-fig,,,,,,
https://goldapple.ru/19000125949-modern-nomad,,,,,,
https://goldapple.ru/19000399947-27,,,,,,
https://goldapple.ru/26800700012-amyris-homme,,,,,,
https://goldapple.ru/19000439066-romantic-style,,,,,,
https://goldapple.ru/26032400002-angelic,,,,,,
https://goldapple.ru/26290100004-for-her,,,,,,
https://goldapple.ru/99000026300-lavender,,,,,,
https://goldapple.ru/19760314275-vetiver-lemon-bergamot,,,,,,
https://goldapple.ru/99000146237-by-kaori-sugar,,,,,,
https://goldapple.ru/81420100001-florale,,,,,,
https://goldapple.ru/19000324790-goddess-intense,,,,,,
https://goldapple.ru/99000005303-blue-gold-s,,,,,,
https://goldapple.ru/19000202456-vip-red,,,,,,
https://goldapple.ru/19000122126-red-d-amour,,,,,,
https://goldapple.ru/19000196152-agrumi-di-boboli,,,,,,
https://goldapple.ru/7181400003-ch-men,,,,,,
https://goldapple.ru/19000406559-vibes-chill-zone,,,,,,
https://goldapple.ru/19000442219-azure,,,,,,
https://goldapple.ru/99000058127-dubovyj-moh-i-ambra,,,,,,
https://goldapple.ru/19000198176-desert-dusk,,,,,,
https://goldapple.ru/19000145610-madurai,,,,,,
https://goldapple.ru/7140200013-l-air-du-temps,,,,,,
https://goldapple.ru/19000484474-arancia-e-cannella-set,,,,,,
https://goldapple.ru/19000153564-sensoriel-spritzlove,,,,,,
https://goldapple.ru/19000374397-lavanda,,,,,,
https://goldapple.ru/27381300003-jtc-don,,,,,,
https://goldapple.ru/99000062753-mindal-kakao-si-argana,,,,,,
https://goldapple.ru/19000312209-sunset-glow,,,,,,
https://goldapple.ru/19000048465-elfe-d-or,,,,,,
https://goldapple.ru/19000134985-blooming-garden,,,,,,
https://goldapple.ru/7281100001-hypnose,,,,,,
https://goldapple.ru/19000021529-vanilla-blend,,,,,,
https://goldapple.ru/19000090613-valence,,,,,,
https://goldapple.ru/99000024653-tonka-beans-leather,,,,,,
https://goldapple.ru/19000399471-basil-vetiver,,,,,,
https://goldapple.ru/19000396848-cafe-rose,,,,,,
https://goldapple.ru/19000321501-incenso-imperiale,,,,,,
https://goldapple.ru/19000494172-emper-couture-rania,,,,,,
https://goldapple.ru/19000360042-tobacco-and-cherry,,,,,,
https://goldapple.ru/19000039080-vanilla-flower,,,,,,
https://goldapple.ru/19000450780-ambre-khandjar,,,,,,
https://goldapple.ru/19000222647-palo-santo,,,,,,
https://goldapple.ru/19000420263-sweet-dreams,,,,,,
https://goldapple.ru/83510500002-cypress-vetyver,,,,,,
https://goldapple.ru/82510300002-rose-in-wonderland,,,,,,
https://goldapple.ru/19000344115-pink-pepper-vetiver,,,,,,
https://goldapple.ru/19000134980-holidays,,,,,,
https://goldapple.ru/19000470081-pino,,,,,,
https://goldapple.ru/19000374385-persik-i-grejpfrut,,,,,,
https://goldapple.ru/19000476943-loewe-un-paseo-por-madrid-debod,,,,,,
https://goldapple.ru/19000332178-comete-paradis,,,,,,
https://goldapple.ru/19000045148-reed-diffuser-mango,,,,,,
https://goldapple.ru/7280200002-tresor,,,,,,
https://goldapple.ru/19000220662-baby-soapy-perfumed-body-lotion,,,,,,
https://goldapple.ru/19000196094-peonia-in-fiore,,,,,,
https://goldapple.ru/99000040462-wind-of-change-no10,,,,,,
https://goldapple.ru/7791200001-fluo,,,,,,
https://goldapple.ru/19000438799-kiparis-i-lavrovoe-derevo,,,,,,
https://goldapple.ru/99000037779-hemp,,,,,,
https://goldapple.ru/19000413171-balqis-reine-de-saba,,,,,,
https://goldapple.ru/19000312591-free-spirit,,,,,,
https://goldapple.ru/19000327397-l-12-12-blanc-fraiche,,,,,,
https://goldapple.ru/83430100009-fleur-burlesque,,,,,,
https://goldapple.ru/19000300860-bali,,,,,,
https://goldapple.ru/19000406560-vibes-spark-up,,,,,,
https://goldapple.ru/19000138150-oud-and-bergamot,,,,,,
https://goldapple.ru/19000136712-luxembourg,,,,,,
https://goldapple.ru/19000132671-grape-lemongrass,,,,,,
https://goldapple.ru/19000451168-no13-33,,,,,,
https://goldapple.ru/19760313110-78-vintage-green,,,,,,
https://goldapple.ru/19000307874-vanilla-powder,,,,,,
https://goldapple.ru/26776000001-precious-oud,,,,,,
https://goldapple.ru/99000059763-queen-s-kiss,,,,,,
https://goldapple.ru/99000114293-vecnoe-leto,,,,,,
https://goldapple.ru/26661900001-sunny-side,,,,,,
https://goldapple.ru/99000030910-kokos-i-mindal,,,,,,
https://goldapple.ru/99000005310-blue-l,,,,,,
https://goldapple.ru/19000301346-crackling-fire,,,,,,
https://goldapple.ru/19000234955-eden,,,,,,
https://goldapple.ru/19000172108-neroli-pine-needle-matte,,,,,,
https://goldapple.ru/19000398354-ruby-blossom,,,,,,
https://goldapple.ru/99000038146-ocean-breeze,,,,,,
https://goldapple.ru/19000019541-leather-sandalwood-amber,,,,,,
https://goldapple.ru/19000458423-peach,,,,,,
https://goldapple.ru/99000128296-bloom-velvet,,,,,,
https://goldapple.ru/19000321402-fiore,,,,,,
https://goldapple.ru/99000109910-serebristyj-rozovyj,,,,,,
https://goldapple.ru/19000382665-filthy-musk,,,,,,
https://goldapple.ru/99000048374-gigil,,,,,,
https://goldapple.ru/19760330436-nina-rouge,,,,,,
https://goldapple.ru/19000118570-caprifico,,,,,,
https://goldapple.ru/19000009356-douce-insomnie,,,,,,
https://goldapple.ru/19000154001-byzantium,,,,,,
https://goldapple.ru/99000038137-radiant-bergamot,,,,,,
https://goldapple.ru/99000090934-twilight-forest,,,,,,
https://goldapple.ru/19000315570-dgaf,,,,,,
https://goldapple.ru/99000110197-rouge,,,,,,
https://goldapple.ru/19000210130-pink-pepper-elemi-cinnamon-leather,,,,,,
https://goldapple.ru/19000298022-white-wine-tonka,,,,,,
https://goldapple.ru/19000399446-black-tea-lumi,,,,,,
https://goldapple.ru/19000439062-performance-red,,,,,,
https://goldapple.ru/19000048474-delice-de-la-vie,,,,,,
https://goldapple.ru/19000157225-miraceti,,,,,,
https://goldapple.ru/19000300229-freshness,,,,,,
https://goldapple.ru/19000155405-cinnamon-and-vanilla,,,,,,
https://goldapple.ru/26160300004-candy-rose,,,,,,
https://goldapple.ru/19000266085-fleur-royale,,,,,,
https://goldapple.ru/83450100010-still-life-in-rio,,,,,,
https://goldapple.ru/19000021543-orange-jasmine-vanilla,,,,,,
https://goldapple.ru/99000130706-black,,,,,,
https://goldapple.ru/19000288437-lavender,,,,,,
https://goldapple.ru/99000132214-dymcatyj-kvarc,,,,,,
https://goldapple.ru/19000088242-la-rose,,,,,,
https://goldapple.ru/19000451546-dashing,,,,,,
https://goldapple.ru/19000155338-blooming-cotton,,,,,,
https://goldapple.ru/26164900002-red-vetyver,,,,,,
https://goldapple.ru/90150100003-rosemary-lemon-neroli,,,,,,
https://goldapple.ru/19000060208-neroli-jasmine,,,,,,
https://goldapple.ru/19000377336-yasep,,,,,,
https://goldapple.ru/19000465868-autumn-woods,,,,,,
https://goldapple.ru/19000132172-travel-candle-trio,,,,,,
https://goldapple.ru/99000038309-jasmine-bergamot,,,,,,
https://goldapple.ru/19000317974-vanilla-ice-cream,,,,,,
https://goldapple.ru/19000026688-rozmarin-citrus,,,,,,
https://goldapple.ru/80130500012-in-red,,,,,,
https://goldapple.ru/19000314031-no10,,,,,,
https://goldapple.ru/19000494528-xerjoff-groovexcape,,,,,,
https://goldapple.ru/19000196739-one-more-time,,,,,,
https://goldapple.ru/19000389864-meadow-grass,,,,,,
https://goldapple.ru/19000464957-limone-cedrato,,,,,,
https://goldapple.ru/19000494174-emper-epic-adventure-night,,,,,,
https://goldapple.ru/19000298140-incense-n-fire,,,,,,
https://goldapple.ru/99000115438-mandarin,,,,,,
https://goldapple.ru/19000026684-citronella-geran,,,,,,
https://goldapple.ru/19000314067-zardin-du-ruan,,,,,,
https://goldapple.ru/19000176531-empire,,,,,,
https://goldapple.ru/19000253145-rosewood,,,,,,
https://goldapple.ru/19000412484-velvet-rose,,,,,,
https://goldapple.ru/19000378139-cashmere-kumquat,,,,,,
https://goldapple.ru/19000440522-22-persik-i-pion,,,,,,
https://goldapple.ru/7130400001-o-zone,,,,,,
https://goldapple.ru/19000088238-la-cote-d-azur,,,,,,
https://goldapple.ru/19000399942-19,,,,,,
https://goldapple.ru/19000298138-corsica-baiser-de-la-mer,,,,,,
https://goldapple.ru/19000400787-meditation,,,,,,
https://goldapple.ru/83490100002-sun-light,,,,,,
https://goldapple.ru/99000105621-soap,,,,,,
https://goldapple.ru/19000451234-magiceskoe-zel-e,,,,,,
https://goldapple.ru/26731000008-super-cedar,,,,,,
https://goldapple.ru/19000222808-rose-pivoine,,,,,,
https://goldapple.ru/19000220176-mango,,,,,,
https://goldapple.ru/99000128390-fantasy-gardenia,,,,,,
https://goldapple.ru/19000463921-carte-blanche,,,,,,
https://goldapple.ru/19000225782-french-kiss,,,,,,
https://goldapple.ru/19000277459-iris-and-bourbon-vanilla,,,,,,
https://goldapple.ru/19000209555-cernyj-budda,,,,,,
https://goldapple.ru/99000063509-neroli-i-zasmin,,,,,,
https://goldapple.ru/80284600001-man-wood-essence,,,,,,
https://goldapple.ru/19000408315-formula-black-pepper,,,,,,
https://goldapple.ru/19000138058-frezia,,,,,,
https://goldapple.ru/19000459395-aromat-skal,,,,,,
https://goldapple.ru/19000306219-yuzu-vivifiant,,,,,,
https://goldapple.ru/19000252971-mata,,,,,,
https://goldapple.ru/19000118662-soft-peony,,,,,,
https://goldapple.ru/19000312616-private-anthem,,,,,,
https://goldapple.ru/19000148360-the-musc-refillable,,,,,,
https://goldapple.ru/19000498148-aroma-harmony-lici-i-persik,,,,,,
https://goldapple.ru/19000468135-aromat-vetrov,,,,,,
https://goldapple.ru/99000110854-musk,,,,,,
https://goldapple.ru/99000081992-krasnyj-perec-i-kardamon,,,,,,
https://goldapple.ru/19000165258-aesthetic-line,,,,,,
https://goldapple.ru/7232700010-bamboo,,,,,,
https://goldapple.ru/19000306213-hana,,,,,,
https://goldapple.ru/19000164622-santal-complet,,,,,,
https://goldapple.ru/19000449953-wild-hardguard,,,,,,
https://goldapple.ru/19000088203-i-love-italy-for-her,,,,,,
https://goldapple.ru/99000156488-maag-soft-infusion,,,,,,
https://goldapple.ru/19000186469-cypress-shadow,,,,,,
https://goldapple.ru/19000131331-into-the-wilderness,,,,,,
https://goldapple.ru/19000451911-anti-aging,,,,,,
https://goldapple.ru/99000128391-cascad,,,,,,
https://goldapple.ru/19000342013-hesperide-colognise,,,,,,
https://goldapple.ru/19000440632-fabula-elegy,,,,,,
https://goldapple.ru/19000063344-ii-iv-kintsugi,,,,,,
https://goldapple.ru/99000026910-liliflora,,,,,,
https://goldapple.ru/19000118632-caprifico,,,,,,
https://goldapple.ru/19000325749-palatine,,,,,,
https://goldapple.ru/19000395993-rosa-tabacco-onyx,,,,,,
https://goldapple.ru/19000276303-ruzafa,,,,,,
https://goldapple.ru/19000349386-evoke-midnight-her-prestige,,,,,,
https://goldapple.ru/19000413515-hit-the-mark,,,,,,
https://goldapple.ru/19000451196-no20-02,,,,,,
https://goldapple.ru/99000090100-nostalgie-ast-7,,,,,,
https://goldapple.ru/19000213985-flower-shop,,,,,,
https://goldapple.ru/19000300648-delire-rouge,,,,,,
https://goldapple.ru/99000045396-lemongrass-jasmin-melissa,,,,,,
https://goldapple.ru/19000028967-mumbai-noise,,,,,,
https://goldapple.ru/19000322779-sunrise,,,,,,
https://goldapple.ru/19000381342-super-hit,,,,,,
https://goldapple.ru/19000038904-figs,,,,,,
https://goldapple.ru/19000493777-hi-dear-black-tea-lumi,,,,,,
https://goldapple.ru/19000483129-roma,,,,,,
https://goldapple.ru/19000476275-i-am,,,,,,
https://goldapple.ru/99000065034-day-at-the-spa,,,,,,
https://goldapple.ru/19000222825-sparkling-love,,,,,,
https://goldapple.ru/19000450660-limonaia-di-sant-andrea,,,,,,
https://goldapple.ru/19000012383-l-interdit-eau-de-parfum-rouge,,,,,,
https://goldapple.ru/19000396233-encens-suave,,,,,,
https://goldapple.ru/19000460657-angels-share-layering-set,,,,,,
https://goldapple.ru/19000320429-molecule-amoureuse,,,,,,
https://goldapple.ru/19000421157-active-girl,,,,,,
https://goldapple.ru/82401500007-musc-ravageur,,,,,,
https://goldapple.ru/19000434846-olympian-zeus,,,,,,
https://goldapple.ru/19000319552-7-elixir,,,,,,
https://goldapple.ru/83320700015-wood-sage-sea-salt,,,,,,
https://goldapple.ru/99000110199-venom-secret-of-shaman,,,,,,
https://goldapple.ru/19000384403-albero-bianco,,,,,,
https://goldapple.ru/19000288005-coffee-shop,,,,,,
https://goldapple.ru/19000039568-miss-dior-eau-de-parfum-roller-pearl,,,,,,
https://goldapple.ru/19760303653-amyris,,,,,,
https://goldapple.ru/99000025566-bergamo,,,,,,
https://goldapple.ru/26140400006-vanille,,,,,,
https://goldapple.ru/7180700002-chic,,,,,,
https://goldapple.ru/7013700001-modern-muse,,,,,,
https://goldapple.ru/83290100014-miel-d-arabie,,,,,,
https://goldapple.ru/99000039752-01-peony-blush,,,,,,
https://goldapple.ru/7300600001-cheap-and-chic-i-love-love,,,,,,
https://goldapple.ru/99000095854-luxurious-driftwood,,,,,,
https://goldapple.ru/19000001902-yuzu,,,,,,
https://goldapple.ru/19000407949-bohemian-lime,,,,,,
https://goldapple.ru/19000328565-mazun,,,,,,
https://goldapple.ru/19000276676-tropiques,,,,,,
https://goldapple.ru/99000087264-vanilla-amber-musk,,,,,,
https://goldapple.ru/99000019875-leila,,,,,,
https://goldapple.ru/19000246362-no-4,,,,,,
https://goldapple.ru/19000362631-desserts,,,,,,
https://goldapple.ru/19000015907-mikado-cinnamon-orange,,,,,,
https://goldapple.ru/19000084143-grapefruit-rose-patchouli,,,,,,
https://goldapple.ru/19000429249-memories-man,,,,,,
https://goldapple.ru/19000311857-sacred-wood-by-kilian,,,,,,
https://goldapple.ru/19000122323-vikky,,,,,,
https://goldapple.ru/19000023502-l-eau-d-hiver,,,,,,
https://goldapple.ru/19000442836-oud-for-greatness,,,,,,
https://goldapple.ru/99000004555-late-night-talking,,,,,,
https://goldapple.ru/19000009157-matte-candle-cora,,,,,,
https://goldapple.ru/19000014501-marqueyssac,,,,,,
https://goldapple.ru/19000259363-olive-petitgrain-brume-parfumee-corps-et-cheveux-olive-petit-grain,,,,,,
https://goldapple.ru/19000256731-grib-muhomor-haki,,,,,,
https://goldapple.ru/99000034334-vento-di-fiori,,,,,,
https://goldapple.ru/19000455604-pastacia,,,,,,
https://goldapple.ru/99000127726-aroma-sf49,,,,,,
https://goldapple.ru/19000440625-19-boby-tonka-i-cvetok-apel-sina,,,,,,
https://goldapple.ru/19000285469-le-parisien-notre-dame,,,,,,
https://goldapple.ru/19000328568-ward,,,,,,
https://goldapple.ru/99000061668-yes-i-am-the-king-evolution,,,,,,
https://goldapple.ru/19000417940-bois-santal,,,,,,
https://goldapple.ru/19000464024-tranquillity,,,,,,
https://goldapple.ru/99000011122-mindal,,,,,,
https://goldapple.ru/80280200013-man-in-black,,,,,,
https://goldapple.ru/19000021028-nomad-collection-candle-fig-and-sea-salt-scent,,,,,,
https://goldapple.ru/99000012735-rose-s-love,,,,,,
https://goldapple.ru/19000395978-rosso-nobile,,,,,,
https://goldapple.ru/19000474554-nomade-jardin-d-egypte,,,,,,
https://goldapple.ru/19000428863-mint-toning-freshness,,,,,,
https://goldapple.ru/19000331474-flow,,,,,,
https://goldapple.ru/19000132756-nebula-grape-lemongrass,,,,,,
https://goldapple.ru/19000439525-cherry-passion,,,,,,
https://goldapple.ru/19000345272-noor,,,,,,
https://goldapple.ru/19000196131-mirto-e-cisto,,,,,,
https://goldapple.ru/19000235630-latte-di-cherry,,,,,,
https://goldapple.ru/19000492580-alan-bray-l-homme-absolute,,,,,,
https://goldapple.ru/7432100002-eros-flame,,,,,,
https://goldapple.ru/19000225787-richness,,,,,,
https://goldapple.ru/19000193227-bergamot-pepper,,,,,,
https://goldapple.ru/19000323018-amberful,,,,,,
https://goldapple.ru/19000257640-cafe-chantant,,,,,,
https://goldapple.ru/99000133721-pink-muse,,,,,,
https://goldapple.ru/19000487718-very-irresistible,,,,,,
https://goldapple.ru/99000070840-intimate-touch,,,,,,
https://goldapple.ru/26550200006-you-or-someone-like-you,,,,,,
https://goldapple.ru/19000479385-vip-eclat-de-vanille,,,,,,
https://goldapple.ru/19000471438-monkey,,,,,,
https://goldapple.ru/99000072442-belaa-roza-i-kedr,,,,,,
https://goldapple.ru/19000090601-new-car,,,,,,
https://goldapple.ru/19000471440-proud,,,,,,
https://goldapple.ru/81994200002-ecorce-d-argent,,,,,,
https://goldapple.ru/99000032734-ci-vediamo,,,,,,
https://goldapple.ru/19000381316-mystic-yoga,,,,,,
https://goldapple.ru/19000311844-sandalo-nobile,,,,,,
https://goldapple.ru/19000048705-amber-sandalwood,,,,,,
https://goldapple.ru/19000405690-french-garden,,,,,,
https://goldapple.ru/19000312615-silent-conversation,,,,,,
https://goldapple.ru/26144400001-freedom,,,,,,
https://goldapple.ru/19000301398-magic-in-the-air,,,,,,
https://goldapple.ru/99000037776-garden-mint,,,,,,
https://goldapple.ru/19000328395-bain-de-nature-mango-and-coriander,,,,,,
https://goldapple.ru/19000377285-light-blue-love-in-capri,,,,,,
https://goldapple.ru/19000438920-tabak-vanil,,,,,,
https://goldapple.ru/19000470771-tobacco-vanille,,,,,,
https://goldapple.ru/99000080703-peach-velvet,,,,,,
https://goldapple.ru/26170400001-starry-night,,,,,,
https://goldapple.ru/99000075710-cranberry-prosecco,,,,,,
https://goldapple.ru/19000350352-v-zolotoj-case,,,,,,
https://goldapple.ru/19000039077-english-lavender,,,,,,
https://goldapple.ru/19000269138-eau-de-soin-corps-parfumee,,,,,,
https://goldapple.ru/19000451541-buco-nero,,,,,,
https://goldapple.ru/19000494186-emper-marwa,,,,,,
https://goldapple.ru/19000297778-cernaa-visna,,,,,,
https://goldapple.ru/19000296556-cvetocnyj-buket,,,,,,
https://goldapple.ru/19000492966-ecolatier-cherry-almond-sandale,,,,,,
https://goldapple.ru/19000499638-frederic-malle-french-lover,,,,,,
https://goldapple.ru/19000159862-hot-bread,,,,,,
https://goldapple.ru/99000146438-by-kaori-fleur,,,,,,
https://goldapple.ru/19000109658-lady-tubereuse,,,,,,
https://goldapple.ru/19000463951-etno,,,,,,
https://goldapple.ru/19000139485-lily-tangerine,,,,,,
https://goldapple.ru/19000204719-jeans-original-black-uomo,,,,,,
https://goldapple.ru/26370600003-grey-vetiver,,,,,,
https://goldapple.ru/80620300008-soir-de-lune-perfumed-bath-and-shower-gel,,,,,,
https://goldapple.ru/19000433284-derevenskij-domik-ohra,,,,,,
https://goldapple.ru/19000382667-l-animal,,,,,,
https://goldapple.ru/19000154007-persian-dream,,,,,,
https://goldapple.ru/19000235475-sarmadi,,,,,,
https://goldapple.ru/19000264128-no6,,,,,,
https://goldapple.ru/19000062902-f021,,,,,,
https://goldapple.ru/99000143475-giardino-magico-cashmere-wood-tobacco-leather,,,,,,
https://goldapple.ru/19000155367-cinnamon-bun,,,,,,
https://goldapple.ru/99000037834-sugar,,,,,,
https://goldapple.ru/99000068079-belyj-caj,,,,,,
https://goldapple.ru/19000205797-antar-i-kasemir,,,,,,
https://goldapple.ru/19000418580-green-crush,,,,,,
https://goldapple.ru/19000423886-shadow,,,,,,
https://goldapple.ru/99000123005-run,,,,,,
https://goldapple.ru/99000016457-moroccan-cashmere,,,,,,
https://goldapple.ru/19000196046-albicocca-e-basilico,,,,,,
https://goldapple.ru/19000349044-lavender,,,,,,
https://goldapple.ru/19000194047-oud,,,,,,
https://goldapple.ru/19000084287-marcel,,,,,,
https://goldapple.ru/19000009177-incense-jackie,,,,,,
https://goldapple.ru/19000374560-library,,,,,,
https://goldapple.ru/19000455599-jardin-tropical,,,,,,
https://goldapple.ru/19000413544-mainstream,,,,,,
https://goldapple.ru/19000457273-cherry-jam,,,,,,
https://goldapple.ru/99000028956-lemongrass-grape,,,,,,
https://goldapple.ru/19000206614-visions-of-venice,,,,,,
https://goldapple.ru/99000095112-w318,,,,,,
https://goldapple.ru/19000266449-sacred-earth,,,,,,
https://goldapple.ru/82091900001-1899-hemingway,,,,,,
https://goldapple.ru/19000300852-tobacco-vanilla,,,,,,
https://goldapple.ru/19000182868-les-prestigieuses-cuir-de-russie,,,,,,
https://goldapple.ru/19000051928-acumen-ambre,,,,,,
https://goldapple.ru/19000213907-aromaticnew-year-s-cookies,,,,,,
https://goldapple.ru/83320700003-blackberry-bay,,,,,,
https://goldapple.ru/99000024892-sandal-ambra-si,,,,,,
https://goldapple.ru/99000088417-belye-noci,,,,,,
https://goldapple.ru/19000109136-no-4,,,,,,
https://goldapple.ru/19000208983-fleur-d-oh,,,,,,
https://goldapple.ru/19000306240-list-tabaka-i-koriandr,,,,,,
https://goldapple.ru/19000458205-discovery-set,,,,,,
https://goldapple.ru/19000155372-dutch-lavender,,,,,,
https://goldapple.ru/19000234933-green-mango,,,,,,
https://goldapple.ru/19000148355-fig-infusion,,,,,,
https://goldapple.ru/99000057415-dla-ocisenia-i-spokojstvia,,,,,,
https://goldapple.ru/19000352996-ghost-of-jupiter,,,,,,
https://goldapple.ru/80792100001-infusion-d-rose,,,,,,
https://goldapple.ru/19000194830-oriental-lil-amira,,,,,,
https://goldapple.ru/19000205096-rum-vanilla,,,,,,
https://goldapple.ru/19000196090-albicocca-e-basilico,,,,,,
https://goldapple.ru/99000074518-sea-salt-and-orchid,,,,,,
https://goldapple.ru/19000232658-dynamic-move-blue,,,,,,
https://goldapple.ru/19000051895-miami,,,,,,
https://goldapple.ru/19000210919-byzance-gold,,,,,,
https://goldapple.ru/26550200009-like-this,,,,,,
https://goldapple.ru/19000427052-step-4,,,,,,
https://goldapple.ru/19000125354-four,,,,,,
https://goldapple.ru/99000146449-by-kaori-wood-and-leather,,,,,,
https://goldapple.ru/19000196052-cioccolato-e-arancio,,,,,,
https://goldapple.ru/19000436087-sonia,,,,,,
https://goldapple.ru/19000155602-tonka-beans,,,,,,
https://goldapple.ru/19000131337-imperial-casablanca,,,,,,
https://goldapple.ru/26041400005-aqua-motu,,,,,,
https://goldapple.ru/19000377074-vento-ardente,,,,,,
https://goldapple.ru/19000498915-dr-vranjes-firenze-melograno,,,,,,
https://goldapple.ru/19760334958-dior-homme,,,,,,
https://goldapple.ru/19000472418-citrus-lady,,,,,,
https://goldapple.ru/83290100018-garden-of-kings-aigle-imperial,,,,,,
https://goldapple.ru/19000470843-no1,,,,,,
https://goldapple.ru/19000117848-saiga,,,,,,
https://goldapple.ru/19000321550-speziato-fiorentino,,,,,,
https://goldapple.ru/99000075969-cvetok-egyptian-amber,,,,,,
https://goldapple.ru/19000457281-deep-ocean,,,,,,
https://goldapple.ru/19000294176-nutmeg-leather-vanilla-terrakotovyj,,,,,,
https://goldapple.ru/19760305897-modest-mimosa,,,,,,
https://goldapple.ru/19000349024-bellini,,,,,,
https://goldapple.ru/99000150153-mino-shell-sandalwood-and-coconut,,,,,,
https://goldapple.ru/99000032431-blanche,,,,,,
https://goldapple.ru/19000493763-hi-dear-saffron-and-tonka-beans,,,,,,
https://goldapple.ru/19000008015-cinnamon-orange,,,,,,
https://goldapple.ru/99000115131-le-grand-jeu,,,,,,
https://goldapple.ru/19000445879-eros,,,,,,
https://goldapple.ru/19000200195-where-love-belongs-22-07,,,,,,
https://goldapple.ru/19000235966-journey-man,,,,,,
https://goldapple.ru/19000439063-performance-deep-blue,,,,,,
https://goldapple.ru/99000127698-aroma-sf15,,,,,,
https://goldapple.ru/19000234977-africa,,,,,,
https://goldapple.ru/19000408356-vinograd-i-rozovyj-perec,,,,,,
https://goldapple.ru/19000120758-7753,,,,,,
https://goldapple.ru/19000230551-hearth,,,,,,
https://goldapple.ru/83730200005-ubar-1992,,,,,,
https://goldapple.ru/19000200196-far-very-far-18-08,,,,,,
https://goldapple.ru/19000125423-light-side,,,,,,
https://goldapple.ru/99000048375-dolce-far-niente,,,,,,
https://goldapple.ru/99000031224-crystal-sparkling-fruit,,,,,,
https://goldapple.ru/19000067213-sonia,,,,,,
https://goldapple.ru/99000095218-u618,,,,,,
https://goldapple.ru/19000454830-vibes-smooth-pace,,,,,,
https://goldapple.ru/19000220581-devotion,,,,,,
https://goldapple.ru/19000328393-bain-de-nature-coconut,,,,,,
https://goldapple.ru/19000266552-ourika,,,,,,
https://goldapple.ru/19000464036-hand-and-body-cream,,,,,,
https://goldapple.ru/19000495608-dr-vranjes-firenze-merrigiare,,,,,,
https://goldapple.ru/19000268027-8-pepper,,,,,,
https://goldapple.ru/19000296554-osvezausaa-voda,,,,,,
https://goldapple.ru/19000246365-n-1,,,,,,
https://goldapple.ru/19000378828-cardamom-moss,,,,,,
https://goldapple.ru/38670100010-princess,,,,,,
https://goldapple.ru/19000099028-oceano,,,,,,
https://goldapple.ru/19000259886-deli-moments,,,,,,
https://goldapple.ru/19000268054-poppy,,,,,,
https://goldapple.ru/19000470511-aqua-zenzero,,,,,,
https://goldapple.ru/99000091761-no5,,,,,,
https://goldapple.ru/99000107070-france,,,,,,
https://goldapple.ru/19000244094-we-are-tribe-cool,,,,,,
https://goldapple.ru/84230100004-no4,,,,,,
https://goldapple.ru/19000387936-pont-max,,,,,,
https://goldapple.ru/19000088291-sweet-romance,,,,,,
https://goldapple.ru/19000399460-ylang-ylang-patchouli,,,,,,
https://goldapple.ru/19000399451-basil-vetiver,,,,,,
https://goldapple.ru/19760324888-tobacco-vetiver-amber,,,,,,
https://goldapple.ru/99000041714-fig,,,,,,
https://goldapple.ru/19000306197-dubovyj-moh-i-ambra,,,,,,
https://goldapple.ru/19000241260-booster,,,,,,
https://goldapple.ru/19000059298-noble-collection-vii-queen-anne-cosmos-flower,,,,,,
https://goldapple.ru/26420100020-colonia,,,,,,
https://goldapple.ru/99000058791-lavanda-i-vanil,,,,,,
https://goldapple.ru/19760300426-001-fleur-d-oranger-petit-grain-bergamote,,,,,,
https://goldapple.ru/19000394571-no2,,,,,,
https://goldapple.ru/99000155478-maag-allure,,,,,,
https://goldapple.ru/19000235929-interlude-woman,,,,,,
https://goldapple.ru/19000257652-la-stanza-delle-bambole,,,,,,
https://goldapple.ru/19000482625-flowers-and-vanilla,,,,,,
https://goldapple.ru/99000059027-floe,,,,,,
https://goldapple.ru/7233900001-guilty-pour-femme,,,,,,
https://goldapple.ru/19000039082-exotic-fig,,,,,,
https://goldapple.ru/19000465874-royal-spa,,,,,,
https://goldapple.ru/19000329167-nectar,,,,,,
https://goldapple.ru/99000086924-peony-sandal,,,,,,
https://goldapple.ru/19000285478-sapphire-collection-minuite,,,,,,
https://goldapple.ru/19000152730-pink-pepper-elemi-cinnamon-leather,,,,,,
https://goldapple.ru/19760302811-dom-rosa,,,,,,
https://goldapple.ru/19000045152-lemongrass,,,,,,
https://goldapple.ru/19000455575-eau-de-foudre-intense,,,,,,
https://goldapple.ru/19000386266-savon-parfume-fiori-de-primavera,,,,,,
https://goldapple.ru/19000399461-saffron-tonka-beans,,,,,,
https://goldapple.ru/19000386844-perfumed-lotion-no3,,,,,,
https://goldapple.ru/19000388852-jasmin-malika,,,,,,
https://goldapple.ru/83460100004-ennui-noir,,,,,,
https://goldapple.ru/19000264812-tul-pany,,,,,,
https://goldapple.ru/19000262199-the-one,,,,,,
https://goldapple.ru/19760316898-milano,,,,,,
https://goldapple.ru/19000326812-prince,,,,,,
https://goldapple.ru/19000470378-roskosnyj-moh,,,,,,
https://goldapple.ru/26180600017-famille-royale-le-roi-prudent,,,,,,
https://goldapple.ru/83320700018-poppy-barley,,,,,,
https://goldapple.ru/19000301359-the-silence,,,,,,
https://goldapple.ru/19000360046-tobacco-and-vanilla,,,,,,
https://goldapple.ru/83730400002-moreta,,,,,,
https://goldapple.ru/19000215966-antiquity-oud-wood,,,,,,
https://goldapple.ru/99000045884-tobacco-vanille,,,,,,
https://goldapple.ru/19000412766-ambre-noir,,,,,,
https://goldapple.ru/19000472818-nina,,,,,,
https://goldapple.ru/19000004553-black-pepper-amber-neroli,,,,,,
https://goldapple.ru/99000067408-peach,,,,,,
https://goldapple.ru/19000427070-cherry-lady-sweet,,,,,,
https://goldapple.ru/19000263214-body-lotion-virgin,,,,,,
https://goldapple.ru/19000408638-tobacco-leaf-vanilla,,,,,,
https://goldapple.ru/19000451909-le-parfum,,,,,,
https://goldapple.ru/19000413541-indian-grass,,,,,,
https://goldapple.ru/19000239114-orchidee-no22,,,,,,
https://goldapple.ru/19000064868-black-midnight,,,,,,
https://goldapple.ru/19000455579-majestic,,,,,,
https://goldapple.ru/19000420571-cherry-lady,,,,,,
https://goldapple.ru/19000196071-cotone,,,,,,
https://goldapple.ru/19000222742-cuir-cuba-intense,,,,,,
https://goldapple.ru/19000365677-this-is-not-a-blue-bottle-1-6,,,,,,
https://goldapple.ru/19000492753-kilian-paris-her-majesty,,,,,,
https://goldapple.ru/19760313607-bottled,,,,,,
https://goldapple.ru/19000252960-gokhru,,,,,,
https://goldapple.ru/19000445880-eros-energy,,,,,,
https://goldapple.ru/26775000002-red-tobacco,,,,,,
https://goldapple.ru/19000132113-sahasrara,,,,,,
https://goldapple.ru/19000294886-hypnotic-cherry-perfumed,,,,,,
https://goldapple.ru/99000089204-oak-moss-bergamot,,,,,,
https://goldapple.ru/19000374106-tiziana-terenzi-kristina,,,,,,
https://goldapple.ru/99000155485-maag-dark-night,,,,,,
https://goldapple.ru/99000025576-laguna,,,,,,
https://goldapple.ru/41100500002-pink-breeze,,,,,,
https://goldapple.ru/19000486295-panettone,,,,,,
https://goldapple.ru/19000321511-pura-ambra,,,,,,
https://goldapple.ru/99000023151-la-habana,,,,,,
https://goldapple.ru/19000431988-nanatopia,,,,,,
https://goldapple.ru/19000421473-tuberose-patchouli,,,,,,
https://goldapple.ru/99000034970-black-caviar,,,,,,
https://goldapple.ru/19000400762-pink-silver,,,,,,
https://goldapple.ru/99000115429-al-pijskaa-zima,,,,,,
https://goldapple.ru/99000023378-for-gift,,,,,,
https://goldapple.ru/19000064851-gentleman-private-collection-13,,,,,,
https://goldapple.ru/19000044721-iberian-leather,,,,,,
https://goldapple.ru/19000052205-blue-blood,,,,,,
https://goldapple.ru/19000133628-joyful-nashi-bloom,,,,,,
https://goldapple.ru/99000133842-ex-s-tears,,,,,,
https://goldapple.ru/99000068081-cernoe-more,,,,,,
https://goldapple.ru/7195500011-sauvage,,,,,,
https://goldapple.ru/99000047158-relax-no-1,,,,,,
https://goldapple.ru/19000483121-forbidden-love,,,,,,
https://goldapple.ru/99000018740-francuzskij-kofe,,,,,,
https://goldapple.ru/19000479791-golden-horn,,,,,,
https://goldapple.ru/99000078238-tonka-oud,,,,,,
https://goldapple.ru/27321100006-velvet-splendour,,,,,,
https://goldapple.ru/19000302298-pure-cotton,,,,,,
https://goldapple.ru/99000023150-sweet-dreams,,,,,,
https://goldapple.ru/19000107894-aqua-allegoria-pamplelune,,,,,,
https://goldapple.ru/19000463931-reprise,,,,,,
https://goldapple.ru/19760332185-dirty-velvet,,,,,,
https://goldapple.ru/99000035602-vicebomb,,,,,,
https://goldapple.ru/82820400002-delina,,,,,,
https://goldapple.ru/19000058268-new-york,,,,,,
https://goldapple.ru/19000048475-soleil-de-minuit,,,,,,
https://goldapple.ru/19000321507-tabacco-1815,,,,,,
https://goldapple.ru/19000308588-yes-i-am-the-king,,,,,,
https://goldapple.ru/19000059083-halwa-kiss-absolute,,,,,,
https://goldapple.ru/19000194517-bergamote-lemon-flower,,,,,,
https://goldapple.ru/99000110862-coral-de-mer,,,,,,
https://goldapple.ru/19000311819-aria-fresca,,,,,,
https://goldapple.ru/19000326587-ombre-leather,,,,,,
https://goldapple.ru/19000455017-virgin-lemongrass,,,,,,
https://goldapple.ru/19000202653-aroma-diffuser,,,,,,
https://goldapple.ru/19000116766-persian-flower,,,,,,
https://goldapple.ru/19000434843-cassandra,,,,,,
https://goldapple.ru/19000319126-tobacco-vanille,,,,,,
https://goldapple.ru/19000132778-tabacco-vanila,,,,,,
https://goldapple.ru/19000349135-sage-and-sea-salt,,,,,,
https://goldapple.ru/99000061669-yes-i-am-the-queen,,,,,,
https://goldapple.ru/19000159030-moscow,,,,,,
https://goldapple.ru/19000501706-borntostandout-musc-x,,,,,,
https://goldapple.ru/19000215951-david-cashmere-wood,,,,,,
https://goldapple.ru/19000406806-amberwood-vanilla-davana,,,,,,
https://goldapple.ru/19000467057-the-woods-collection-panorama,,,,,,
https://goldapple.ru/19000366129-coty-bruno-banani-magnetic-man-eau-de-toilette-spray-50-ml,,,,,,
https://goldapple.ru/19760342419-premier-figuier,,,,,,
https://goldapple.ru/19000268558-lumineuse,,,,,,
https://goldapple.ru/19000031674-the-night-is-dark,,,,,,
https://goldapple.ru/19000012380-addiction,,,,,,
https://goldapple.ru/19000192667-overdose,,,,,,
https://goldapple.ru/99000093059-no14-portofino,,,,,,
https://goldapple.ru/19000348856-moscow,,,,,,
https://goldapple.ru/19000454846-black-for-him,,,,,,
https://goldapple.ru/19000159050-mirage-du-desert,,,,,,
https://goldapple.ru/19000344486-back-to-musk,,,,,,
https://goldapple.ru/19000357695-fleur-savage,,,,,,
https://goldapple.ru/19000459799-panettone,,,,,,
https://goldapple.ru/19000278053-602,,,,,,
https://goldapple.ru/19000399441-saffron-tonka-beans,,,,,,
https://goldapple.ru/99000156486-maag-femme,,,,,,
https://goldapple.ru/19000451189-no50-21,,,,,,
https://goldapple.ru/19000121824-bliss-in-paradise,,,,,,
https://goldapple.ru/19000429250-memories-woman,,,,,,
https://goldapple.ru/99000081986-safran-i-bergamot,,,,,,
https://goldapple.ru/99000081854-aeterna-historia,,,,,,
https://goldapple.ru/19000155603-sweet-cherry,,,,,,
https://goldapple.ru/99000009567-no017,,,,,,
https://goldapple.ru/19760315481-j-adore-infinissime,,,,,,
https://goldapple.ru/26723600020-straight-to-heaven,,,,,,
https://goldapple.ru/19000006065-royal-vanilla,,,,,,
https://goldapple.ru/7190300001-j-adore,,,,,,
https://goldapple.ru/19000492016-tom-tailor-perfect-day,,,,,,
https://goldapple.ru/19000256741-grib-smorcok-lilovaa,,,,,,
https://goldapple.ru/99000136161-shermadini-house-nosik-kotenka,,,,,,
https://goldapple.ru/99000026021-pheromones,,,,,,
https://goldapple.ru/19000288065-crown-collection-travellers,,,,,,
https://goldapple.ru/19000252974-rozmarin,,,,,,
https://goldapple.ru/99000023250-angel-s,,,,,,
https://goldapple.ru/99000038596-delicate-amber,,,,,,
https://goldapple.ru/99000132962-muses-progulka,,,,,,
https://goldapple.ru/99000026916-agaves-garden,,,,,,
https://goldapple.ru/19000059317-undea-des-iles,,,,,,
https://goldapple.ru/99000042350-powder-rose,,,,,,
https://goldapple.ru/19000164633-minuit-et-demi,,,,,,
https://goldapple.ru/19000328379-bain-de-nature-raspberry,,,,,,
https://goldapple.ru/19000308555-elegance-rouge-petale,,,,,,
https://goldapple.ru/26043900002-vanille-ambre,,,,,,
https://goldapple.ru/99000106305-amber-oak,,,,,,
https://goldapple.ru/19000002207-energy,,,,,,
https://goldapple.ru/19000322307-with-rosemary-and-lemon,,,,,,
https://goldapple.ru/99000024887-sliva-muskus-frezia,,,,,,
https://goldapple.ru/19000232725-adventurous,,,,,,
https://goldapple.ru/82820200019-percival,,,,,,
https://goldapple.ru/19000383980-inspiration,,,,,,
https://goldapple.ru/19000295847-italian-cypress-sinij,,,,,,
https://goldapple.ru/19000437934-tobacco-vanilla,,,,,,
https://goldapple.ru/19000024447-obscuratio,,,,,,
https://goldapple.ru/19000439527-psychotrope,,,,,,
https://goldapple.ru/19000072546-black-and-best,,,,,,
https://goldapple.ru/99000136199-vol-1-emovio,,,,,,
https://goldapple.ru/19000312143-thai-smoothie,,,,,,
https://goldapple.ru/99000074517-oakmoss-and-amber,,,,,,
https://goldapple.ru/19000170582-gold-line-perfume-for-hair-nv,,,,,,
https://goldapple.ru/19000468479-ebene-ambre,,,,,,
https://goldapple.ru/99000034337-frammenti-parfum,,,,,,
https://goldapple.ru/19000308554-dania,,,,,,
https://goldapple.ru/19000348295-cinnamon-bun,,,,,,
https://goldapple.ru/26771800002-lemon-line,,,,,,
https://goldapple.ru/19000349582-messy-sexy-just-rolled-out-of-bed,,,,,,
https://goldapple.ru/19000234839-eden,,,,,,
https://goldapple.ru/19000189144-mood,,,,,,
https://goldapple.ru/19000295737-creamy-vanilla-and-tonka-beans,,,,,,
https://goldapple.ru/26372100005-oud-wood,,,,,,
https://goldapple.ru/19000188464-tvoi-lucsie-gody,,,,,,
https://goldapple.ru/19000477168-hao,,,,,,
https://goldapple.ru/19000354580-riviere-siam,,,,,,
https://goldapple.ru/99000045018-kas-kas,,,,,,
https://goldapple.ru/19000487112-tuberose-patchouli,,,,,,
https://goldapple.ru/19000292393-l-evidence,,,,,,
https://goldapple.ru/19000182878-my-first-one-paris,,,,,,
https://goldapple.ru/19760330460-the-icon,,,,,,
https://goldapple.ru/19000149080-creamy-vanilla,,,,,,
https://goldapple.ru/19000406565-uefa-champions-league-goal,,,,,,
https://goldapple.ru/19000394892-atelier-chai,,,,,,
https://goldapple.ru/99000050143-pritagatel-nyj-tabak,,,,,,
https://goldapple.ru/19000300643-superbe-cafe,,,,,,
https://goldapple.ru/19000241782-cedar-cashmeran-peony-saffron,,,,,,
https://goldapple.ru/19000201889-cosi-blu,,,,,,
https://goldapple.ru/99000043649-indian-summer,,,,,,
https://goldapple.ru/99000042359-summer-in-sicily,,,,,,
https://goldapple.ru/19000148520-lemongrass,,,,,,
https://goldapple.ru/19000499615-marina-de-bourbon-romantic-style,,,,,,
https://goldapple.ru/19000155394-cozy-home,,,,,,
https://goldapple.ru/19000157223-marrakech-intense-edp,,,,,,
https://goldapple.ru/19000256748-grib-podberezovik-lilovaa,,,,,,
https://goldapple.ru/19000463949-epatage,,,,,,
https://goldapple.ru/19000316870-f048,,,,,,
https://goldapple.ru/19000139503-tepidarium,,,,,,
https://goldapple.ru/99000034365-cannabis-fruttata,,,,,,
https://goldapple.ru/83730100003-fiore-di-portofino,,,,,,
https://goldapple.ru/19000406594-forever-classic-never-boring,,,,,,
https://goldapple.ru/19000383124-aqua-allegoria-rosa-verde,,,,,,
https://goldapple.ru/19000048603-lumberman,,,,,,
https://goldapple.ru/19000033207-eros,,,,,,
https://goldapple.ru/19000186098-edge-black-ink-seraa,,,,,,
https://goldapple.ru/19000232276-room-no,,,,,,
https://goldapple.ru/19000434177-bohemia-la-luna,,,,,,
https://goldapple.ru/19000321481-ceresia,,,,,,
https://goldapple.ru/19000120343-violet-musc,,,,,,
https://goldapple.ru/19000469880-gemma,,,,,,
https://goldapple.ru/19000453283-lady-blooming,,,,,,
https://goldapple.ru/26420500034-barbiere,,,,,,
https://goldapple.ru/19000277458-smoothness-and-tenderness-sunflower-oil-and-proteins,,,,,,
https://goldapple.ru/99000068083-moroznyj-mozzevel-nik,,,,,,
https://goldapple.ru/99000080129-svezij-hlopok,,,,,,
https://goldapple.ru/99000143080-giardino-magico-tonka-vanilla-white-musk,,,,,,
https://goldapple.ru/19000434179-la-niche-narcotique-embrace,,,,,,
https://goldapple.ru/19000451567-sniper,,,,,,
https://goldapple.ru/19000059344-jtc-k-bridge-club,,,,,,
https://goldapple.ru/19000164219-parfumance-apple-jasmine,,,,,,
https://goldapple.ru/19000345261-vanda,,,,,,
https://goldapple.ru/19000012429-study-23,,,,,,
https://goldapple.ru/19000428865-lotus-flowers-moisturizing-and-freshness,,,,,,
https://goldapple.ru/19000473390-everlasting,,,,,,
https://goldapple.ru/99000037729-cherry-blossom,,,,,,
https://goldapple.ru/99000037758-salted-caramel,,,,,,
https://goldapple.ru/19000478116-vanilla-imperial-parfum,,,,,,
https://goldapple.ru/19000466112-color-stories-rose,,,,,,
https://goldapple.ru/99000021161-t4-code-cerrise,,,,,,
https://goldapple.ru/19000264803-makadamia-i-sandal,,,,,,
https://goldapple.ru/99000107269-black-angelica,,,,,,
https://goldapple.ru/19000196060-peonia-in-fiore,,,,,,
https://goldapple.ru/19000023363-beige-fibre-sticks,,,,,,
https://goldapple.ru/19000419619-palo-santo,,,,,,
https://goldapple.ru/99000130561-vinograd,,,,,,
https://goldapple.ru/19000148554-koza-i-drevesina,,,,,,
https://goldapple.ru/99000038323-verbena-lanender,,,,,,
https://goldapple.ru/19000235926-honour-man,,,,,,
https://goldapple.ru/19000155365-cinnamon-and-vanilla,,,,,,
https://goldapple.ru/19000187944-bois-d-iris,,,,,,
https://goldapple.ru/19000154579-black-sugar-eau-de-toilette,,,,,,
https://goldapple.ru/19000222201-ambre-insomniaque,,,,,,
https://goldapple.ru/19760310042-secret-of-success,,,,,,
https://goldapple.ru/19000249335-spring-bloom,,,,,,
https://goldapple.ru/19000048460-magus,,,,,,
https://goldapple.ru/19000285994-mystic-leather-oud,,,,,,
https://goldapple.ru/19000164630-london-spice,,,,,,
https://goldapple.ru/19000334796-desert-island,,,,,,
https://goldapple.ru/19000460655-black-phantom-icon-set,,,,,,
https://goldapple.ru/19000347969-not-a-girl,,,,,,
https://goldapple.ru/19000442147-signature,,,,,,
https://goldapple.ru/19000128162-kedr-i-safran,,,,,,
https://goldapple.ru/19000358614-the-scent-magnetic,,,,,,
https://goldapple.ru/19000251466-glam-flower,,,,,,
https://goldapple.ru/19000003431-aqua-vitae-cologne-forte,,,,,,
https://goldapple.ru/99000123161-sport-series,,,,,,
https://goldapple.ru/19000444982-toy-2,,,,,,
https://goldapple.ru/99000043423-london,,,,,,
https://goldapple.ru/19000399939-06,,,,,,
https://goldapple.ru/19000144153-gentleman-society-stick-deodorant,,,,,,
https://goldapple.ru/19000274971-amber-orange,,,,,,
https://goldapple.ru/19000317972-crazy-fruits,,,,,,
https://goldapple.ru/99000037822-dubai,,,,,,
https://goldapple.ru/19000048457-bonheur,,,,,,
https://goldapple.ru/7233300002-bloom,,,,,,
https://goldapple.ru/99000093386-blue-mirage-lamp-blue-seduction,,,,,,
https://goldapple.ru/19000146357-harmony,,,,,,
https://goldapple.ru/99000142042-de-safa-pepper-neroli,,,,,,
https://goldapple.ru/19000085060-teakwood,,,,,,
https://goldapple.ru/19000370828-flora-gorgeous-gardenia-intense,,,,,,
https://goldapple.ru/19000241258-homme,,,,,,
https://goldapple.ru/19000259880-bali-pure,,,,,,
https://goldapple.ru/19000340674-virgin,,,,,,
https://goldapple.ru/19000154601-sleight-of-fern,,,,,,
https://goldapple.ru/19000412459-380,,,,,,
https://goldapple.ru/19000374372-abloko-i-korica,,,,,,
https://goldapple.ru/19760310030-sense-of-humor,,,,,,
https://goldapple.ru/19000064867-black-in-black,,,,,,
https://goldapple.ru/19000234825-salty-water,,,,,,
https://goldapple.ru/19000103282-diamond-in-the-sky-body-lotion,,,,,,
https://goldapple.ru/19000195912-cernyj-perec-i-koza,,,,,,
https://goldapple.ru/19000012381-enjoy,,,,,,
https://goldapple.ru/19000257718-imagine-me,,,,,,
https://goldapple.ru/19000438930-visna,,,,,,
https://goldapple.ru/99000091573-maldives,,,,,,
https://goldapple.ru/7612100003-especially,,,,,,
https://goldapple.ru/19000042915-ginza-murasaki-eau-de-parfum,,,,,,
https://goldapple.ru/19000348330-mountain-pepper,,,,,,
https://goldapple.ru/19000246023-charming-tuberose,,,,,,
https://goldapple.ru/19000235962-opus-xiv-royal-tobacco,,,,,,
https://goldapple.ru/19000366299-gentleman-society-ambree,,,,,,
https://goldapple.ru/19000408028-atlantis,,,,,,
https://goldapple.ru/82920100004-addictive-vibration,,,,,,
https://goldapple.ru/99000097995-self-made,,,,,,
https://goldapple.ru/19000344521-rivea,,,,,,
https://goldapple.ru/99000115284-spa-effect,,,,,,
https://goldapple.ru/99000090072-sobranie-2,,,,,,
https://goldapple.ru/99000132960-muses-abloko,,,,,,
https://goldapple.ru/19000132687-tabacco-vanila,,,,,,
https://goldapple.ru/83700100003-melograno,,,,,,
https://goldapple.ru/99000025725-fantazia,,,,,,
https://goldapple.ru/19000052210-green-virus,,,,,,
https://goldapple.ru/26730700004-blanche,,,,,,
https://goldapple.ru/19000349129-brown-socnaa-grusa,,,,,,
https://goldapple.ru/26550200023-spice-must-flow,,,,,,
https://goldapple.ru/19000422976-pacific-rock-flower,,,,,,
https://goldapple.ru/19000493423-architect-demidoff-time-07-00,,,,,,
https://goldapple.ru/19000471019-devils-intrigue-gold,,,,,,
https://goldapple.ru/7014500001-bronze-goddess-eau-fraiche,,,,,,
https://goldapple.ru/82812200002-lust-in-paradise,,,,,,
https://goldapple.ru/19000321405-home,,,,,,
https://goldapple.ru/19000412863-monoi,,,,,,
https://goldapple.ru/19000440538-19-boby-tonka-i-cvetok-apel-sina,,,,,,
https://goldapple.ru/19000306253-vanil-i-muskus,,,,,,
https://goldapple.ru/19000378823-jasmine-osmanthus,,,,,,
https://goldapple.ru/19760318083-love-don-t-be-shy-travel-set,,,,,,
https://goldapple.ru/99000051751-kepler-51d,,,,,,
https://goldapple.ru/19000458007-crystal-noir,,,,,,
https://goldapple.ru/99000054820-taipan,,,,,,
https://goldapple.ru/19000501708-borntostandout-warm-air,,,,,,
https://goldapple.ru/26421100019-arancia-di-capri,,,,,,
https://goldapple.ru/19000432768-pompelmo-pepe,,,,,,
https://goldapple.ru/19000492485-miller-et-bertaux-limone-nero,,,,,,
https://goldapple.ru/99000078387-flower-dreams,,,,,,
https://goldapple.ru/19000232683-balade-a-paris-promenade-a-montmartre,,,,,,
https://goldapple.ru/19000235969-jubilation-xxv-man,,,,,,
https://goldapple.ru/19000041220-giardino-di-boboli,,,,,,
https://goldapple.ru/19000249528-vayu,,,,,,
https://goldapple.ru/19000180581-aromatherapy-ziznennaa-energia,,,,,,
https://goldapple.ru/19000166817-as-suli-s-diamond,,,,,,
https://goldapple.ru/19000134757-encens-suave,,,,,,
https://goldapple.ru/99000035616-camouflage,,,,,,
https://goldapple.ru/19000193722-garden-party-eau-de-parfum,,,,,,
https://goldapple.ru/99000015594-orchid-mango,,,,,,
https://goldapple.ru/19000453082-saga-pink,,,,,,
https://goldapple.ru/19000172691-parfum-11,,,,,,
https://goldapple.ru/19000284577-champagne,,,,,,
https://goldapple.ru/19000257129-secret-love-of-acacia,,,,,,
https://goldapple.ru/19000161979-tropic-blossom,,,,,,
https://goldapple.ru/99000093391-transparent-kali-lamp-vanilla-magnificence,,,,,,
https://goldapple.ru/19000053428-iii-ii-romanza-victorian-narcissus-by-cristiano-canali,,,,,,
https://goldapple.ru/19000374373-bambuk,,,,,,
https://goldapple.ru/99000064030-blossom-charming-peony,,,,,,
https://goldapple.ru/19000444416-xplicit-vanilla,,,,,,
https://goldapple.ru/19000439697-black-orchid-reserve,,,,,,
https://goldapple.ru/19000240973-toy-2-pearl,,,,,,
https://goldapple.ru/19000186105-edge-italian-cypress-seraa,,,,,,
https://goldapple.ru/19000392649-bois-des-sables,,,,,,
https://goldapple.ru/99000090771-mimosa-cardamon,,,,,,
https://goldapple.ru/19000256734-grib-muhomor-perezrelyj-nezno-rozovaa,,,,,,
https://goldapple.ru/19760301720-vanilla-blend,,,,,,
https://goldapple.ru/19000293959-miami,,,,,,
https://goldapple.ru/19000177526-cherry-blood,,,,,,
https://goldapple.ru/19000296526-limon,,,,,,
https://goldapple.ru/19000406564-vibes-happy-feels,,,,,,
https://goldapple.ru/19760342417-passage-d-enfer,,,,,,
https://goldapple.ru/19000380097-byzance,,,,,,
https://goldapple.ru/19000221877-sparkling-fruit,,,,,,
https://goldapple.ru/19000349047-champange,,,,,,
https://goldapple.ru/99000140698-lefansh-sweet-vanilla-caramel,,,,,,
https://goldapple.ru/19000360593-very-good-girl-elixir,,,,,,
https://goldapple.ru/99000090078-sobranie-12,,,,,,
https://goldapple.ru/19000484492-abrau-durso-mandarin,,,,,,
https://goldapple.ru/19000349389-pink-vanilla-selectif,,,,,,
https://goldapple.ru/99000093395-cozy-musk,,,,,,
https://goldapple.ru/99000004472-cashmere-plum,,,,,,
https://goldapple.ru/80131000002-l-eau-pour-homme,,,,,,
https://goldapple.ru/19000318985-atomic-rose,,,,,,
https://goldapple.ru/19000473391-today-purse-spray,,,,,,
https://goldapple.ru/19000012426-oh-ooooh-oh,,,,,,
https://goldapple.ru/19000419611-tonka,,,,,,
https://goldapple.ru/99000129486-violet-marshmallow,,,,,,
https://goldapple.ru/19000062885-f001,,,,,,
https://goldapple.ru/19000048488-aroma-candle-currant-leaf-tea,,,,,,
https://goldapple.ru/19000423869-shadow,,,,,,
https://goldapple.ru/99000146446-by-kaori-dubai,,,,,,
https://goldapple.ru/19000048697-tea-and-lemongrass,,,,,,
https://goldapple.ru/19000062936-p002,,,,,,
https://goldapple.ru/19000329342-azuree-legacy,,,,,,
https://goldapple.ru/19000273278-guilty,,,,,,
https://goldapple.ru/99000067295-by-the-fire,,,,,,
https://goldapple.ru/19000375029-valaya-exclusif,,,,,,
https://goldapple.ru/26723600011-good-girl-gone-bad-extreme,,,,,,
https://goldapple.ru/19000455544-tundra,,,,,,
https://goldapple.ru/19000264085-1,,,,,,
https://goldapple.ru/26176400002-oud-dream,,,,,,
https://goldapple.ru/19000222649-bamboo,,,,,,
https://goldapple.ru/19000436910-udaca,,,,,,
https://goldapple.ru/19000322210-brillant-nuage-tendre,,,,,,
https://goldapple.ru/99000113159-tobacco-vanille,,,,,,
https://goldapple.ru/19000428748-omnia-crystalline,,,,,,
https://goldapple.ru/19000232667-intense,,,,,,
https://goldapple.ru/99000026078-taiyounosachi,,,,,,
https://goldapple.ru/99000075926-poehali-na-alasku,,,,,,
https://goldapple.ru/19000486368-vesennaa-magnolia-i-rosa,,,,,,
https://goldapple.ru/19000234947-bellini,,,,,,
https://goldapple.ru/19000052216-blue-blood,,,,,,
https://goldapple.ru/99000107257-lolita-lempicka,,,,,,
https://goldapple.ru/99000037904-fleur-medium,,,,,,
https://goldapple.ru/80620300003-eau-de-parfum-soir-de-lune,,,,,,
https://goldapple.ru/19000011042-eternity-for-men-cologne,,,,,,
https://goldapple.ru/19000257106-60-air-of-the-forest,,,,,,
https://goldapple.ru/19000472424-gothic-man,,,,,,
https://goldapple.ru/19000476223-pink-vibes-only,,,,,,
https://goldapple.ru/19000109657-modern-oud,,,,,,
https://goldapple.ru/19000044120-kofe-mokko,,,,,,
https://goldapple.ru/99000039012-vanilla-magnificence,,,,,,
https://goldapple.ru/19000433756-black,,,,,,
https://goldapple.ru/19000177528-golden-tulip,,,,,,
https://goldapple.ru/19000311845-good-girl-gone-bad,,,,,,
https://goldapple.ru/19000349071-apple,,,,,,
https://goldapple.ru/19000233247-guilty-story,,,,,,
https://goldapple.ru/19000216521-cookies,,,,,,
https://goldapple.ru/19000268022-wonder,,,,,,
https://goldapple.ru/19000408313-formula-tobacco-vanilla,,,,,,
https://goldapple.ru/19000445886-yellow-diamond,,,,,,
https://goldapple.ru/19000285479-tobacco-collection-bois-de-santal,,,,,,
https://goldapple.ru/19000305265-defy,,,,,,
https://goldapple.ru/19000453071-hunter-night,,,,,,
https://goldapple.ru/19000262677-halfeti,,,,,,
https://goldapple.ru/19000424749-sous-controle,,,,,,
https://goldapple.ru/19000011559-atelier-versace-fleur-de-mate,,,,,,
https://goldapple.ru/19000348241-premium,,,,,,
https://goldapple.ru/19000436412-safran,,,,,,
https://goldapple.ru/19000095845-silver-coffret,,,,,,
https://goldapple.ru/19000192454-phantom-parfum,,,,,,
https://goldapple.ru/19000049483-no9-enjoyment,,,,,,
https://goldapple.ru/19000473367-eve-truth,,,,,,
https://goldapple.ru/19000009185-porcelain-gelati-candle-ines,,,,,,
https://goldapple.ru/19000292400-bois-de-sauge,,,,,,
https://goldapple.ru/19000427072-malahitovyj-cvetok,,,,,,
https://goldapple.ru/19000456185-black-premium-f054,,,,,,
https://goldapple.ru/19000291177-madame-m,,,,,,
https://goldapple.ru/19000239106-epice-frais-no20,,,,,,
https://goldapple.ru/19000404799-the-scent-magnetic,,,,,,
https://goldapple.ru/80110600001-one,,,,,,
https://goldapple.ru/99000024782-bohemia,,,,,,
https://goldapple.ru/99000120287-iris-i-rozovyj-perec,,,,,,
https://goldapple.ru/19000132898-metal-rain,,,,,,
https://goldapple.ru/19000374366-sliva-i-med,,,,,,
https://goldapple.ru/19000157226-rozu-edp,,,,,,
https://goldapple.ru/19000303152-rock-rose,,,,,,
https://goldapple.ru/19000489217-rouge-bunny-rouge-purple-veil,,,,,,
https://goldapple.ru/19000429257-saga-man,,,,,,
https://goldapple.ru/19000381057-g-021,,,,,,
https://goldapple.ru/19000418207-skin-therapy,,,,,,
https://goldapple.ru/99000054810-irbis,,,,,,
https://goldapple.ru/19000488831-sergio-nero-donna-sabbia-dorata,,,,,,
https://goldapple.ru/19000186119-edge-vetiver-black-cypress-bezevaa,,,,,,
https://goldapple.ru/19000021012-volcanic-lava-rock-diffuser-cool-woods-scent,,,,,,
https://goldapple.ru/19000048491-aroma-candle-warm-crust-of-bread,,,,,,
https://goldapple.ru/26041000004-amour-de-cacao,,,,,,
https://goldapple.ru/99000116008-islay-smoke,,,,,,
https://goldapple.ru/19000308542-sicilijskij-apel-sin,,,,,,
https://goldapple.ru/19000067245-rose-musk,,,,,,
https://goldapple.ru/7791100001-m-0-c,,,,,,
https://goldapple.ru/99000098682-zest-of-green-orange,,,,,,
https://goldapple.ru/19000451152-no13-17,,,,,,
https://goldapple.ru/99000009531-tabac-gourmand,,,,,,
https://goldapple.ru/99000091571-euphoria,,,,,,
https://goldapple.ru/19000348475-encens-roi,,,,,,
https://goldapple.ru/99000110801-candy-apple,,,,,,
https://goldapple.ru/26070100016-vicolo-fiori,,,,,,
https://goldapple.ru/99000075881-serenity,,,,,,
https://goldapple.ru/7820100007-opium,,,,,,
https://goldapple.ru/19000059335-amabile,,,,,,
https://goldapple.ru/19000009173-maya,,,,,,
https://goldapple.ru/99000025135-banana-milkshake,,,,,,
https://goldapple.ru/19000257660-cherry-punk,,,,,,
https://goldapple.ru/99000090071-sobranie-13,,,,,,
https://goldapple.ru/90151100008-orange-jasmine-vanilla,,,,,,
https://goldapple.ru/19000436937-terra-hedera-104,,,,,,
https://goldapple.ru/26424800007-signature-osmanthus,,,,,,
https://goldapple.ru/19000059315-serr-d-eden,,,,,,
https://goldapple.ru/19000118729-mediterraneo,,,,,,
https://goldapple.ru/19000268048-8-pepper,,,,,,
https://goldapple.ru/19000138057-franzipani,,,,,,
https://goldapple.ru/99000016155-lilac,,,,,,
https://goldapple.ru/19000484583-halfeti,,,,,,
https://goldapple.ru/19000498154-aroma-harmony-utro-v-provanse,,,,,,
https://goldapple.ru/99000092766-ambra-i-dubovyj-moh,,,,,,
https://goldapple.ru/19000118582-honey-from-provence,,,,,,
https://goldapple.ru/19000144752-fiori-vivido-rosso,,,,,,
https://goldapple.ru/19000365680-in-extremis,,,,,,
https://goldapple.ru/99000156461-maag-blossom,,,,,,
https://goldapple.ru/19000345441-yama-rouge,,,,,,
https://goldapple.ru/19000284590-champagne,,,,,,
https://goldapple.ru/19000451154-no13-19,,,,,,
https://goldapple.ru/19000262204-dolce-blue-jasmine,,,,,,
https://goldapple.ru/19000205787-antar-i-kasemir,,,,,,
https://goldapple.ru/19000453181-mystique,,,,,,
https://goldapple.ru/99000016836-dragon-breathe-soap,,,,,,
https://goldapple.ru/19000457163-cornflower,,,,,,
https://goldapple.ru/19000189633-french-kiss,,,,,,
https://goldapple.ru/19000455576-grand-h,,,,,,
https://goldapple.ru/19000020469-l-instant-magic,,,,,,
https://goldapple.ru/99000057686-pepper,,,,,,
https://goldapple.ru/19000471020-winter-bliss,,,,,,
https://goldapple.ru/19000451183-no50-15,,,,,,
https://goldapple.ru/19000349579-forbidden-nectar,,,,,,
https://goldapple.ru/19000143312-little-sugar,,,,,,
https://goldapple.ru/19760310043-butterfly-mind,,,,,,
https://goldapple.ru/99000081862-posh,,,,,,
https://goldapple.ru/99000056443-lozione-per-il-corpo-oud,,,,,,
https://goldapple.ru/19000311805-anima-pura,,,,,,
https://goldapple.ru/19000230300-back-to-the-roots,,,,,,
https://goldapple.ru/19000312051-l-12-12-rose,,,,,,
https://goldapple.ru/19000076146-gentleman-eau-de-parfum-boisee,,,,,,
https://goldapple.ru/19000138155-shea-butter,,,,,,
https://goldapple.ru/19000154582-midnight-dalia-eau-de-toilette,,,,,,
https://goldapple.ru/19000493768-hi-dear-basil-vetiver,,,,,,
https://goldapple.ru/19000413559-sweet-lure,,,,,,
https://goldapple.ru/19000402061-we-are-tribe-play,,,,,,
https://goldapple.ru/19000147643-valaya,,,,,,
https://goldapple.ru/90151100013-717,,,,,,
https://goldapple.ru/19000488821-donna-estratto-segreto,,,,,,
https://goldapple.ru/19000097739-wedding-day,,,,,,
https://goldapple.ru/99000025144-pina-collada,,,,,,
https://goldapple.ru/19000307106-fruity-madness,,,,,,
https://goldapple.ru/19000450800-suma-oriental,,,,,,
https://goldapple.ru/19000052219-dirty-peach,,,,,,
https://goldapple.ru/99000150803-aroma-narcotique-no19,,,,,,
https://goldapple.ru/19000077505-citrus,,,,,,
https://goldapple.ru/99000038119-cotton-caress,,,,,,
https://goldapple.ru/99000024783-royal-fig,,,,,,
https://goldapple.ru/19000048038-about-you-trendy-for-her,,,,,,
https://goldapple.ru/83710200011-gardens-of-india-79,,,,,,
https://goldapple.ru/19000126977-babylon,,,,,,
https://goldapple.ru/84230100001-no1,,,,,,
https://goldapple.ru/19000470716-blanche-absolu,,,,,,
https://goldapple.ru/19000234962-hemp,,,,,,
https://goldapple.ru/19000408969-tendres-instants-concentrated,,,,,,
https://goldapple.ru/19000453577-goddess,,,,,,
https://goldapple.ru/19000482569-main-collection-men,,,,,,
https://goldapple.ru/19000196130-ginger,,,,,,
https://goldapple.ru/99000093046-no15-rimini,,,,,,
https://goldapple.ru/19000196744-thai-mango,,,,,,
https://goldapple.ru/19000342030-wulong-cha-x,,,,,,
https://goldapple.ru/19000483362-beautiful-magnolia-fleur,,,,,,
https://goldapple.ru/99000032900-mr-confidence,,,,,,
https://goldapple.ru/19000273298-cool-water-reborn,,,,,,
https://goldapple.ru/19000063343-i-iv-times-square,,,,,,
https://goldapple.ru/19000466685-white-musk,,,,,,
https://goldapple.ru/99000063406-passion,,,,,,
https://goldapple.ru/19000262192-the-one-gold-intense,,,,,,
https://goldapple.ru/19000423546-virgin,,,,,,
https://goldapple.ru/99000042361-garden,,,,,,
https://goldapple.ru/99000108713-visnevyj-merlo,,,,,,
https://goldapple.ru/19000423568-elixir-love,,,,,,
https://goldapple.ru/99000107108-dubai,,,,,,
https://goldapple.ru/19000061263-royal-power,,,,,,
https://goldapple.ru/19000209548-solo-ella-elixir,,,,,,
https://goldapple.ru/99000148160-maison-berger-paris-underneath-the-magnolias,,,,,,
https://goldapple.ru/19000035787-for-her-musc-noir-rose,,,,,,
https://goldapple.ru/19000235924-gold-man,,,,,,
https://goldapple.ru/19000337182-royal-incense,,,,,,
https://goldapple.ru/19000310380-zasmin-i-lemongrass,,,,,,
https://goldapple.ru/19000133819-white-tea,,,,,,
https://goldapple.ru/19000464075-dubajskij-sokolad,,,,,,
https://goldapple.ru/19000384464-reasons,,,,,,
https://goldapple.ru/19000051085-gray,,,,,,
https://goldapple.ru/19000440570-the-nicety,,,,,,
https://goldapple.ru/19000010729-gold-fair-in-mayfair,,,,,,
https://goldapple.ru/19000004533-mango-skin,,,,,,
https://goldapple.ru/19000315574-drunk-saffron,,,,,,
https://goldapple.ru/19000205766-vanil-i-muskus,,,,,,
https://goldapple.ru/19000131325-swiss-chocolate-fondant,,,,,,
https://goldapple.ru/99000079897-rozovyj-perec-i-bergamot-bazilik-i-nejroli-sampanskoe-i-guava,,,,,,
https://goldapple.ru/19000180342-grapefruit-basil-petitgrain,,,,,,
https://goldapple.ru/19000259884-compton-freedom,,,,,,
https://goldapple.ru/19000082714-habibi,,,,,,
https://goldapple.ru/19000387150-black-pepper-amber,,,,,,
https://goldapple.ru/19000118290-pear-inc,,,,,,
https://goldapple.ru/19000437919-cherry-smoke-leather-patchouli,,,,,,
https://goldapple.ru/19000209516-vanilla,,,,,,
https://goldapple.ru/99000156505-maag-sweet-nocturne,,,,,,
https://goldapple.ru/19000440504-1-visnevyj-muss,,,,,,
https://goldapple.ru/19000310346-frezia-i-siren,,,,,,
https://goldapple.ru/19000424486-gourmet-chocolat-blanc,,,,,,
https://goldapple.ru/99000093389-black-lamp-lolita-lempicka,,,,,,
https://goldapple.ru/19000496415-stellary-bloom-intense,,,,,,
https://goldapple.ru/19000196869-dance-midnight,,,,,,
https://goldapple.ru/99000042355-under-the-eiffel-tower,,,,,,
https://goldapple.ru/19000220500-the-forward,,,,,,
https://goldapple.ru/99000104317-inferno,,,,,,
https://goldapple.ru/19000321492-tabacco-1815,,,,,,
https://goldapple.ru/19000488824-donna-menta-mattina,,,,,,
https://goldapple.ru/19000331477-sago,,,,,,
https://goldapple.ru/19000451561-mood,,,,,,
https://goldapple.ru/19000294058-amazing-love,,,,,,
https://goldapple.ru/99000018520-vanilla-smoke,,,,,,
https://goldapple.ru/19000349136-sandal-and-leather,,,,,,
https://goldapple.ru/99000089203-sakura-almond,,,,,,
https://goldapple.ru/99000059918-amber,,,,,,
https://goldapple.ru/99000037806-santal,,,,,,
https://goldapple.ru/19000404784-goddess-parfum,,,,,,
https://goldapple.ru/99000127708-aroma-sf22,,,,,,
https://goldapple.ru/26732100003-mojave-ghost,,,,,,
https://goldapple.ru/19000084116-oakmoss-amber,,,,,,
https://goldapple.ru/19000325801-bella-donna,,,,,,
https://goldapple.ru/19000284930-02-date-night,,,,,,
https://goldapple.ru/19000134755-bois-d-ebene,,,,,,
https://goldapple.ru/19000451171-no50-03,,,,,,
https://goldapple.ru/19000225269-grapefruit-basil-petitgrain,,,,,,
https://goldapple.ru/99000065808-san-francisco,,,,,,
https://goldapple.ru/19000432375-royal-iris,,,,,,
https://goldapple.ru/19000322599-ikonik-woman,,,,,,
https://goldapple.ru/19000063346-iii-iii-love-kills,,,,,,
https://goldapple.ru/19000031689-under-the-sea,,,,,,
https://goldapple.ru/19000437965-exotic-lychee,,,,,,
https://goldapple.ru/19000118589-mediterraneo,,,,,,
https://goldapple.ru/99000139494-lovely-day-pepper-and-amber,,,,,,
https://goldapple.ru/19000154764-yin-transformation,,,,,,
https://goldapple.ru/19000246554-essence-of-the-world-hawaii,,,,,,
https://goldapple.ru/19000180340-grapefruit-basil-petitgrain,,,,,,
https://goldapple.ru/19000213932-gingerbread-christmas-tree,,,,,,
https://goldapple.ru/19000189877-cashmere-wood,,,,,,
https://goldapple.ru/19000408643-pure-cannabis,,,,,,
https://goldapple.ru/19000285720-montabaco-flor,,,,,,
https://goldapple.ru/19000045147-reed-diffuser-lemongrass,,,,,,
https://goldapple.ru/19000131641-pino,,,,,,
https://goldapple.ru/19000242033-chambord,,,,,,
https://goldapple.ru/19000180582-aromatherapy-antistress,,,,,,
https://goldapple.ru/99000082831-safran-i-kedrovoe-derevo,,,,,,
https://goldapple.ru/19000180401-forme-enamor-me,,,,,,
https://goldapple.ru/19000374547-midnight,,,,,,
https://goldapple.ru/99000061635-raspberry,,,,,,
https://goldapple.ru/19000287588-oud-noir,,,,,,
https://goldapple.ru/19000402554-rendez-vous-gourmand,,,,,,
https://goldapple.ru/99000037781-santal,,,,,,
https://goldapple.ru/99000124963-clear-voice,,,,,,
https://goldapple.ru/99000092365-mango-orange-jasmine,,,,,,
https://goldapple.ru/19000196159-peonia,,,,,,
https://goldapple.ru/99000082827-imbir-i-belaa-lilia,,,,,,
https://goldapple.ru/19000310383-frezia-i-siren,,,,,,
https://goldapple.ru/99000107276-lemon-flower,,,,,,
https://goldapple.ru/99000066182-prohladnaa-zelen,,,,,,
https://goldapple.ru/36050300003-dama-bianca,,,,,,
https://goldapple.ru/99000139320-marussia-vanilla-ember,,,,,,
https://goldapple.ru/19000441638-first-light,,,,,,
https://goldapple.ru/19000283378-il-etait-un-bois,,,,,,
https://goldapple.ru/19000304234-sedari,,,,,,
https://goldapple.ru/99000066929-pink-pepper,,,,,,
https://goldapple.ru/19000378369-sa-man,,,,,,
https://goldapple.ru/19000118633-cardamomum,,,,,,
https://goldapple.ru/99000065432-spicy-amber-bliss,,,,,,
https://goldapple.ru/99000082846-lavanda-salfej-kedr,,,,,,
https://goldapple.ru/19000015918-mikado-intense-cinnamon-orange,,,,,,
https://goldapple.ru/19000502177-rp-paris-eau-de-foudre-intense,,,,,,
https://goldapple.ru/99000074154-beauty-glow-boom-fantastic,,,,,,
https://goldapple.ru/99000062630-pure-couture,,,,,,
https://goldapple.ru/19000326669-vip-oud-berry,,,,,,
https://goldapple.ru/19000122362-chocolate-cookies,,,,,,
https://goldapple.ru/19000394570-no2,,,,,,
https://goldapple.ru/19000440550-11-plaz-vajkiki,,,,,,
https://goldapple.ru/19000045150-reed-diffuser-orange-cinnamon,,,,,,
https://goldapple.ru/99000112246-lubovnyj-vibe,,,,,,
https://goldapple.ru/99000134231-vspomni-kardamon-i-slivki,,,,,,
https://goldapple.ru/19760329919-inzhir,,,,,,
https://goldapple.ru/19000059096-cirrus-leather,,,,,,
https://goldapple.ru/19000172699-selective-base-1841,,,,,,
https://goldapple.ru/19000497591-zielinski-rozen-sweet-floral-2,,,,,,
https://goldapple.ru/99000067404-taupe,,,,,,
https://goldapple.ru/19000312178-mango-nectar,,,,,,
https://goldapple.ru/19000296747-sampin-on-goluboj,,,,,,
https://goldapple.ru/19000031673-black-lily-and-amber,,,,,,
https://goldapple.ru/19000039603-allegra-baciami,,,,,,
https://goldapple.ru/19000159049-bois-et-poudre,,,,,,
https://goldapple.ru/19000253089-archeology,,,,,,
https://goldapple.ru/19000296173-casablanca-lily,,,,,,
https://goldapple.ru/19000329952-chameleon,,,,,,
https://goldapple.ru/19000366190-keks-vanil,,,,,,
https://goldapple.ru/19000329339-white-linen-legacy,,,,,,
https://goldapple.ru/99000021903-gold-black-amber,,,,,,
https://goldapple.ru/19000423710-whispers-of-paris,,,,,,
https://goldapple.ru/19000116750-summer-garden,,,,,,
https://goldapple.ru/19000140858-vanille-patchouli,,,,,,
https://goldapple.ru/19000317580-ck-one-essence,,,,,,
https://goldapple.ru/19000399044-miami-shake,,,,,,
https://goldapple.ru/19000051108-sil-lage,,,,,,
https://goldapple.ru/19000325130-legno-di-mandarino,,,,,,
https://goldapple.ru/19760302800-sancti,,,,,,
https://goldapple.ru/19000352993-lemon-slice,,,,,,
https://goldapple.ru/19000160671-floral-sentiment,,,,,,
https://goldapple.ru/99000075932-cvetocnaa-lavka,,,,,,
https://goldapple.ru/19000316450-la-recolte-parisienne,,,,,,
https://goldapple.ru/19000387935-notre-dame-notte-di-natale,,,,,,
https://goldapple.ru/19000413528-vibrant-scent,,,,,,
https://goldapple.ru/19000196203-divino-bianco-90-anniversario,,,,,,
https://goldapple.ru/19760328296-sun-forse,,,,,,
https://goldapple.ru/7301900003-fresh-couture,,,,,,
https://goldapple.ru/19000096266-sage-sea-salt,,,,,,
https://goldapple.ru/19000247121-musk-sea-salt-jasmine,,,,,,
https://goldapple.ru/7283800001-idole,,,,,,
https://goldapple.ru/19000234931-eden,,,,,,
https://goldapple.ru/19000196055-fico-e-pera,,,,,,
https://goldapple.ru/19000023356-citrus-orange-blossom-sweet-woods,,,,,,
https://goldapple.ru/99000045015-sintra,,,,,,
https://goldapple.ru/19760331084-primorskij-kiparis-i-terpkij-vetiver,,,,,,
https://goldapple.ru/19000436926-104-orange-verte-jacinthe-lierre,,,,,,
https://goldapple.ru/99000013271-autumn-waltz,,,,,,
https://goldapple.ru/19000288452-white-wood,,,,,,
https://goldapple.ru/19760332197-smoke-show,,,,,,
https://goldapple.ru/19000344512-kirke-extrait,,,,,,
https://goldapple.ru/7192300027-dior-homme,,,,,,
https://goldapple.ru/19000318779-the-jewels-of-the-orient,,,,,,
https://goldapple.ru/19000283266-cristal-royal,,,,,,
https://goldapple.ru/19000479887-autumn-beach,,,,,,
https://goldapple.ru/19000012394-ayurvedic,,,,,,
https://goldapple.ru/19000014278-signature-yuzu,,,,,,
https://goldapple.ru/19000455024-meditation-sessionr,,,,,,
https://goldapple.ru/19000122360-sea-salt,,,,,,
https://goldapple.ru/19000246360-no-6,,,,,,
https://goldapple.ru/7753100005-l-homme-ideal,,,,,,
https://goldapple.ru/19000502183-rp-paris-velours-noir,,,,,,
https://goldapple.ru/41100700004-stockholm-rose,,,,,,
https://goldapple.ru/19000258945-giambellino,,,,,,
https://goldapple.ru/19000429284-cotton,,,,,,
https://goldapple.ru/19000306780-jour-nuit,,,,,,
https://goldapple.ru/7302000001-fresh-pink-couture,,,,,,
https://goldapple.ru/19000444714-tobacco-and-vanilla,,,,,,
https://goldapple.ru/19000320335-venera-v-smorodine,,,,,,
https://goldapple.ru/80283500005-rose-goldea,,,,,,
https://goldapple.ru/99000133848-cry-baby,,,,,,
https://goldapple.ru/19000239113-neroli-no18,,,,,,
https://goldapple.ru/99000059032-viva-la,,,,,,
https://goldapple.ru/19000196076-champagne-e-bacche-di-rosa,,,,,,
https://goldapple.ru/19000321493-tabacco-1815,,,,,,
https://goldapple.ru/19000213939-coffee-liqueur,,,,,,
https://goldapple.ru/19000074538-mango-and-passion-fruit,,,,,,
https://goldapple.ru/19000394566-no3,,,,,,
https://goldapple.ru/19000246024-jour-5,,,,,,
https://goldapple.ru/19000432261-my-first-roma,,,,,,
https://goldapple.ru/99000143682-tako-home-alisa-v-strane-cudes-mango-i-dyna,,,,,,
https://goldapple.ru/19000125040-the-tragedy-of-lord-george,,,,,,
https://goldapple.ru/19000139509-ylang-ylang-musk,,,,,,
https://goldapple.ru/19000118749-bianco-di-bacco,,,,,,
https://goldapple.ru/99000081629-belyj-muskus-i-tuberoza,,,,,,
https://goldapple.ru/19000453081-saga-man,,,,,,
https://goldapple.ru/19000118610-silver-cedar,,,,,,
https://goldapple.ru/19000487437-vanil-nyj-sejk,,,,,,
https://goldapple.ru/19000391661-pulsation-11-07,,,,,,
https://goldapple.ru/19000285463-la-perla-mode-extrait,,,,,,
https://goldapple.ru/19760330465-colors-rose,,,,,,
https://goldapple.ru/19000399462-black-tea-lumi,,,,,,
https://goldapple.ru/19000209345-grapefruit-patchouli-white-rose,,,,,,
https://goldapple.ru/19000099005-cappuccino,,,,,,
https://goldapple.ru/19000196075-albicocca-e-basilico,,,,,,
https://goldapple.ru/19000348849-moscow,,,,,,
https://goldapple.ru/99000014965-collagen-daily-hand-cream,,,,,,
https://goldapple.ru/19000268525-her-london-dream,,,,,,
https://goldapple.ru/19000387953-hypnotic-musk,,,,,,
https://goldapple.ru/27381300011-muse,,,,,,
https://goldapple.ru/83322000002-orange-blossom,,,,,,
https://goldapple.ru/82681500004-colors-man-blue,,,,,,
https://goldapple.ru/19000426335-royal-muska-nectar,,,,,,
https://goldapple.ru/99000059924-noble-saffron,,,,,,
https://goldapple.ru/83490100003-sacred-earth,,,,,,
https://goldapple.ru/99000005114-cruise,,,,,,
https://goldapple.ru/19000120334-blu,,,,,,
https://goldapple.ru/19000456479-l-eloge-d-orient,,,,,,
https://goldapple.ru/19000309231-white,,,,,,
https://goldapple.ru/27381300013-soprano,,,,,,
https://goldapple.ru/19000076318-wild-honey,,,,,,
https://goldapple.ru/19000256733-grib-muhomor-nezno-rozovaa,,,,,,
https://goldapple.ru/19000382664-filthy-musk,,,,,,
https://goldapple.ru/19000408642-vetiver-rosemary,,,,,,
https://goldapple.ru/99000067401-panache,,,,,,
https://goldapple.ru/99000037783-lime-basil,,,,,,
https://goldapple.ru/19000380155-la-flute-magique,,,,,,
https://goldapple.ru/19000360041-tobacco-and-vanilla,,,,,,
https://goldapple.ru/19000131637-adriano,,,,,,
https://goldapple.ru/99000126121-zel-evarenie,,,,,,
https://goldapple.ru/19000268025-15-cedar,,,,,,
https://goldapple.ru/99000002162-oud-gardens,,,,,,
https://goldapple.ru/19000106778-mirra-i-salfej-gofra,,,,,,
https://goldapple.ru/99000059018-077,,,,,,
https://goldapple.ru/19000412932-rosso-nobile,,,,,,
https://goldapple.ru/19000021044-black-pepper,,,,,,
https://goldapple.ru/19000440555-17-rozovyj-perec-i-limonnoe-derevo,,,,,,
https://goldapple.ru/99000115592-sar-s-konami-mandarin-i-kedr,,,,,,
https://goldapple.ru/19000304235-sereno,,,,,,
https://goldapple.ru/19000493764-hi-dear-black-tea-and-loomi,,,,,,
https://goldapple.ru/19000234973-tobacco-vanilla,,,,,,
https://goldapple.ru/19000296563-magnolia,,,,,,
https://goldapple.ru/19000175196-rosa-rugosa-candle,,,,,,
https://goldapple.ru/19000349581-pear-addiction,,,,,,
https://goldapple.ru/19000319612-petite-perfume-collection-for-women,,,,,,
https://goldapple.ru/19000311809-liberta,,,,,,
https://goldapple.ru/19000472608-midnight-sedar,,,,,,
https://goldapple.ru/19000257107-81-moonlight-walk,,,,,,
https://goldapple.ru/19000082704-immoral,,,,,,
https://goldapple.ru/19000506315-equivalent-pink-rouge,,,,,,
https://goldapple.ru/19000416503-iris-malika,,,,,,
https://goldapple.ru/19000473385-lov-u-together,,,,,,
https://goldapple.ru/19000120800-treffpunkt-8-uhr,,,,,,
https://goldapple.ru/26180600015-famille-royale-le-roi-chanceux,,,,,,
https://goldapple.ru/19000402287-portrait-of-a-lady-hand-cream,,,,,,
https://goldapple.ru/19000095812-melody-of-the-sun,,,,,,
https://goldapple.ru/19000301044-alien-fruit-30-03,,,,,,
https://goldapple.ru/19000039510-citrus-bliss,,,,,,
https://goldapple.ru/99000019531-malina-zelen,,,,,,
https://goldapple.ru/19000343698-your-choice-jingle-bells,,,,,,
https://goldapple.ru/19000493710-lattafa-lp-vintage-radio,,,,,,
https://goldapple.ru/19000004532-fleur-burlesque,,,,,,
https://goldapple.ru/7150600005-aromatics-in-white,,,,,,
https://goldapple.ru/19000134759-falcon-leather,,,,,,
https://goldapple.ru/19000378740-florence,,,,,,
https://goldapple.ru/19000451565-romantic,,,,,,
https://goldapple.ru/19000298136-saint-tropez-eclat-du-soleil,,,,,,
https://goldapple.ru/19000444983-toy-2,,,,,,
https://goldapple.ru/19000035845-tobacco,,,,,,
https://goldapple.ru/19000326756-flower-greenhouse,,,,,,
https://goldapple.ru/7432000003-dylan-blue,,,,,,
https://goldapple.ru/19000451177-no50-09,,,,,,
https://goldapple.ru/19000222469-wabisabi,,,,,,
https://goldapple.ru/83700400013-maserati,,,,,,
https://goldapple.ru/19000196051-champagne-e-bacche-di-rosa,,,,,,
https://goldapple.ru/19000345285-powder,,,,,,
https://goldapple.ru/99000090069-sobranie-5,,,,,,
https://goldapple.ru/99000054847-tender-kiss,,,,,,
https://goldapple.ru/19000149084-marine-fresh,,,,,,
https://goldapple.ru/19000150832-archilibrium,,,,,,
https://goldapple.ru/19000457282-light-moss,,,,,,
https://goldapple.ru/99000037728-caramel,,,,,,
https://goldapple.ru/19000259361-argan-petales-de-rose-brume-parfumee-corps-et-cheveux-argan,,,,,,
https://goldapple.ru/19000190303-berry-prosecco,,,,,,
https://goldapple.ru/19000092693-olympea-solar,,,,,,
https://goldapple.ru/99000037908-garden-mint,,,,,,
https://goldapple.ru/19000309230-almond,,,,,,
https://goldapple.ru/99000098657-pure-white-tea,,,,,,
https://goldapple.ru/99000037723-dubai,,,,,,
https://goldapple.ru/19000389845-vdohnovenie,,,,,,
https://goldapple.ru/19000088272-feuilles-de-fraisier,,,,,,
https://goldapple.ru/15520400001-green-mandarin,,,,,,
https://goldapple.ru/19000193720-voile-d-ocre-eau-de-parfum,,,,,,
https://goldapple.ru/19000350351-pranyj-glintvejn,,,,,,
https://goldapple.ru/19000155415-blooming-lilac,,,,,,
https://goldapple.ru/19000235921-dia-woman,,,,,,
https://goldapple.ru/83700400010-oud-nobile,,,,,,
https://goldapple.ru/19000230982-n-4-neo,,,,,,
https://goldapple.ru/19000471447-out-of-rich,,,,,,
https://goldapple.ru/99000081863-malaysia-january-2019,,,,,,
https://goldapple.ru/19000278052-302,,,,,,
https://goldapple.ru/99000035599-ocean-of-midnight-moon,,,,,,
https://goldapple.ru/19000132669-bergamote-bielo-fema,,,,,,
https://goldapple.ru/99000090075-sobranie-10,,,,,,
https://goldapple.ru/19000374378-mata-i-apel-sin,,,,,,
https://goldapple.ru/19000120315-entice-pour-femme,,,,,,
https://goldapple.ru/19000039534-castle,,,,,,
https://goldapple.ru/19000387932-basilica-di-assisi,,,,,,
https://goldapple.ru/99000150150-mino-icy-bliss-cranberry-prosecco,,,,,,
https://goldapple.ru/19000332308-donna-born-in-roma-green-stravaganza,,,,,,
https://goldapple.ru/19000021553-vanilla-blend,,,,,,
https://goldapple.ru/26174900001-arabians,,,,,,
https://goldapple.ru/19000098975-felicita,,,,,,
https://goldapple.ru/19000473380-cherish-original,,,,,,
https://goldapple.ru/19000196095-rosso-perverso,,,,,,
https://goldapple.ru/19000413174-encens-saba,,,,,,
https://goldapple.ru/99000035603-silver-marble,,,,,,
https://goldapple.ru/19000118760-lavender,,,,,,
https://goldapple.ru/19000041892-602-poivre-cedre-patchouli,,,,,,
https://goldapple.ru/99000023146-la-habana,,,,,,
https://goldapple.ru/19000169829-outcast-blue,,,,,,
https://goldapple.ru/19000487574-dolce-gabbana-devotion-pour-homme,,,,,,
https://goldapple.ru/7191100012-dioressence,,,,,,
https://goldapple.ru/99000048387-descovery-set,,,,,,
https://goldapple.ru/99000037763-dubai,,,,,,
https://goldapple.ru/19000234755-carolina,,,,,,
https://goldapple.ru/19000394895-o-a-c,,,,,,
https://goldapple.ru/19000287138-toy-boy,,,,,,
https://goldapple.ru/19000129092-oriental-dream,,,,,,
https://goldapple.ru/19000179907-rose,,,,,,
https://goldapple.ru/19000171506-orange-rose,,,,,,
https://goldapple.ru/19000320029-velvet-oud,,,,,,
https://goldapple.ru/99000097953-sweet-dream,,,,,,
https://goldapple.ru/19000092354-nice-bergamote-by-antoine-maisondieu,,,,,,
https://goldapple.ru/19000345239-lemon-lime-aloysia-mint,,,,,,
https://goldapple.ru/19000181014-eau-dynamisante,,,,,,
https://goldapple.ru/99000035614-pacific-park,,,,,,
https://goldapple.ru/99000035609-ocean-of-midnight-moon,,,,,,
https://goldapple.ru/15240900011-soir-de-lune-moisturizing-perfumed-body-cream,,,,,,
https://goldapple.ru/19000321546-patchoulove,,,,,,
https://goldapple.ru/19000471476-adidas-ice-dive-3-in-1,,,,,,
https://goldapple.ru/19000422958-hammam,,,,,,
https://goldapple.ru/19000422957-byantium,,,,,,
https://goldapple.ru/19000160681-mountain-lavender,,,,,,
https://goldapple.ru/19000234834-carolina,,,,,,
https://goldapple.ru/99000143082-giardino-magico-rosemary-vetiver-amber,,,,,,
https://goldapple.ru/19000477237-louis-xv-1722-rose,,,,,,
https://goldapple.ru/19000464862-pour-le-soir,,,,,,
https://goldapple.ru/19000296586-masala-drevo-zizni,,,,,,
https://goldapple.ru/19000096276-pure-cotton,,,,,,
https://goldapple.ru/19000494176-emper-genius-event,,,,,,
https://goldapple.ru/19000268018-euphoria,,,,,,
https://goldapple.ru/19000090611-courchevel,,,,,,
https://goldapple.ru/81101300001-the-golden-secret,,,,,,
https://goldapple.ru/19000453080-epic-adventure,,,,,,
https://goldapple.ru/99000076368-santal,,,,,,
https://goldapple.ru/19000213866-mint-rain,,,,,,
https://goldapple.ru/99000014060-amber-vetiver,,,,,,
https://goldapple.ru/19000261878-limitless,,,,,,
https://goldapple.ru/19000306101-list-tabaka-i-koriandr,,,,,,
https://goldapple.ru/19000320681-modern-princess-in-jeans,,,,,,
https://goldapple.ru/19000349390-oud-fantastic-selectif,,,,,,
https://goldapple.ru/19000393528-venus-de-nina-ricci,,,,,,
https://goldapple.ru/19000394577-no2,,,,,,
https://goldapple.ru/99000024129-rage,,,,,,
https://goldapple.ru/19000334201-bois-oriental-ylang,,,,,,
https://goldapple.ru/19000320026-amira,,,,,,
https://goldapple.ru/19000211947-ode-to-dullness,,,,,,
https://goldapple.ru/19000357106-oud-for-greatness,,,,,,
https://goldapple.ru/19000348306-fireplace-readings,,,,,,
https://goldapple.ru/19000321559-rose-oud,,,,,,
https://goldapple.ru/19000394654-nostos,,,,,,
https://goldapple.ru/19000099002-alegria-mandarina,,,,,,
https://goldapple.ru/19000412400-oud-sapparot,,,,,,
https://goldapple.ru/99000070816-parfum-de-france-paloma-p,,,,,,
https://goldapple.ru/99000109031-peony,,,,,,
https://goldapple.ru/19000337189-flowerlush,,,,,,
https://goldapple.ru/19000449105-tea-leaves,,,,,,
https://goldapple.ru/19000428729-man-rain-essence,,,,,,
https://goldapple.ru/19000113128-aqua-allegoria-forte-rosa-rossa,,,,,,
https://goldapple.ru/19000301373-crackling-fire,,,,,,
https://goldapple.ru/99000081640-orris-i-ilang-ilang,,,,,,
https://goldapple.ru/19000232661-signature-black,,,,,,
https://goldapple.ru/19000203308-incendium,,,,,,
https://goldapple.ru/19000484577-endymion-cologne,,,,,,
https://goldapple.ru/19000247240-amore-caffe,,,,,,
https://goldapple.ru/99000133846-sugar-mommy,,,,,,
https://goldapple.ru/19000293451-cherry,,,,,,
https://goldapple.ru/19000487619-dolce-gabbana-light-blue,,,,,,
https://goldapple.ru/19000186237-sugar,,,,,,
https://goldapple.ru/19000321470-tabacco-1815,,,,,,
https://goldapple.ru/19000058274-madrid,,,,,,
https://goldapple.ru/19000125048-babylon,,,,,,
https://goldapple.ru/19000408030-pineapple,,,,,,
https://goldapple.ru/19000477270-hammam-lover,,,,,,
https://goldapple.ru/84230100008-no8,,,,,,
https://goldapple.ru/19000463937-tantra,,,,,,
https://goldapple.ru/83730400001-diadema,,,,,,
https://goldapple.ru/19000451215-no10-12,,,,,,
https://goldapple.ru/99000037810-africa,,,,,,
https://goldapple.ru/19000074547-orange-blossom,,,,,,
https://goldapple.ru/19000492003-zielinski-rozen-saffron-grapefruit-elemi-tobacco,,,,,,
https://goldapple.ru/19000098992-oceano,,,,,,
https://goldapple.ru/99000045178-no-3,,,,,,
https://goldapple.ru/19760301713-cedarwood-sandalwood-amber-patchouli,,,,,,
https://goldapple.ru/99000107250-under-the-olive-tree,,,,,,
https://goldapple.ru/19000399937-03,,,,,,
https://goldapple.ru/19000160347-dla-bystrogo-zasypania,,,,,,
https://goldapple.ru/99000107115-limoncello,,,,,,
https://goldapple.ru/19000225802-thai-mango,,,,,,
https://goldapple.ru/19000222366-dawn-on-the-lake,,,,,,
https://goldapple.ru/99000126054-sea-salt-amber,,,,,,
https://goldapple.ru/19000294169-lemon-mandarin-neroli-temno-sinij,,,,,,
https://goldapple.ru/99000044668-sensuality,,,,,,
https://goldapple.ru/19000178436-toy-boy,,,,,,
https://goldapple.ru/19000370773-perfect,,,,,,
https://goldapple.ru/19000434815-white-jasmine,,,,,,
https://goldapple.ru/19000154586-vetiver-eau-de-toilette,,,,,,
https://goldapple.ru/19000005032-7-cobalt,,,,,,
https://goldapple.ru/19000125944-no1-cardamon-leather-jasmine,,,,,,
https://goldapple.ru/19000306242-tikovoe-derevo-i-tabak,,,,,,
https://goldapple.ru/19000451139-no13-04,,,,,,
https://goldapple.ru/19000399144-alter-ego-786,,,,,,
https://goldapple.ru/19000013012-hacivat,,,,,,
https://goldapple.ru/19000387937-rosa-fiorita,,,,,,
https://goldapple.ru/83080100001-breathe-of-the-infinite,,,,,,
https://goldapple.ru/19000437917-black-pepper-tonka-bean-lime-dry-wood,,,,,,
https://goldapple.ru/19000017107-solo-ella,,,,,,
https://goldapple.ru/99000005277-red-s,,,,,,
https://goldapple.ru/26480200006-opulent-silver,,,,,,
https://goldapple.ru/19000432176-mareminerale-7x7-sm,,,,,,
https://goldapple.ru/19000028983-fig-extasy,,,,,,
https://goldapple.ru/19000131313-porto-di-amalfi,,,,,,
https://goldapple.ru/19000406599-inspired-warmth-for-him,,,,,,
https://goldapple.ru/19000109150-no-2,,,,,,
https://goldapple.ru/19000201653-lavender-vanilla-amber-musk,,,,,,
https://goldapple.ru/99000009832-jacques-harry-01,,,,,,
https://goldapple.ru/26045700002-jasmin-dentelle,,,,,,
https://goldapple.ru/19000268059-papaya,,,,,,
https://goldapple.ru/19000381058-g-022,,,,,,
https://goldapple.ru/19000024444-tenebrae,,,,,,
https://goldapple.ru/99000032753-ci-vediamo,,,,,,
https://goldapple.ru/19000182870-pearls-black-pearls,,,,,,
https://goldapple.ru/99000150154-mino-lammer-blue-sandalwood-and-coconut,,,,,,
https://goldapple.ru/19000074539-very-berry,,,,,,
https://goldapple.ru/19000362511-dark-fig,,,,,,
https://goldapple.ru/99000093040-stenova-home-no51-isabella,,,,,,
https://goldapple.ru/19000275204-bamboo-lotus,,,,,,
https://goldapple.ru/19000375477-florae,,,,,,
https://goldapple.ru/19000305822-30,,,,,,
https://goldapple.ru/19000408240-inspired-nature,,,,,,
https://goldapple.ru/19000464962-rosso-nobile,,,,,,
https://goldapple.ru/19000446048-reflection-man,,,,,,
https://goldapple.ru/19000404805-just-different,,,,,,
https://goldapple.ru/19000144785-hand-in-hand,,,,,,
https://goldapple.ru/99000059941-caucasian-legends,,,,,,
https://goldapple.ru/19000321494-verde-lorena-mini-sinfonia,,,,,,
https://goldapple.ru/19760310390-dolce-vita,,,,,,
https://goldapple.ru/19000189885-rule-4c,,,,,,
https://goldapple.ru/19000120316-aristrocrat,,,,,,
https://goldapple.ru/19000212687-nirvana,,,,,,
https://goldapple.ru/19000419625-sandalwood-cranberry,,,,,,
https://goldapple.ru/19000312148-spumante,,,,,,
https://goldapple.ru/81421100001-dance,,,,,,
https://goldapple.ru/82082600001-tiger-s-nest,,,,,,
https://goldapple.ru/99000005113-dune,,,,,,
https://goldapple.ru/19000448530-city-sexy-kiss-me,,,,,,
https://goldapple.ru/19000451545-charismatic,,,,,,
https://goldapple.ru/19000294177-sandalwood-bergamot-citrus-temno-sinij,,,,,,
https://goldapple.ru/19000454153-daisy,,,,,,
https://goldapple.ru/99000078021-thai-mango-soconut-saramel,,,,,,
https://goldapple.ru/82810700003-midnight-special,,,,,,
https://goldapple.ru/19000155916-musk-malaki,,,,,,
https://goldapple.ru/19000450787-love-at-first-sight,,,,,,
https://goldapple.ru/19000420866-roasted-tangerine,,,,,,
https://goldapple.ru/19760324270-ocean-leather,,,,,,
https://goldapple.ru/19000328968-torero,,,,,,
https://goldapple.ru/99000009845-atelier-moderne,,,,,,
https://goldapple.ru/19000499528-maison-francis-kurkdjian-oud-satin-mood,,,,,,
https://goldapple.ru/19000301236-crystal-noir,,,,,,
https://goldapple.ru/19760330463-her-secret-desire,,,,,,
https://goldapple.ru/99000035613-born-from-fire,,,,,,
https://goldapple.ru/19000399478-ylang-ylang-patchouli,,,,,,
https://goldapple.ru/99000107111-aperol-spritz,,,,,,
https://goldapple.ru/19000471477-adidas-happy-feels,,,,,,
https://goldapple.ru/19000451547-deer-musk,,,,,,
https://goldapple.ru/19000172705-selective-base-228,,,,,,
https://goldapple.ru/19000406042-pleasure,,,,,,
https://goldapple.ru/19000493496-senso-terapia-harmony,,,,,,
https://goldapple.ru/99000089207-peach-coconut-milk,,,,,,
https://goldapple.ru/19000463926-paradigma,,,,,,
https://goldapple.ru/15750200003-step-7,,,,,,
https://goldapple.ru/83730600001-al-andalus,,,,,,
https://goldapple.ru/82092500001-this-is-not-a-blue-bottle-1-5,,,,,,
https://goldapple.ru/19000440617-6-mango,,,,,,
https://goldapple.ru/19000021531-moss,,,,,,
https://goldapple.ru/19000374406-utrennaa-rosa,,,,,,
https://goldapple.ru/19000328967-vida,,,,,,
https://goldapple.ru/19000295857-sandalwood-bergamot-citrus-bezevyj,,,,,,
https://goldapple.ru/19000076340-tender,,,,,,
https://goldapple.ru/19000464112-vetiveria,,,,,,
https://goldapple.ru/19000264010-carousel-black-currant,,,,,,
https://goldapple.ru/99000010906-muladhara,,,,,,
https://goldapple.ru/99000011129-vanil-tabak,,,,,,
https://goldapple.ru/19000306073-sosna-i-paculi,,,,,,
https://goldapple.ru/99000005141-cruise,,,,,,
https://goldapple.ru/19000209558-oval-naa-s-peskom,,,,,,
https://goldapple.ru/19000125356-six,,,,,,
https://goldapple.ru/19000268052-lavander,,,,,,
https://goldapple.ru/99000023828-secret-garden,,,,,,
https://goldapple.ru/19000216518-red-rouge,,,,,,
https://goldapple.ru/99000112747-soul,,,,,,
https://goldapple.ru/19000426976-blackcurrant-geranium-amber-leather,,,,,,
https://goldapple.ru/19000465875-legends-of-the-wild-west,,,,,,
https://goldapple.ru/19000120328-shine,,,,,,
https://goldapple.ru/19000235473-layl,,,,,,
https://goldapple.ru/99000026921-vermouth-cacao,,,,,,
https://goldapple.ru/19000244065-empressa,,,,,,
https://goldapple.ru/19000420562-tea-refresh,,,,,,
https://goldapple.ru/19000370736-nomade,,,,,,
https://goldapple.ru/19000386189-vetiver-rosemary,,,,,,
https://goldapple.ru/19000233616-mandarin-raspberry,,,,,,
https://goldapple.ru/19000206613-velvet-orchid,,,,,,
https://goldapple.ru/99000068077-palo-santo-i-sandal,,,,,,
https://goldapple.ru/19000088271-delice-enchante,,,,,,
https://goldapple.ru/99000035600-rose-of-dangerous-flamenco,,,,,,
https://goldapple.ru/7201000005-3-l-imperatrice,,,,,,
https://goldapple.ru/27381300009-erba-pura,,,,,,
https://goldapple.ru/19000360619-the-icon-supreme,,,,,,
https://goldapple.ru/19000336553-champagne-kiss,,,,,,
https://goldapple.ru/99000039094-prosecco,,,,,,
https://goldapple.ru/19000311824-vento-notturno,,,,,,
https://goldapple.ru/19000222803-l-eau-mixte,,,,,,
https://goldapple.ru/19000126979-changing-constance,,,,,,
https://goldapple.ru/19000398660-peche-chypree,,,,,,
https://goldapple.ru/82970100002-rejouissance-eau-de-parfum-for-women,,,,,,
https://goldapple.ru/19760329911-bazar,,,,,,
https://goldapple.ru/19000469397-anastasia,,,,,,
https://goldapple.ru/19000122594-j-approchais-un-mystere-a-c,,,,,,
https://goldapple.ru/19000300641-halloween-man,,,,,,
https://goldapple.ru/19000247145-love-don-t-be-shy,,,,,,
https://goldapple.ru/19000451230-magiceskij-bal,,,,,,
https://goldapple.ru/19000096273-sage-sea-salt,,,,,,
https://goldapple.ru/99000073840-wellness-rich-coffee-rose-amber,,,,,,
https://goldapple.ru/99000115145-matreska-karibskoe-tikovoe-derevo,,,,,,
https://goldapple.ru/19000225784-immoral,,,,,,
https://goldapple.ru/99000038609-aroma-relax-oriental-comfort,,,,,,
https://goldapple.ru/19000120320-aurum-summer,,,,,,
https://goldapple.ru/19000120797-1a-33,,,,,,
https://goldapple.ru/19000326803-no212-vetiver-noir,,,,,,
https://goldapple.ru/57850200004-probuzdenie-cuvstv,,,,,,
https://goldapple.ru/19000312618-ding-11th-floor,,,,,,
https://goldapple.ru/19000327442-verveine,,,,,,
https://goldapple.ru/19000122591-c-est-toujours-agreable-d-etre-attendu-o-w,,,,,,
https://goldapple.ru/19000430194-02-date-night,,,,,,
https://goldapple.ru/82811300002-atlas-fever,,,,,,
https://goldapple.ru/19000304452-sunmusk,,,,,,
https://goldapple.ru/19000296558-ladan,,,,,,
https://goldapple.ru/26143000001-ylang-ylang,,,,,,
https://goldapple.ru/19000408359-kokos-i-vanil,,,,,,
https://goldapple.ru/19000196074-velluto,,,,,,
https://goldapple.ru/19000206006-lovers,,,,,,
https://goldapple.ru/19000194037-space,,,,,,
https://goldapple.ru/19000420269-counterplay,,,,,,
https://goldapple.ru/19000283264-caramel-basil-mint-leather,,,,,,
https://goldapple.ru/99000129263-tsuyu-hanami,,,,,,
https://goldapple.ru/19000141100-watermelon,,,,,,
https://goldapple.ru/19000238667-sous-le-pont-mirabeau,,,,,,
https://goldapple.ru/19000124953-the-world-according-to-arthur,,,,,,
https://goldapple.ru/99000037186-2,,,,,,
https://goldapple.ru/19000380171-vetiver-de-la-reunion,,,,,,
https://goldapple.ru/99000037414-elite-africa-s-feromonami,,,,,,
https://goldapple.ru/19000222195-silence-eloquent,,,,,,
https://goldapple.ru/19000021505-black-pepper-amber-neroli,,,,,,
https://goldapple.ru/19000020465-insolence,,,,,,
https://goldapple.ru/82081300003-irish-leather,,,,,,
https://goldapple.ru/19000021502-cedarwood-sandalwood-amber-patchouli,,,,,,
https://goldapple.ru/19000295476-torino-23,,,,,,
https://goldapple.ru/83271500004-vol-d-hirondelle,,,,,,
https://goldapple.ru/19000336369-kashmir,,,,,,
https://goldapple.ru/19000297762-cernika-i-mata,,,,,,
https://goldapple.ru/19000389120-under-flower,,,,,,
https://goldapple.ru/99000107074-sri-lanka,,,,,,
https://goldapple.ru/19000449071-men-dry-leather,,,,,,
https://goldapple.ru/83730200003-seta,,,,,,
https://goldapple.ru/19000222644-black-candy,,,,,,
https://goldapple.ru/99000092906-pink-mineral-bouquet-liliflora,,,,,,
https://goldapple.ru/19000088216-j-mat,,,,,,
https://goldapple.ru/26775500001-aoud-exclusif,,,,,,
https://goldapple.ru/19000320424-ambre-oriental,,,,,,
https://goldapple.ru/19000285472-patchouli-collection-desir,,,,,,
https://goldapple.ru/19000360389-l-red-tea-vetiver,,,,,,
https://goldapple.ru/19000191221-i-want,,,,,,
https://goldapple.ru/19000192219-natural-jasmine,,,,,,
https://goldapple.ru/19000141548-i-want-choo,,,,,,
https://goldapple.ru/19000475557-gntonic,,,,,,
https://goldapple.ru/19000429259-shield-man,,,,,,
https://goldapple.ru/19000471486-adidas-victory-league,,,,,,
https://goldapple.ru/19000059311-private-collection-v-amber-fougere,,,,,,
https://goldapple.ru/19000486985-red-magnolia,,,,,,
https://goldapple.ru/19000319127-tobacco-cherry,,,,,,
https://goldapple.ru/19000154743-desired-earth,,,,,,
https://goldapple.ru/19000006815-no-21,,,,,,
https://goldapple.ru/19000015916-mikado-intense-red-fruits,,,,,,
https://goldapple.ru/99000020848-fresh-grace-green-apple,,,,,,
https://goldapple.ru/19000213867-green-field,,,,,,
https://goldapple.ru/19000399464-ylang-ylang-patchouli,,,,,,
https://goldapple.ru/19000258951-gold-ii-sahara,,,,,,
https://goldapple.ru/19000424768-sunset-to-midnight,,,,,,
https://goldapple.ru/99000005242-boreal,,,,,,
https://goldapple.ru/19000311835-vespri-aromatico,,,,,,
https://goldapple.ru/19000165384-teakwood,,,,,,
https://goldapple.ru/99000093078-no22-paradise,,,,,,
https://goldapple.ru/19000469366-anastasia,,,,,,
https://goldapple.ru/19760324881-fiction,,,,,,
https://goldapple.ru/99000032755-bellezza,,,,,,
https://goldapple.ru/19000279716-freakincense,,,,,,
https://goldapple.ru/19000131323-by-the-fireplace,,,,,,
https://goldapple.ru/19000337976-04-boost,,,,,,
https://goldapple.ru/19000349010-pure-basil,,,,,,
https://goldapple.ru/19000398341-apple-lotus,,,,,,
https://goldapple.ru/19000292395-comme-une-evidence,,,,,,
https://goldapple.ru/99000081851-supremum-vale,,,,,,
https://goldapple.ru/19000380175-blue-talisman,,,,,,
https://goldapple.ru/19000232740-time-to-live,,,,,,
https://goldapple.ru/19000464111-vetiveria,,,,,,
https://goldapple.ru/19000349036-tonka,,,,,,
https://goldapple.ru/19000118990-pearl-oud,,,,,,
https://goldapple.ru/99000055137-amber-black-pepper-i-tobacco-vanille,,,,,,
https://goldapple.ru/19000063347-iii-iv-tango,,,,,,
https://goldapple.ru/19000451544-change-your-life,,,,,,
https://goldapple.ru/19000455582-orientalisme,,,,,,
https://goldapple.ru/19000266549-kasbah,,,,,,
https://goldapple.ru/19000476247-nightborn,,,,,,
https://goldapple.ru/99000128102-hilton,,,,,,
https://goldapple.ru/19000053435-iv-i-lost-alice-by-mackenzie-reilly,,,,,,
https://goldapple.ru/99000143501-pichet-ambre-cachemire-bois,,,,,,
https://goldapple.ru/19000246550-bouquet-iris-and-neroli,,,,,,
https://goldapple.ru/19000247124-pepper-bergamot,,,,,,
https://goldapple.ru/19000453079-chifon,,,,,,
https://goldapple.ru/19000173523-secret-of-cashmere,,,,,,
https://goldapple.ru/19000331095-orange,,,,,,
https://goldapple.ru/99000028992-blend-vanilla,,,,,,
https://goldapple.ru/19000444715-molecule,,,,,,
https://goldapple.ru/99000009847-christian-laura-01,,,,,,
https://goldapple.ru/19000077498-siberian,,,,,,
https://goldapple.ru/19000239645-maison-vanille-de-madagascar,,,,,,
https://goldapple.ru/19000099004-bakery,,,,,,
https://goldapple.ru/19000122376-purple-mantra,,,,,,
https://goldapple.ru/19000305207-tilia,,,,,,
https://goldapple.ru/19000148357-nice-bergamote-by-antoine-maisondieu,,,,,,
https://goldapple.ru/26774200002-holidays,,,,,,
https://goldapple.ru/99000128294-fleur-trilogy,,,,,,
https://goldapple.ru/19000090610-lyon,,,,,,
https://goldapple.ru/19000106762-zoloto-vostoka-bublik,,,,,,
https://goldapple.ru/19000376880-girl-of-now,,,,,,
https://goldapple.ru/19760300583-homme-deodorant-stick,,,,,,
https://goldapple.ru/19000306248-list-tabaka-i-koriandr,,,,,,
https://goldapple.ru/19000058267-madrid,,,,,,
https://goldapple.ru/19000325129-fiori-dell-etna,,,,,,
https://goldapple.ru/19000407553-fig-me-up,,,,,,
https://goldapple.ru/19000031690-royal-spa,,,,,,
https://goldapple.ru/99000074510-limoncello,,,,,,
https://goldapple.ru/19000306920-montabaco-intensivo,,,,,,
https://goldapple.ru/19000254679-nuts-crumbs,,,,,,
https://goldapple.ru/19000246549-fenomene-esthet,,,,,,
https://goldapple.ru/19000103281-wrap-me-in-dream-body-lotion,,,,,,
https://goldapple.ru/19000464034-neroli-cernyj-perec-ambra,,,,,,
https://goldapple.ru/19000077986-base-pure-cotton,,,,,,
https://goldapple.ru/19000093709-costa-azzurra-parfum,,,,,,
https://goldapple.ru/99000079862-soft-gold,,,,,,
https://goldapple.ru/19000446466-amberwood-vanilla-davana,,,,,,
https://goldapple.ru/26143300001-erotic,,,,,,
https://goldapple.ru/19000241781-black-pepper-amber-figuier-neroli,,,,,,
https://goldapple.ru/83700300006-ginger-lime,,,,,,
https://goldapple.ru/19000220504-gambit,,,,,,
https://goldapple.ru/27230200001-belle-rencontre-rose-vanille,,,,,,
https://goldapple.ru/19000249529-zuac,,,,,,
https://goldapple.ru/19000131355-alpine-vin-brule,,,,,,
https://goldapple.ru/19000239112-muscs-blancs-no13,,,,,,
https://goldapple.ru/19000312238-blackberry-nights,,,,,,
https://goldapple.ru/19000378742-paris,,,,,,
https://goldapple.ru/19000132682-bergamote-bielo-fema,,,,,,
https://goldapple.ru/19000447219-bois-imperial-by-quentin-bisch,,,,,,
https://goldapple.ru/19000413561-the-smart-set,,,,,,
https://goldapple.ru/19000320027-aristocrat,,,,,,
https://goldapple.ru/99000011113-balance,,,,,,
https://goldapple.ru/81101600001-the-golden-secret,,,,,,
https://goldapple.ru/19000323014-smokin-gun,,,,,,
https://goldapple.ru/19000467307-lemon-lemongrass-sage,,,,,,
https://goldapple.ru/19000214002-sweet-mango,,,,,,
https://goldapple.ru/99000110774-crunchy-fruits,,,,,,
https://goldapple.ru/10040500053-magicheskaja-ljubov,,,,,,
https://goldapple.ru/19000496744-estee-lauder-bronze-goddess,,,,,,
https://goldapple.ru/19000285459-king-of-kings-princess,,,,,,
https://goldapple.ru/99000012657-sense-home-gunpowder,,,,,,
https://goldapple.ru/19000225667-money,,,,,,
https://goldapple.ru/19000408357-grejpfrut-i-tabak,,,,,,
https://goldapple.ru/19000486981-royal-scent,,,,,,
https://goldapple.ru/19000154003-forest-rituals,,,,,,
https://goldapple.ru/99000038138-exquisite-sparkle,,,,,,
https://goldapple.ru/19000125047-halfeti,,,,,,
https://goldapple.ru/19000266452-red-element,,,,,,
https://goldapple.ru/26801500002-baccarat-rouge-540-travel,,,,,,
https://goldapple.ru/19000090594-bosco,,,,,,
https://goldapple.ru/82340300004-egypt,,,,,,
https://goldapple.ru/99000107895-carolina,,,,,,
https://goldapple.ru/19000465147-vanille-orchidee-noire,,,,,,
https://goldapple.ru/19000155326-leather-and-sandalwood,,,,,,
https://goldapple.ru/19000234790-rosso,,,,,,
https://goldapple.ru/19000059304-original-collection-no-1-feminine,,,,,,
https://goldapple.ru/99000033354-noble-saffron,,,,,,
https://goldapple.ru/19000141066-soleil-de-provence,,,,,,
https://goldapple.ru/19000296584-angel-skij-tuman,,,,,,
https://goldapple.ru/19000090607-paris,,,,,,
https://goldapple.ru/19000107439-ciel-magnolia,,,,,,
https://goldapple.ru/99000156496-maag-soft-infusion,,,,,,
https://goldapple.ru/19000021525-717,,,,,,
https://goldapple.ru/19000266451-other-side,,,,,,
https://goldapple.ru/19000370751-the-scent-magnetic,,,,,,
https://goldapple.ru/19000168227-gizeaux,,,,,,
https://goldapple.ru/19000349031-storm,,,,,,
https://goldapple.ru/19000473389-the-moment-for-her,,,,,,
https://goldapple.ru/82920100002-absolute-aphrodisiac,,,,,,
https://goldapple.ru/99000065038-black-sea,,,,,,
https://goldapple.ru/19000015904-mikado-vanilla,,,,,,
https://goldapple.ru/19000315575-fig-porn,,,,,,
https://goldapple.ru/19000315567-rose-point,,,,,,
https://goldapple.ru/19000484120-original,,,,,,
https://goldapple.ru/19000143864-bali,,,,,,
https://goldapple.ru/19000291172-8-days-a-week,,,,,,
https://goldapple.ru/19000141542-floral,,,,,,
https://goldapple.ru/99000051389-pomegranate-acai-ginger,,,,,,
https://goldapple.ru/19000343906-oriental-opulence,,,,,,
https://goldapple.ru/19000420262-lovin-you,,,,,,
https://goldapple.ru/19000152731-pink-pepper-elemi-cinnamon-leaher,,,,,,
https://goldapple.ru/83290100003-vanille-de-madagascar,,,,,,
https://goldapple.ru/19000313350-blu-mediterraneo-mandorlo-di-sicilia,,,,,,
https://goldapple.ru/26166600002-wild-pears,,,,,,
https://goldapple.ru/99000095206-u603,,,,,,
https://goldapple.ru/19000424958-musk-orris-sandalwood-200g,,,,,,
https://goldapple.ru/19000107386-l-interdit,,,,,,
https://goldapple.ru/19000448972-white-sage-neroli,,,,,,
https://goldapple.ru/19000329376-qi,,,,,,
https://goldapple.ru/19000495607-dr-vranjes-firenze-mattutino,,,,,,
https://goldapple.ru/19000067374-uluwatu-incense,,,,,,
https://goldapple.ru/19000191219-gaiac-violet,,,,,,
https://goldapple.ru/99000081991-lavanda-i-mata,,,,,,
https://goldapple.ru/99000037725-tobacco-vanilla,,,,,,
https://goldapple.ru/19000412467-fine-oud,,,,,,
https://goldapple.ru/99000146450-by-kaori-wildlife,,,,,,
https://goldapple.ru/19000469389-jackie,,,,,,
https://goldapple.ru/19000206584-black-weed,,,,,,
https://goldapple.ru/19000209052-prosseco-grapefruite,,,,,,
https://goldapple.ru/19000442818-sage-musk,,,,,,
https://goldapple.ru/19000449072-men-triumph-fenomene,,,,,,
https://goldapple.ru/19000396235-falcon-leather,,,,,,
https://goldapple.ru/19000135058-the-icon-elixir,,,,,,
https://goldapple.ru/19000319621-oud-epice,,,,,,
https://goldapple.ru/99000090495-abracadabra-extrait,,,,,,
https://goldapple.ru/19000048698-amber-sandalwood,,,,,,
https://goldapple.ru/82860200002-missoni,,,,,,
https://goldapple.ru/19000440546-6-mango,,,,,,
https://goldapple.ru/19000118771-ostro,,,,,,
https://goldapple.ru/19760327534-atelier-jasmin-au-soleil,,,,,,
https://goldapple.ru/99000018171-one-and-only,,,,,,
https://goldapple.ru/99000081639-rozovyj-pion-i-gardenia,,,,,,
https://goldapple.ru/19000311742-tabak-vanil-i-drevesnye-noty,,,,,,
https://goldapple.ru/19760343456-royal-power,,,,,,
https://goldapple.ru/19000090585-precious,,,,,,
https://goldapple.ru/19000148365-nice-bergamote,,,,,,
https://goldapple.ru/90151100001-black-pepper-amber-neroli,,,,,,
https://goldapple.ru/19000304238-tesoro,,,,,,
https://goldapple.ru/19000431986-mad-honey,,,,,,
https://goldapple.ru/90150300003-rosemary-lemon-neroli,,,,,,
https://goldapple.ru/83080300001-live-in-colours,,,,,,
https://goldapple.ru/19000438302-lotos,,,,,,
https://goldapple.ru/19000361860-rosa-rugosa-rubber-incense,,,,,,
https://goldapple.ru/19000333847-sense-of-freshness,,,,,,
https://goldapple.ru/19000392873-velvet-leather,,,,,,
https://goldapple.ru/99000024237-black-vanilla,,,,,,
https://goldapple.ru/19000439663-dive-in-fig,,,,,,
https://goldapple.ru/99000004483-velvet-cherry,,,,,,
https://goldapple.ru/19000454035-bazilik-tomatnyj-list-citrus,,,,,,
https://goldapple.ru/99000086761-pomodoro-tiger,,,,,,
https://goldapple.ru/19000206602-ocean-hills,,,,,,
https://goldapple.ru/19000405945-buongiorno,,,,,,
https://goldapple.ru/27321100005-southern-bloom,,,,,,
https://goldapple.ru/99000018441-cotton,,,,,,
https://goldapple.ru/19000301348-into-the-woods,,,,,,
https://goldapple.ru/19000159384-yuzhnaya-kozha,,,,,,
https://goldapple.ru/19000312025-07-salty-salt,,,,,,
https://goldapple.ru/99000036872-verbena,,,,,,
https://goldapple.ru/19760310038-french-gallantry,,,,,,
https://goldapple.ru/19000206956-late-september,,,,,,
https://goldapple.ru/19000450010-cassis-trigger,,,,,,
https://goldapple.ru/19000300214-warmness,,,,,,
https://goldapple.ru/99000034338-oro-bianco,,,,,,
https://goldapple.ru/19000342018-deziro,,,,,,
https://goldapple.ru/19000494190-emper-zephyr-gold,,,,,,
https://goldapple.ru/19760330830-le-male,,,,,,
https://goldapple.ru/19000272871-for-him,,,,,,
https://goldapple.ru/19000357464-fievre-idyllique,,,,,,
https://goldapple.ru/83690100022-b-612,,,,,,
https://goldapple.ru/90151400003-red-grapefruit-bergamot-amber,,,,,,
https://goldapple.ru/28330100001-no-9-bukhoor,,,,,,
https://goldapple.ru/99000056434-corpo,,,,,,
https://goldapple.ru/19000218263-mango-cocktail,,,,,,
https://goldapple.ru/19760300392-103-fleur-de-tiare-jasmin-hibiscus,,,,,,
https://goldapple.ru/19000150729-beautiful-magnolia-edt,,,,,,
https://goldapple.ru/99000070821-parfum-de-france-noir,,,,,,
https://goldapple.ru/99000065688-pure-paradise,,,,,,
https://goldapple.ru/99000075947-zimnij-les,,,,,,
https://goldapple.ru/19000296570-dragocennyj-aromat,,,,,,
https://goldapple.ru/19000446160-fleur-de-murier,,,,,,
https://goldapple.ru/19000489211-rouge-bunny-rouge-incognito,,,,,,
https://goldapple.ru/19000459152-amber-pepper,,,,,,
https://goldapple.ru/19000306244-cistyj-hlopok,,,,,,
https://goldapple.ru/99000038126-aroma-dream-delicate-ambre,,,,,,
https://goldapple.ru/19000280330-fil-d-or-n-2,,,,,,
https://goldapple.ru/99000101447-amber-vanilla-patchouli,,,,,,
https://goldapple.ru/7192400006-eau-sauvage,,,,,,
https://goldapple.ru/26167900001-montale-candy-rose,,,,,,
https://goldapple.ru/83450100001-autoportrait,,,,,,
https://goldapple.ru/19000321529-rose-oud,,,,,,
https://goldapple.ru/99000018413-narcotic,,,,,,
https://goldapple.ru/19000153558-sensoriel-superfusion,,,,,,
https://goldapple.ru/19000088262-eau-des-thes-elixir-de-cologne,,,,,,
https://goldapple.ru/19000399473-saffron-tonka-beans,,,,,,
https://goldapple.ru/19000013015-safran-cologhise,,,,,,
https://goldapple.ru/83430100017-stockholm-1978,,,,,,
https://goldapple.ru/99000059034-pure,,,,,,
https://goldapple.ru/19000107896-aqua-allegoria-rosa-rossa,,,,,,
https://goldapple.ru/19000167929-grey-vetiver,,,,,,
https://goldapple.ru/19000298637-rose-sparkling,,,,,,
https://goldapple.ru/19000192225-nagchampa,,,,,,
https://goldapple.ru/19000212707-garmonia,,,,,,
https://goldapple.ru/26372900011-soleil-blanc,,,,,,
https://goldapple.ru/19000038881-morning-dew,,,,,,
https://goldapple.ru/19000246329-oceania,,,,,,
https://goldapple.ru/26042900002-aqua-motu,,,,,,
https://goldapple.ru/19000061957-yuzhnaya-kozha,,,,,,
https://goldapple.ru/19000048471-bogema,,,,,,
https://goldapple.ru/19000306252-antar-i-kasemir,,,,,,
https://goldapple.ru/82811900001-french-affair,,,,,,
https://goldapple.ru/19000138158-wine-mood,,,,,,
https://goldapple.ru/19000139017-spices,,,,,,
https://goldapple.ru/99000074808-pure-spring-clear-sky,,,,,,
https://goldapple.ru/19000493425-architect-demidoff-creator,,,,,,
https://goldapple.ru/19000476244-peachy-sky,,,,,,
https://goldapple.ru/19000488832-sergio-nero-donna-te-lilla,,,,,,
https://goldapple.ru/19000017913-not-a-girl,,,,,,
https://goldapple.ru/19000376320-perfume-mood,,,,,,
https://goldapple.ru/19000422481-vanilla-powder,,,,,,
https://goldapple.ru/84230100010-no10,,,,,,
https://goldapple.ru/19000310355-ozon-i-roza,,,,,,
https://goldapple.ru/19000311988-grounding-candle,,,,,,
https://goldapple.ru/19760331242-fiction,,,,,,
https://goldapple.ru/28330100002-no-1-tonic-blanc,,,,,,
https://goldapple.ru/99000128684-hvoa,,,,,,
https://goldapple.ru/19000021493-moss,,,,,,
https://goldapple.ru/99000003405-africa,,,,,,
https://goldapple.ru/19000155391-macaroon,,,,,,
https://goldapple.ru/19000194055-istanbul,,,,,,
https://goldapple.ru/19000294167-italian-cypress-terrakotovyj,,,,,,
https://goldapple.ru/19000386848-perfumed-lotion-no7,,,,,,
https://goldapple.ru/19000455620-fizzy-mineral,,,,,,
https://goldapple.ru/90150300002-black-pepper-amber-neroli,,,,,,
https://goldapple.ru/19000249533-nourishing,,,,,,
https://goldapple.ru/99000132037-viva-magenta,,,,,,
https://goldapple.ru/19000247195-zafferano,,,,,,
https://goldapple.ru/19000024445-mirabilis,,,,,,
https://goldapple.ru/99000156493-maag-vanilla-eclipse,,,,,,
https://goldapple.ru/99000090092-sobranie-no4,,,,,,
https://goldapple.ru/19000211014-a-balm-of-calm,,,,,,
https://goldapple.ru/19000455002-sea-salt-wood,,,,,,
https://goldapple.ru/19000222639-woody-lemon,,,,,,
https://goldapple.ru/19000381053-g-013,,,,,,
https://goldapple.ru/99000093087-no88-garden,,,,,,
https://goldapple.ru/26732400002-la-tulipe,,,,,,
https://goldapple.ru/19000446854-amyris-homme,,,,,,
https://goldapple.ru/19000326806-alice,,,,,,
https://goldapple.ru/99000037892-italy-focaccia,,,,,,
https://goldapple.ru/99000127439-aroma-sf43,,,,,,
https://goldapple.ru/19000125407-wood,,,,,,
https://goldapple.ru/99000138284-maison-berger-paris-lolita-lempicka,,,,,,
https://goldapple.ru/19000428739-rose-goldea-blossom-delight,,,,,,
https://goldapple.ru/19000449100-cornflower,,,,,,
https://goldapple.ru/19000321477-verde-lorena,,,,,,
https://goldapple.ru/19000161616-earth-core,,,,,,
https://goldapple.ru/19000493607-altamura,,,,,,
https://goldapple.ru/19000297775-slivocnoe-morozenoe,,,,,,
https://goldapple.ru/19000249283-brown-relief,,,,,,
https://goldapple.ru/19000213891-vanilla-coconut,,,,,,
https://goldapple.ru/99000038603-cotton-caress,,,,,,
https://goldapple.ru/19000345243-rosemary-lemon,,,,,,
https://goldapple.ru/19000300863-vino-rosso,,,,,,
https://goldapple.ru/19000494182-emper-so-genius,,,,,,
https://goldapple.ru/19000360605-guilty,,,,,,
https://goldapple.ru/99000081988-apel-sinovyj-bitter-i-koriandr,,,,,,
https://goldapple.ru/19000301858-white-jasmine,,,,,,
https://goldapple.ru/19000051909-no24-classic-collection,,,,,,
https://goldapple.ru/99000127591-bulocka-s-koricej,,,,,,
https://goldapple.ru/19000206582-berlin-heaven,,,,,,
https://goldapple.ru/19000334594-carnal-bliss,,,,,,
https://goldapple.ru/19000421947-ebony-wood-ginseng,,,,,,
https://goldapple.ru/19000047866-fig-infusion-by-nathalie-lorson,,,,,,
https://goldapple.ru/19000472549-contre-ta-peau,,,,,,
https://goldapple.ru/83710100008-chypre-mojo,,,,,,
https://goldapple.ru/99000111664-grapefruit-mangosteen,,,,,,
https://goldapple.ru/99000090076-sobranie-9,,,,,,
https://goldapple.ru/19000228356-vienna,,,,,,
https://goldapple.ru/19760345304-milano,,,,,,
https://goldapple.ru/19000288456-white-wood-and-secret-garden,,,,,,
https://goldapple.ru/19000337184-belfiore,,,,,,
https://goldapple.ru/19000451228-skola-carodejstva,,,,,,
https://goldapple.ru/19000489210-rouge-bunny-rouge-embers,,,,,,
https://goldapple.ru/19000471909-toy-boy-2,,,,,,
https://goldapple.ru/19000182706-woody-pomegranate,,,,,,
https://goldapple.ru/7195700002-poison-girl,,,,,,
https://goldapple.ru/19000468480-ambre-et-tonka,,,,,,
https://goldapple.ru/19000464869-grand-soir,,,,,,
https://goldapple.ru/19000340602-guidance-46,,,,,,
https://goldapple.ru/99000077291-pink-peony,,,,,,
https://goldapple.ru/19000080194-in-france-queen-5-hair-shampoo,,,,,,
https://goldapple.ru/19000455588-sucre-noir,,,,,,
https://goldapple.ru/19000494569-poemes-de-provence-bois-ambre,,,,,,
https://goldapple.ru/19000090629-satin-shine,,,,,,
https://goldapple.ru/19000413531-azure-haze,,,,,,
https://goldapple.ru/19000257101-61-believe-in-capitalism,,,,,,
https://goldapple.ru/19000134758-radical-rose,,,,,,
https://goldapple.ru/19000164621-brume-du-matin,,,,,,
https://goldapple.ru/99000073471-dubovyj-moh-i-antar,,,,,,
https://goldapple.ru/19000072523-yes-a-country-does-cinema-m,,,,,,
https://goldapple.ru/19760332191-moon-carnival,,,,,,
https://goldapple.ru/19000231577-49,,,,,,
https://goldapple.ru/19000090595-vostorg,,,,,,
https://goldapple.ru/99000110767-sweet-lolita-lempicka,,,,,,
https://goldapple.ru/19000264097-no3,,,,,,
https://goldapple.ru/19000441886-eau-fraiche-extreme,,,,,,
https://goldapple.ru/19000399480-black-tea-lumi,,,,,,
https://goldapple.ru/19000209051-cashmere,,,,,,
https://goldapple.ru/19000475556-desirtoxic,,,,,,
https://goldapple.ru/19000196158-dolci-nanne,,,,,,
https://goldapple.ru/19000264464-vetiver-musc,,,,,,
https://goldapple.ru/99000005323-mint-gold-s,,,,,,
https://goldapple.ru/19000172686-parfum-extra-24,,,,,,
https://goldapple.ru/19000484580-constance,,,,,,
https://goldapple.ru/19000233615-melon-vanilla,,,,,,
https://goldapple.ru/19000109154-no-9,,,,,,
https://goldapple.ru/99000105021-vanil-nyj-vihr,,,,,,
https://goldapple.ru/19760327536-atelier-vanille-rouge,,,,,,
https://goldapple.ru/19000266447-proserpina,,,,,,
https://goldapple.ru/19000321532-vento-di-mare,,,,,,
https://goldapple.ru/19000321538-dolce-vaniglia,,,,,,
https://goldapple.ru/99000010149-ahlmann-02,,,,,,
https://goldapple.ru/19000327873-absolute-shadow,,,,,,
https://goldapple.ru/19000039529-london,,,,,,
https://goldapple.ru/19000013001-black-c,,,,,,
https://goldapple.ru/19000209557-ladon,,,,,,
https://goldapple.ru/19000014504-la-destinee,,,,,,
https://goldapple.ru/19000404485-baccarat-muse,,,,,,
https://goldapple.ru/99000067341-sosnovyj-limonad,,,,,,
https://goldapple.ru/19000301393-crackling-fire,,,,,,
https://goldapple.ru/19000310345-ozon-i-roza,,,,,,
https://goldapple.ru/19000296577-rozmarin,,,,,,
https://goldapple.ru/19000440471-stereotype-flow,,,,,,
https://goldapple.ru/19000399447-basil-vetiver,,,,,,
https://goldapple.ru/19000463928-paradigma,,,,,,
https://goldapple.ru/19000059333-soprano,,,,,,
https://goldapple.ru/19000355436-virgin,,,,,,
https://goldapple.ru/19000066082-sisterland-green-jasmine,,,,,,
https://goldapple.ru/19000445950-pour-homme,,,,,,
https://goldapple.ru/99000067414-moments-home-perfume-tawny,,,,,,
https://goldapple.ru/19000275208-praline-vanilla,,,,,,
https://goldapple.ru/19000148359-rose-magnetic,,,,,,
https://goldapple.ru/19000186102-edge-green-tea-pear-blossom-seraa,,,,,,
https://goldapple.ru/19000450885-queenside,,,,,,
https://goldapple.ru/19000011153-rose-rebatchi,,,,,,
https://goldapple.ru/19000423880-petrichor,,,,,,
https://goldapple.ru/19000439655-desert-wood,,,,,,
https://goldapple.ru/19000345275-powder,,,,,,
https://goldapple.ru/19000391662-chasing-light-19-10,,,,,,
https://goldapple.ru/19000424744-sans-ambages,,,,,,
https://goldapple.ru/19760309633-travel-set-original,,,,,,
https://goldapple.ru/19000233622-cotton-dream,,,,,,
https://goldapple.ru/19000194052-oud,,,,,,
https://goldapple.ru/19000097795-canadian-pine,,,,,,
https://goldapple.ru/19000165254-patchouli-musk-green-tea,,,,,,
https://goldapple.ru/99000131345-seduction,,,,,,
https://goldapple.ru/19000184204-no11,,,,,,
https://goldapple.ru/26800600011-oud,,,,,,
https://goldapple.ru/19000327402-dla-ovnov,,,,,,
https://goldapple.ru/99000070820-parfum-de-france-clime,,,,,,
https://goldapple.ru/19000121200-homme-hair-perfume,,,,,,
https://goldapple.ru/19000327917-jumeirah,,,,,,
https://goldapple.ru/90151100010-vetiver-lemon-bergamot,,,,,,
https://goldapple.ru/99000044206-narcotic-cherry,,,,,,
https://goldapple.ru/19000399453-saffron-tonka-beans,,,,,,
https://goldapple.ru/19000076312-nomad,,,,,,
https://goldapple.ru/19000155399-sakura-flower,,,,,,
https://goldapple.ru/19000188459-invictus,,,,,,
https://goldapple.ru/19000399389-bliss,,,,,,
https://goldapple.ru/99000009839-quentin-03,,,,,,
https://goldapple.ru/19760302794-irresistible,,,,,,
https://goldapple.ru/19000409112-rose-flamboyante,,,,,,
https://goldapple.ru/99000151032-aroma-narcotique-no22,,,,,,
https://goldapple.ru/99000037724-fleur,,,,,,
https://goldapple.ru/19000296534-pontifik,,,,,,
https://goldapple.ru/99000053861-silk-orchid,,,,,,
https://goldapple.ru/19000099016-vanilla,,,,,,
https://goldapple.ru/99000005127-soho,,,,,,
https://goldapple.ru/19000381048-g-005,,,,,,
https://goldapple.ru/99000053860-crystal-clean,,,,,,
https://goldapple.ru/7613500001-celebrate-now,,,,,,
https://goldapple.ru/19000032651-sicilijskij-bergamot,,,,,,
https://goldapple.ru/19000451149-no13-14,,,,,,
https://goldapple.ru/99000014054-fig-tea-cedar,,,,,,
https://goldapple.ru/19000322597-rouge,,,,,,
https://goldapple.ru/19000141666-mademoiselle,,,,,,
https://goldapple.ru/99000115146-matreska-dubovyj-moh-i-ambra,,,,,,
https://goldapple.ru/19000186574-rose-tonka,,,,,,
https://goldapple.ru/19000320025-amber-oud,,,,,,
https://goldapple.ru/19000187156-orhidea-i-lazurnyj-okean,,,,,,
https://goldapple.ru/19000284595-lavender,,,,,,
https://goldapple.ru/99000126733-sexy-sensitive,,,,,,
https://goldapple.ru/19000487436-tibetskaa-malina-i-pranosti,,,,,,
https://goldapple.ru/19000301043-breathe-out-01-02,,,,,,
https://goldapple.ru/19000278054-702,,,,,,
https://goldapple.ru/26550200021-she-was-an-anomaly,,,,,,
https://goldapple.ru/99000142414-pichet-amande-peche-vanille,,,,,,
https://goldapple.ru/19000044567-deep-leather-les-eaux-d-un-instant-absolu,,,,,,
https://goldapple.ru/83080300002-the-time,,,,,,
https://goldapple.ru/19000374355-granat-i-vinograd,,,,,,
https://goldapple.ru/99000132176-mimosa,,,,,,
https://goldapple.ru/19000148368-the-musc,,,,,,
https://goldapple.ru/19000429245-chifon,,,,,,
https://goldapple.ru/19000436415-mirra,,,,,,
https://goldapple.ru/19000281749-lux-visionaria,,,,,,
https://goldapple.ru/19000350100-clutch-collection-bubble-gum,,,,,,
https://goldapple.ru/19000206588-dark-amber,,,,,,
https://goldapple.ru/82820100002-meliora,,,,,,
https://goldapple.ru/99000113127-boutique-hotel,,,,,,
https://goldapple.ru/19000009159-white-metal-candle-marie,,,,,,
https://goldapple.ru/19000402546-provence-soleia,,,,,,
https://goldapple.ru/19000493705-lattafa-art-of-nature-ii,,,,,,
https://goldapple.ru/19000314039-no7,,,,,,
https://goldapple.ru/19000252954-agar,,,,,,
https://goldapple.ru/26171700001-montale-spicy-aoud,,,,,,
https://goldapple.ru/19000300637-kiss,,,,,,
https://goldapple.ru/19000261875-heritage,,,,,,
https://goldapple.ru/19000225254-orange-jasmine,,,,,,
https://goldapple.ru/19000235946-gold-woman,,,,,,
https://goldapple.ru/19000287634-fucsia,,,,,,
https://goldapple.ru/19000131339-intimate-cozy,,,,,,
https://goldapple.ru/19000082703-habibi,,,,,,
https://goldapple.ru/19000308548-les-infinis-chic-avenue,,,,,,
https://goldapple.ru/19000268512-brit-for-him,,,,,,
https://goldapple.ru/19000328380-bain-de-nature-mango,,,,,,
https://goldapple.ru/99000018531-teplyj-ud,,,,,,
https://goldapple.ru/19000314071-prafrans,,,,,,
https://goldapple.ru/90151200002-black-pepper-amber-neroli,,,,,,
https://goldapple.ru/99000155458-maag-pearl-silver,,,,,,
https://goldapple.ru/19000120829-notre-dame,,,,,,
https://goldapple.ru/19000465892-limoncello-on-my-mind,,,,,,
https://goldapple.ru/19000099027-luciano,,,,,,
https://goldapple.ru/26723600012-intoxicated,,,,,,
https://goldapple.ru/19000404801-ckin2u-him,,,,,,
https://goldapple.ru/99000034979-autumn,,,,,,
https://goldapple.ru/82082700001-winter-palace,,,,,,
https://goldapple.ru/19000469402-sonia,,,,,,
https://goldapple.ru/19000406572-not-for-everybody-woman-s-best,,,,,,
https://goldapple.ru/19000321490-patchoulove,,,,,,
https://goldapple.ru/26165800002-aoud-forest,,,,,,
https://goldapple.ru/19000399449-saffron-tonka-beans,,,,,,
https://goldapple.ru/99000026018-sweet-dreams,,,,,,
https://goldapple.ru/99000081631-serebranaa-bereza-i-cernyj-perec,,,,,,
https://goldapple.ru/83700100013-giglio-di-firenze,,,,,,
https://goldapple.ru/99000107255-soap-memories,,,,,,
https://goldapple.ru/19000483131-verona,,,,,,
https://goldapple.ru/19000015570-cold-cherry,,,,,,
https://goldapple.ru/99000028278-no12,,,,,,
https://goldapple.ru/19000120347-amber-wood,,,,,,
https://goldapple.ru/99000105559-sel-de-mer,,,,,,
https://goldapple.ru/19000161981-lily-of-the-valley,,,,,,
https://goldapple.ru/19000334815-euphoria,,,,,,
https://goldapple.ru/19000064862-mademoiselle-private-collection-17,,,,,,
https://goldapple.ru/19000451194-no50-35,,,,,,
https://goldapple.ru/19000221274-skarlett-vanil-paculi,,,,,,
https://goldapple.ru/19000172688-parfum-1,,,,,,
https://goldapple.ru/28320100006-pure-shine,,,,,,
https://goldapple.ru/19000399941-18,,,,,,
https://goldapple.ru/19000292401-ambre-noir,,,,,,
https://goldapple.ru/19000493711-lattafa-yara-moi,,,,,,
https://goldapple.ru/19000201685-chocolate-musk,,,,,,
https://goldapple.ru/19000141520-man,,,,,,
https://goldapple.ru/19000360586-flora-gorgeous-jasmin,,,,,,
https://goldapple.ru/19000067238-milk-tuberose,,,,,,
https://goldapple.ru/19000135057-dance-midnight-muse,,,,,,
https://goldapple.ru/19000140860-verveine-mandarine-jasmin,,,,,,
https://goldapple.ru/99000078022-cotton-jasmine-white-amber,,,,,,
https://goldapple.ru/19000424953-moss-juniper-ozone,,,,,,
https://goldapple.ru/19000148531-hlopok,,,,,,
https://goldapple.ru/19000420868-cedrat-tonic,,,,,,
https://goldapple.ru/19000315658-ornate-moon,,,,,,
https://goldapple.ru/19000051081-silver-shade,,,,,,
https://goldapple.ru/19000348319-white-sandalwood-clary-sage,,,,,,
https://goldapple.ru/19000021045-aria-di-mare,,,,,,
https://goldapple.ru/99000088409-prival-v-lesu,,,,,,
https://goldapple.ru/19000096289-pepper-bergamot,,,,,,
https://goldapple.ru/19000398310-night-dreams,,,,,,
https://goldapple.ru/19000196199-ambra-nera,,,,,,
https://goldapple.ru/19000301358-sunset-glow,,,,,,
https://goldapple.ru/82080800001-jannat,,,,,,
https://goldapple.ru/7302100002-so-real-cheap-and-chic,,,,,,
https://goldapple.ru/19000383951-ceremonia-naslazdenia,,,,,,
https://goldapple.ru/19000204977-k-pour-homme,,,,,,
https://goldapple.ru/19000093626-noble-collection-xxi-art-deco-amberwood-perfume-spray,,,,,,
https://goldapple.ru/19000263263-1970,,,,,,
https://goldapple.ru/19000334781-paradise-coast,,,,,,
https://goldapple.ru/19760302796-irresistible,,,,,,
https://goldapple.ru/99000061039-svet,,,,,,
https://goldapple.ru/99000042356-napoleon,,,,,,
https://goldapple.ru/19000349039-neroli,,,,,,
https://goldapple.ru/99000035606-don-t-ask-me-permission,,,,,,
https://goldapple.ru/82090300001-1804-george-sand,,,,,,
https://goldapple.ru/26800600001-oud,,,,,,
https://goldapple.ru/99000041530-axolute,,,,,,
https://goldapple.ru/19000296567-sosna,,,,,,
https://goldapple.ru/19000062955-p027,,,,,,
https://goldapple.ru/19000147775-teck-wood,,,,,,
https://goldapple.ru/19000344524-spirito-fiorentino,,,,,,
https://goldapple.ru/19000052215-black-mark,,,,,,
https://goldapple.ru/19000159861-champagne-rose,,,,,,
https://goldapple.ru/83700100006-ginger-lime,,,,,,
https://goldapple.ru/19000225960-mamba,,,,,,
https://goldapple.ru/19000090596-barhat,,,,,,
https://goldapple.ru/19000402544-toscana-vita,,,,,,
https://goldapple.ru/99000098686-lavander-fields,,,,,,
https://goldapple.ru/19000469365-alisa,,,,,,
https://goldapple.ru/19000196096-selva-oscura,,,,,,
https://goldapple.ru/19000469372-nina,,,,,,
https://goldapple.ru/19000072530-annicke-3,,,,,,
https://goldapple.ru/99000024130-whitechapel,,,,,,
https://goldapple.ru/99000104316-impressive,,,,,,
https://goldapple.ru/19000155324-whiskey-bar,,,,,,
https://goldapple.ru/19000097044-parfum-2,,,,,,
https://goldapple.ru/19000196742-safari,,,,,,
https://goldapple.ru/80881500001-nomade,,,,,,
https://goldapple.ru/19000152452-of-the-wild,,,,,,
https://goldapple.ru/99000046189-cactus-garden,,,,,,
https://goldapple.ru/19000455573-brin-de-folie,,,,,,
https://goldapple.ru/19000476940-loewe-un-paseo-por-madrid-opera,,,,,,
https://goldapple.ru/19000435716-castley,,,,,,
https://goldapple.ru/26031300001-energizer,,,,,,
https://goldapple.ru/19000311067-rum-honey-coumarin,,,,,,
https://goldapple.ru/19000021548-rosemary-lemon,,,,,,
https://goldapple.ru/19000492030-tom-tailor-cool-mind,,,,,,
https://goldapple.ru/19000476248-dark-echo,,,,,,
https://goldapple.ru/19000173251-coda,,,,,,
https://goldapple.ru/19760343571-fiction,,,,,,
https://goldapple.ru/19000187945-chic-mandarine,,,,,,
https://goldapple.ru/19000402551-the-noir,,,,,,
https://goldapple.ru/19000451180-no50-12,,,,,,
https://goldapple.ru/19000423865-daydreaming,,,,,,
https://goldapple.ru/19000422997-torino-21,,,,,,
https://goldapple.ru/19000451566-royal-roses,,,,,,
https://goldapple.ru/19000449075-sandy-wind,,,,,,
https://goldapple.ru/99000114138-cernyj-vinograd,,,,,,
https://goldapple.ru/19000330371-earth-solo-ella,,,,,,
https://goldapple.ru/19000173526-bakery,,,,,,
https://goldapple.ru/19000154603-white-whale,,,,,,
https://goldapple.ru/19000193714-sable-fauve-eau-de-parfum,,,,,,
https://goldapple.ru/99000110780-sweet-lolita-lempicka,,,,,,
https://goldapple.ru/19000427069-cherry-lady-secret,,,,,,
https://goldapple.ru/19000475518-solo-ella-solo-ella-elixir,,,,,,
https://goldapple.ru/19000285462-la-perla-beaute-extrait,,,,,,
https://goldapple.ru/26550200013-attaquer-le-soleil-marquis-de-sade,,,,,,
https://goldapple.ru/19000148362-divine-vanille,,,,,,
https://goldapple.ru/19000501844-acqua-di-parma-fico-di-amalfi,,,,,,
https://goldapple.ru/19000320427-jardins-d-andalousie,,,,,,
https://goldapple.ru/19000328398-bain-de-nature-olive,,,,,,
https://goldapple.ru/99000107271-sandalwood-temptation,,,,,,
https://goldapple.ru/19000360658-sun-cities,,,,,,
https://goldapple.ru/7824100002-mon-paris,,,,,,
https://goldapple.ru/19000432754-dazzling-girls,,,,,,
https://goldapple.ru/19760301696-orange-jasmine-vanilla,,,,,,
https://goldapple.ru/19000132008-sandal-2-sveci,,,,,,
https://goldapple.ru/19000214341-modern-princess,,,,,,
https://goldapple.ru/99000110858-rose-et-karite,,,,,,
https://goldapple.ru/19000262575-aqua-allegoria-florabloom,,,,,,
https://goldapple.ru/99000146441-by-kaori-carolina,,,,,,
https://goldapple.ru/19000159055-not-a-hair-body-mist,,,,,,
https://goldapple.ru/99000018877-krasnyj-vinograd,,,,,,
https://goldapple.ru/99000009040-razgovory-po-dusam,,,,,,
https://goldapple.ru/19000201174-mega-money,,,,,,
https://goldapple.ru/19000256727-grib-muhomor-lilovaa,,,,,,
https://goldapple.ru/19000074544-very-berry,,,,,,
https://goldapple.ru/19000125260-no-sleep,,,,,,
https://goldapple.ru/19000102342-faisa,,,,,,
https://goldapple.ru/7385900002-si-passione,,,,,,
https://goldapple.ru/99000109204-botanika,,,,,,
https://goldapple.ru/19000455593-amber-blush,,,,,,
https://goldapple.ru/82820200003-galloway,,,,,,
https://goldapple.ru/99000105027-kasemirovoe-derevo,,,,,,
https://goldapple.ru/19000230301-faces-of-francis,,,,,,
https://goldapple.ru/19000332180-wake-up-world,,,,,,
https://goldapple.ru/81994200003-iris-dore,,,,,,
https://goldapple.ru/19000473377-black-suede-touch,,,,,,
https://goldapple.ru/99000076102-hemp-luxury-self-tan,,,,,,
https://goldapple.ru/19000457284-ultimate-grey,,,,,,
https://goldapple.ru/19000354573-les-nuits-de-bal,,,,,,
https://goldapple.ru/19000233611-coconut-multifruit,,,,,,
https://goldapple.ru/26371200006-noir-extreme,,,,,,
https://goldapple.ru/99000109917-cernyj-serebristyj-rozovyj,,,,,,
https://goldapple.ru/19000109141-no-9,,,,,,
https://goldapple.ru/19000291179-moonage-daydream,,,,,,
https://goldapple.ru/19760313114-17-oud-mosaic,,,,,,
https://goldapple.ru/99000107268-agaves-garden,,,,,,
https://goldapple.ru/19000311858-straight-to-heaven,,,,,,
https://goldapple.ru/19000428963-black-tea,,,,,,
https://goldapple.ru/19000436930-903-baies-du-nepal-safran-oud,,,,,,
https://goldapple.ru/19000191224-why-not-a-cologne,,,,,,
https://goldapple.ru/19000109156-no-2,,,,,,
https://goldapple.ru/19000202059-j-adore,,,,,,
https://goldapple.ru/19000039609-allegra-spettacolore,,,,,,
https://goldapple.ru/19000427605-forme-libre-tranquillite-bleue,,,,,,
https://goldapple.ru/19000296805-h-dryards,,,,,,
https://goldapple.ru/99000052154-tobacco-mint,,,,,,
https://goldapple.ru/19000213876-dutch-lavender,,,,,,
https://goldapple.ru/19000021504-717,,,,,,
https://goldapple.ru/19000285723-xi-an,,,,,,
https://goldapple.ru/19000491371-preparfumer-essence-sauvage,,,,,,
https://goldapple.ru/19000161246-miss-lady-korlove,,,,,,
https://goldapple.ru/19000343696-your-choice-pleasure,,,,,,
https://goldapple.ru/19000197496-soul,,,,,,
https://goldapple.ru/99000117378-golden-mandarin,,,,,,
https://goldapple.ru/99000115578-fairy-tales,,,,,,
https://goldapple.ru/19000026678-vetiver-kardamon,,,,,,
https://goldapple.ru/19000213942-vanilla-and-sandalwood,,,,,,
https://goldapple.ru/99000014563-bloom,,,,,,
https://goldapple.ru/99000156455-maag-fleur-sensuelle,,,,,,
https://goldapple.ru/19000032795-crazy-in-love,,,,,,
https://goldapple.ru/19000321506-rose-oud,,,,,,
https://goldapple.ru/19000472427-set-man,,,,,,
https://goldapple.ru/19000125258-hierba-nera,,,,,,
https://goldapple.ru/19000214337-arpege,,,,,,
https://goldapple.ru/19000502144-tom-tailor-for-him,,,,,,
https://goldapple.ru/19000429276-cotton,,,,,,
https://goldapple.ru/19000311743-flerdoranz-muskus-i-moh,,,,,,
https://goldapple.ru/98260300012-lovely-romantic,,,,,,
https://goldapple.ru/19000212709-balans,,,,,,
https://goldapple.ru/19000285458-king-of-kings-prince,,,,,,
https://goldapple.ru/19000455585-premier-role,,,,,,
https://goldapple.ru/19000436933-cuir-sahib-603,,,,,,
https://goldapple.ru/19000198151-concentration,,,,,,
https://goldapple.ru/83830100003-terra-intesa,,,,,,
https://goldapple.ru/19000378140-black-pepper,,,,,,
https://goldapple.ru/26550200011-yes-i-do-don-t-get-me-wrong-baby,,,,,,
https://goldapple.ru/19000220175-apel-sin,,,,,,
https://goldapple.ru/19000389848-sozercanie,,,,,,
https://goldapple.ru/19000296589-vanil,,,,,,
https://goldapple.ru/19000288116-sandalwood-lily-of-the-valley-rose,,,,,,
https://goldapple.ru/99000042939-vinograd,,,,,,
https://goldapple.ru/19000437001-falcon-leather,,,,,,
https://goldapple.ru/19000003429-aqua-universalis-cologne-forte,,,,,,
https://goldapple.ru/19000314032-no11,,,,,,
https://goldapple.ru/99000051807-love-bomb-blue,,,,,,
https://goldapple.ru/19000004538-poets-of-berlin,,,,,,
https://goldapple.ru/19000416505-vanille-malika,,,,,,
https://goldapple.ru/19000179917-no36,,,,,,
https://goldapple.ru/99000150805-aroma-narcotique-no21,,,,,,
https://goldapple.ru/19000440557-19-boby-tonka-i-cvetok-apel-sina,,,,,,
https://goldapple.ru/99000119297-soft-bloom,,,,,,
https://goldapple.ru/19000235967-journey-woman,,,,,,
https://goldapple.ru/19000018402-ebene-fume,,,,,,
https://goldapple.ru/99000018439-green-tea-with-lemon-mint,,,,,,
https://goldapple.ru/99000037914-lime-basil,,,,,,
https://goldapple.ru/19000166875-love-elixir,,,,,,
https://goldapple.ru/19000090587-black-crystal,,,,,,
https://goldapple.ru/19000378747-patchouli-musk,,,,,,
https://goldapple.ru/19000111110-christmas-fairy,,,,,,
https://goldapple.ru/19000380102-bukhara,,,,,,
https://goldapple.ru/19000374443-juliette,,,,,,
https://goldapple.ru/36050400009-lira,,,,,,
https://goldapple.ru/19000222643-night-jasmine,,,,,,
https://goldapple.ru/26661700002-mmmm,,,,,,
https://goldapple.ru/7430800010-eros,,,,,,
https://goldapple.ru/19000247244-sherwood,,,,,,
https://goldapple.ru/19000061578-shantung,,,,,,
https://goldapple.ru/19000293593-1001-jasmine,,,,,,
https://goldapple.ru/19760327530-eros,,,,,,
https://goldapple.ru/19000120759-7753,,,,,,
https://goldapple.ru/19000206595-iris-n-wood,,,,,,
https://goldapple.ru/19000253158-dose-of-rose,,,,,,
https://goldapple.ru/19000378836-tonka-extraordinaire,,,,,,
https://goldapple.ru/19000191495-fan-your-flames-x,,,,,,
https://goldapple.ru/19000004525-body-paint,,,,,,
https://goldapple.ru/99000037726-africa,,,,,,
https://goldapple.ru/19000451184-no50-16,,,,,,
https://goldapple.ru/19000026677-bergamot-zasmin,,,,,,
https://goldapple.ru/19000482571-mans-discovery,,,,,,
https://goldapple.ru/83550400001-royal-muska,,,,,,
https://goldapple.ru/19000455553-vif-argent,,,,,,
https://goldapple.ru/19000392943-pour-homme-blue-label,,,,,,
https://goldapple.ru/26550200001-archives-69,,,,,,
https://goldapple.ru/19000186240-tobacco,,,,,,
https://goldapple.ru/19000345237-cedarwood-neroli-amber,,,,,,
https://goldapple.ru/83080200002-cypress-shade,,,,,,
https://goldapple.ru/19000138056-marakuja,,,,,,
https://goldapple.ru/19000472594-moroccan-tea-lemon-mint,,,,,,
https://goldapple.ru/19000096274-tobacco-vanilla,,,,,,
https://goldapple.ru/19000204716-jeans-original-white-donna,,,,,,
https://goldapple.ru/19000422960-byzantium,,,,,,
https://goldapple.ru/19000394893-black-wood,,,,,,
https://goldapple.ru/19000234832-bellini,,,,,,
https://goldapple.ru/19000213964-power-of-siberia,,,,,,
https://goldapple.ru/19000334703-strawberry-dreams,,,,,,
https://goldapple.ru/99000082845-limon-mandarin-lemongrass,,,,,,
https://goldapple.ru/26550200010-putain-des-palaces,,,,,,
https://goldapple.ru/19000276773-hero,,,,,,
https://goldapple.ru/19000257135-second-skin,,,,,,
https://goldapple.ru/19000408645-tobacco-leaf-vanilla,,,,,,
https://goldapple.ru/19000492323-initio-parfums-prives-lift-me-up,,,,,,
https://goldapple.ru/7180100002-212,,,,,,
https://goldapple.ru/19000440535-16-bambukovaa-rosa,,,,,,
https://goldapple.ru/99000110503-black-angelica,,,,,,
https://goldapple.ru/19000381340-nagchampa,,,,,,
https://goldapple.ru/19000494171-emper-couture-noura,,,,,,
https://goldapple.ru/19000209055-sandal-musk,,,,,,
https://goldapple.ru/19000125242-the-intuition,,,,,,
https://goldapple.ru/19000296737-love-is-choco,,,,,,
https://goldapple.ru/19000004521-125th-bloom,,,,,,
https://goldapple.ru/19760330831-le-beau,,,,,,
https://goldapple.ru/99000150134-mino-delicate-l-gold-sandalwood-and-coconut,,,,,,
https://goldapple.ru/19000021029-nomad-collection-candle-amber-and-musk-mirage-scent,,,,,,
https://goldapple.ru/19000039084-english-lavender,,,,,,
https://goldapple.ru/19000487438-tabak-i-vanil,,,,,,
https://goldapple.ru/19000288451-tonka-flowers,,,,,,
https://goldapple.ru/19000233250-munlark-ash,,,,,,
https://goldapple.ru/19000090614-marseille,,,,,,
https://goldapple.ru/19000187150-lugovye-travy,,,,,,
https://goldapple.ru/19000316868-f040,,,,,,
https://goldapple.ru/19000296764-tykva-lilovaa,,,,,,
https://goldapple.ru/19000413535-eternal-love,,,,,,
https://goldapple.ru/19000023486-dans-tes-bras,,,,,,
https://goldapple.ru/19000285715-osmanthus,,,,,,
https://goldapple.ru/19000175191-essential-collection-loved-by-men,,,,,,
https://goldapple.ru/19000156583-osmanthus-chinois,,,,,,
https://goldapple.ru/99000026908-wilderness,,,,,,
https://goldapple.ru/19000349060-storm,,,,,,
https://goldapple.ru/19000213963-fresh-linen,,,,,,
https://goldapple.ru/99000056431-svyashennoe-derevo,,,,,,
https://goldapple.ru/19000235312-badr,,,,,,
https://goldapple.ru/19000454803-vibes-spark-up-fragrance,,,,,,
https://goldapple.ru/19000294055-immortal,,,,,,
https://goldapple.ru/27381300005-jtc-ivory-route,,,,,,
https://goldapple.ru/19000388646-roskosnyj-moh,,,,,,
https://goldapple.ru/19000203330-gaudium,,,,,,
https://goldapple.ru/99000107104-fleur,,,,,,
https://goldapple.ru/19000501701-borntostandout-cuvee-skin,,,,,,
https://goldapple.ru/99000037778-pear-freesia,,,,,,
https://goldapple.ru/19000370745-the-scent,,,,,,
https://goldapple.ru/19000115406-sladkie-grezy,,,,,,
https://goldapple.ru/19000122329-cherry-kiss,,,,,,
https://goldapple.ru/19000186097-edge-black-ink-bezevaa,,,,,,
https://goldapple.ru/19000311741-vanil-ambra-i-boby-tonka,,,,,,
https://goldapple.ru/19000208987-paranoiaque,,,,,,
https://goldapple.ru/19000186476-hot-splash,,,,,,
https://goldapple.ru/26660100005-lady-vengeance,,,,,,
https://goldapple.ru/19000053427-i-iii-russian-tea-by-julien-rasquinet,,,,,,
https://goldapple.ru/19000412483-tobacco,,,,,,
https://goldapple.ru/19000067368-palo-santo-home-owner,,,,,,
https://goldapple.ru/19000003871-conciergerie,,,,,,
https://goldapple.ru/19000246557-scento-actual,,,,,,
https://goldapple.ru/19000470690-bounty,,,,,,
https://goldapple.ru/19000329377-sakura,,,,,,
https://goldapple.ru/19000306245-antar-i-kasemir,,,,,,
https://goldapple.ru/19000051905-no16-classic-collection,,,,,,
https://goldapple.ru/99000038604-virginia-cedarwood,,,,,,
https://goldapple.ru/19000126986-the-favourite,,,,,,
https://goldapple.ru/19000201692-cashmere,,,,,,
https://goldapple.ru/19000201894-donna-margherita,,,,,,
https://goldapple.ru/19000344510-comete-halley,,,,,,
https://goldapple.ru/19000419308-coeur-vagabond,,,,,,
https://goldapple.ru/19000472588-black-tea-the-pearl-of-the-andes,,,,,,
https://goldapple.ru/19000059337-wardasina,,,,,,
https://goldapple.ru/19000399147-somnia-517,,,,,,
https://goldapple.ru/19000285718-levant,,,,,,
https://goldapple.ru/19000376463-angelique-begum,,,,,,
https://goldapple.ru/19000322611-l-12-12-blanc-eau-intense,,,,,,
https://goldapple.ru/99000010901-sahasrara,,,,,,
https://goldapple.ru/19000048461-neride,,,,,,
https://goldapple.ru/19000315576-indecent-cherry,,,,,,
https://goldapple.ru/19000127047-patchouli-de-sumatra,,,,,,
https://goldapple.ru/19000131381-japanese-garden,,,,,,
https://goldapple.ru/19000423565-girl-of-now-rose-petal,,,,,,
https://goldapple.ru/99000156451-maag-apple,,,,,,
https://goldapple.ru/99000016456-santal,,,,,,
https://goldapple.ru/19000256746-grib-podberezovik-nezno-rozovaa,,,,,,
https://goldapple.ru/19000232660-eleganza-intensa,,,,,,
https://goldapple.ru/19000451563-passion,,,,,,
https://goldapple.ru/19000309949-million-gold,,,,,,
https://goldapple.ru/99000081856-supremum-vale,,,,,,
https://goldapple.ru/19000374357-drevesina-i-imbir,,,,,,
https://goldapple.ru/19000377072-brezza-gentile,,,,,,
https://goldapple.ru/19000341185-402-vanille-caramel-santal,,,,,,
https://goldapple.ru/19000008016-macaroon-yuzu,,,,,,
https://goldapple.ru/19000096291-black-pepper-leather,,,,,,
https://goldapple.ru/19000268063-romanticeskoe-nastroenie,,,,,,
https://goldapple.ru/99000119136-amber-black-pepper,,,,,,
https://goldapple.ru/83450100003-flash-back,,,,,,
https://goldapple.ru/19000325754-discovery-set,,,,,,
https://goldapple.ru/99000097971-rendezvous-with-the-sea,,,,,,
https://goldapple.ru/19000262180-pour-femme,,,,,,
https://goldapple.ru/19000306858-nassau,,,,,,
https://goldapple.ru/99000075711-banana-nut-muffin,,,,,,
https://goldapple.ru/19000418043-cherry-girl,,,,,,
https://goldapple.ru/19000234798-sicily,,,,,,
https://goldapple.ru/19000494570-poemes-de-provence-bois-ambre,,,,,,
https://goldapple.ru/19000477275-meditation-session,,,,,,
https://goldapple.ru/19000276406-star-island,,,,,,
https://goldapple.ru/83320700007-lime-basil-mandarin,,,,,,
https://goldapple.ru/19000429247-g-woman,,,,,,
https://goldapple.ru/19000225253-black-vanilla,,,,,,
https://goldapple.ru/19000189874-antique-library,,,,,,
https://goldapple.ru/19000301856-patcholi-lavander,,,,,,
https://goldapple.ru/19760329908-yuzhnaya-kozha,,,,,,
https://goldapple.ru/19000195911-mango,,,,,,
https://goldapple.ru/19000120752-memories-lab-ocean-bliss,,,,,,
https://goldapple.ru/19000451138-no13-03,,,,,,
https://goldapple.ru/19000334376-red-fruits,,,,,,
https://goldapple.ru/26291200001-proposal,,,,,,
https://goldapple.ru/19000492394-yves-rocher-bouquet-ambre,,,,,,
https://goldapple.ru/19000175049-luxure-sensuelle,,,,,,
https://goldapple.ru/19000062942-p008,,,,,,
https://goldapple.ru/19000328613-the-hedonist,,,,,,
https://goldapple.ru/19000399463-basil-vetiver,,,,,,
https://goldapple.ru/19000284751-eden,,,,,,
https://goldapple.ru/19000234849-rose-and-peach,,,,,,
https://goldapple.ru/19000482898-with-hemp-oil,,,,,,
https://goldapple.ru/19000009187-porcelain-gelati-candle-sonia,,,,,,
https://goldapple.ru/19000088295-verveine-fizz,,,,,,
https://goldapple.ru/19000323015-clean-suede,,,,,,
https://goldapple.ru/19000451554-fresh,,,,,,
https://goldapple.ru/19000048065-clutch-collection-strawberry,,,,,,
https://goldapple.ru/19000380092-frangipani,,,,,,
https://goldapple.ru/99000125087-cherry-rouge,,,,,,
https://goldapple.ru/26662100001-liquid-illusion,,,,,,
https://goldapple.ru/99000010913-anahata,,,,,,
https://goldapple.ru/99000156447-maag-sweet-nocturne,,,,,,
https://goldapple.ru/19000483127-wild-cherry,,,,,,
https://goldapple.ru/19000200198-wood-haze-01-11,,,,,,
https://goldapple.ru/19000407719-4-gin-tonic,,,,,,
https://goldapple.ru/19000184201-no6,,,,,,
https://goldapple.ru/19000380188-pink-moon,,,,,,
https://goldapple.ru/19000234927-carolina,,,,,,
https://goldapple.ru/99000149734-br-al-dark-prime,,,,,,
https://goldapple.ru/99000110798-gourmet-brioche,,,,,,
https://goldapple.ru/19000113363-ambroksan,,,,,,
https://goldapple.ru/19000180725-orbiter,,,,,,
https://goldapple.ru/19000293590-list-a-tomata-i-cernaa-smorodina,,,,,,
https://goldapple.ru/19000393481-molecule,,,,,,
https://goldapple.ru/19000276770-eternity,,,,,,
https://goldapple.ru/19000301854-double-cream,,,,,,
https://goldapple.ru/99000148155-maison-berger-paris-lady-flower,,,,,,
https://goldapple.ru/19000290664-warm-cinnamon-bun,,,,,,
https://goldapple.ru/19000037487-iris-porcelana,,,,,,
https://goldapple.ru/19000440619-9-lavanda,,,,,,
https://goldapple.ru/19000370753-the-scent,,,,,,
https://goldapple.ru/19000460351-capri,,,,,,
https://goldapple.ru/19000408244-inspired-warmth-fragrance,,,,,,
https://goldapple.ru/19000153568-unique-coffeeze,,,,,,
https://goldapple.ru/19000453860-daisy-delight,,,,,,
https://goldapple.ru/19000182786-decor-classic-mareminerale,,,,,,
https://goldapple.ru/19000143868-crystal-amber,,,,,,
https://goldapple.ru/19760311088-lure,,,,,,
https://goldapple.ru/19000009353-exquise-tentation,,,,,,
https://goldapple.ru/19000387939-santa-casa,,,,,,
https://goldapple.ru/19000181675-vip-oud-vanille,,,,,,
https://goldapple.ru/99000090133-moskovskie-bul-vary,,,,,,
https://goldapple.ru/26044500002-musc-roses,,,,,,
https://goldapple.ru/7271200003-amour,,,,,,
https://goldapple.ru/19000495610-dr-vranjes-firenze-intrigo,,,,,,
https://goldapple.ru/19000445866-bright-crystal,,,,,,
https://goldapple.ru/19000215156-nirvana,,,,,,
https://goldapple.ru/19000234806-wood-and-leather,,,,,,
https://goldapple.ru/19000263813-oud,,,,,,
https://goldapple.ru/19000287585-cashmere-sunshine-musk,,,,,,
https://goldapple.ru/19000428979-vetiver,,,,,,
https://goldapple.ru/99000005311-black-l,,,,,,
https://goldapple.ru/99000042347-landish,,,,,,
https://goldapple.ru/19000210797-barberry,,,,,,
https://goldapple.ru/19000321415-ceresia,,,,,,
https://goldapple.ru/19000241264-rose-intense,,,,,,
https://goldapple.ru/19000166979-black-orchid,,,,,,
https://goldapple.ru/99000090101-nostalgie-ast-8,,,,,,
https://goldapple.ru/19000084091-leather-sandalwood-amber,,,,,,
https://goldapple.ru/19000400106-invictus-victory-absolu,,,,,,
https://goldapple.ru/19000181598-deep-sense-black,,,,,,
https://goldapple.ru/19000234929-dubai,,,,,,
https://goldapple.ru/99000067432-kusatsu-onsen,,,,,,
https://goldapple.ru/19000120767-vanilla-shot,,,,,,
https://goldapple.ru/19000483130-venezia,,,,,,
https://goldapple.ru/19000463946-elixir-of-paradise,,,,,,
https://goldapple.ru/99000113126-golden-amber,,,,,,
https://goldapple.ru/19000405907-vanille-patchouli,,,,,,
https://goldapple.ru/99000068848-belyj-skatulka-podstavka-sveca,,,,,,
https://goldapple.ru/83800100006-divine-vanille,,,,,,
https://goldapple.ru/19000268036-iris,,,,,,
https://goldapple.ru/19000408644-virgin-lemongrass,,,,,,
https://goldapple.ru/99000046665-cherry-beans-tonka,,,,,,
https://goldapple.ru/99000090096-sobranie-no12,,,,,,
https://goldapple.ru/19000212989-muschio-bianco,,,,,,
https://goldapple.ru/19000067246-peony-fruity,,,,,,
https://goldapple.ru/19000429022-passionfruit-peony,,,,,,
https://goldapple.ru/99000105562-patchouli,,,,,,
https://goldapple.ru/99000024767-no5,,,,,,
https://goldapple.ru/99000039850-sensual-touch,,,,,,
https://goldapple.ru/19000328050-9sm-9sm-6-5sm,,,,,,
https://goldapple.ru/19000436927-303-piment-baie-rose-benjoin,,,,,,
https://goldapple.ru/19000470518-pistache,,,,,,
https://goldapple.ru/19000164625-siberian-rose,,,,,,
https://goldapple.ru/19000118293-vanilla-vibes,,,,,,
https://goldapple.ru/36050300008-la-tosca,,,,,,
https://goldapple.ru/19000037670-love-extreme,,,,,,
https://goldapple.ru/19000106090-rajasthan,,,,,,
https://goldapple.ru/19000125945-no3-tobacco-cinnamon-vanilla,,,,,,
https://goldapple.ru/19000428866-sea-buckthorn-extra-nutrition-and-recovery,,,,,,
https://goldapple.ru/19000049476-no2-peaceful,,,,,,
https://goldapple.ru/19000321523-incenso-imperiale,,,,,,
https://goldapple.ru/99000066359-prohladnaa-zelen,,,,,,
https://goldapple.ru/19000276759-nomade,,,,,,
https://goldapple.ru/19000406562-vibes-get-comfy,,,,,,
https://goldapple.ru/82510800005-tulipe-noire,,,,,,
https://goldapple.ru/19000327409-dla-ryb,,,,,,
https://goldapple.ru/19000502190-rp-paris-bella,,,,,,
https://goldapple.ru/19000041124-travel-atomizer-set-secrets-of-love,,,,,,
https://goldapple.ru/19000440598-the-harmony,,,,,,
https://goldapple.ru/83670100009-sense-of-humor,,,,,,
https://goldapple.ru/19000161980-tuberose,,,,,,
https://goldapple.ru/19000125897-my-mantra,,,,,,
https://goldapple.ru/19000427076-cernyj-lebed,,,,,,
https://goldapple.ru/26331800006-daisy-dream,,,,,,
https://goldapple.ru/19000044626-flacon-one-extrait-de-parfum,,,,,,
https://goldapple.ru/19000120796-leder-6,,,,,,
https://goldapple.ru/99000071326-sweet-tobacco,,,,,,
https://goldapple.ru/19000405941-no-2,,,,,,
https://goldapple.ru/19000420560-bounty-of-nature,,,,,,
https://goldapple.ru/99000115130-la-couleur-de-la-nuit,,,,,,
https://goldapple.ru/99000150804-aroma-narcotique-no20,,,,,,
https://goldapple.ru/99000098654-aroma-energy,,,,,,
https://goldapple.ru/99000035640-rose-lover,,,,,,
https://goldapple.ru/19000021526-oakmoss-amber,,,,,,
https://goldapple.ru/19000349575-midnight-call,,,,,,
https://goldapple.ru/19000419874-million-gold-elixir,,,,,,
https://goldapple.ru/19000440569-the-accent,,,,,,
https://goldapple.ru/19000377334-onekh,,,,,,
https://goldapple.ru/84230100002-no2,,,,,,
https://goldapple.ru/19000064857-mademoiselle-private-collection-12,,,,,,
https://goldapple.ru/99000037116-vanilla-magnificence,,,,,,
https://goldapple.ru/19000457277-magnolia-divine,,,,,,
https://goldapple.ru/99000076899-black-cherry-merlot,,,,,,
https://goldapple.ru/19000290662-pure-cannabis,,,,,,
https://goldapple.ru/99000037402-maxx-man-ocean,,,,,,
https://goldapple.ru/19000125957-l-ame-slave,,,,,,
https://goldapple.ru/26723600025-woman-in-gold,,,,,,
https://goldapple.ru/19000266548-kasbah,,,,,,
https://goldapple.ru/19000201176-white-mountains,,,,,,
https://goldapple.ru/19760320069-roses-on-ice,,,,,,
https://goldapple.ru/19000268034-24-wood,,,,,,
https://goldapple.ru/19000327914-ajwad,,,,,,
https://goldapple.ru/19000381329-green-citronella,,,,,,
https://goldapple.ru/19000287590-sensuos-night,,,,,,
https://goldapple.ru/19000268530-eternity-for-men,,,,,,
https://goldapple.ru/19000206580-amber-intense,,,,,,
https://goldapple.ru/19000454832-vibes-wonder-force,,,,,,
https://goldapple.ru/19000215967-antiquity-tuscan-vineyard,,,,,,
https://goldapple.ru/90150100002-black-pepper-amber-neroli,,,,,,
https://goldapple.ru/19000213986-orange-ice-cream,,,,,,
https://goldapple.ru/99000133684-citrus,,,,,,
https://goldapple.ru/19000220961-anti-age-rejuvenating-facial,,,,,,
https://goldapple.ru/19760303923-lipstick-fever,,,,,,
https://goldapple.ru/19000374550-cashmere,,,,,,
https://goldapple.ru/83271600005-ultimate-seduction,,,,,,
https://goldapple.ru/19000495604-dr-vranjes-firenze-capogiro,,,,,,
https://goldapple.ru/19000316420-bubble-forever,,,,,,
https://goldapple.ru/99000041538-axolute,,,,,,
https://goldapple.ru/19000357105-musk-therapy,,,,,,
https://goldapple.ru/19000196205-signoria-90-anniversario,,,,,,
https://goldapple.ru/19000429280-vetiver,,,,,,
https://goldapple.ru/19000226177-home-scented-candle-cotton-flower,,,,,,
https://goldapple.ru/26661500002-not-a-perfume-superdose,,,,,,
https://goldapple.ru/19000098999-sandro,,,,,,
https://goldapple.ru/99000107109-carolina,,,,,,
https://goldapple.ru/19000233619-chocolate-banana,,,,,,
https://goldapple.ru/19760307717-oud-satin-mood-scented,,,,,,
https://goldapple.ru/19000457283-space-blue,,,,,,
https://goldapple.ru/19000121031-soul-of-my-soul,,,,,,
https://goldapple.ru/99000042362-christmas-in-paris,,,,,,
https://goldapple.ru/99000120019-amber-vanilla-patchouli,,,,,,
https://goldapple.ru/99000098659-aroma-happy,,,,,,
https://goldapple.ru/19000293586-antonovka-i-lugovaa-klubnika,,,,,,
https://goldapple.ru/19000369562-narciso-cristal,,,,,,
https://goldapple.ru/19000259550-black-tiger,,,,,,
https://goldapple.ru/26176200001-sensual-instinct,,,,,,
https://goldapple.ru/19000164628-new-york-intense,,,,,,
https://goldapple.ru/19000010966-allegra-fantasia-veneta,,,,,,
https://goldapple.ru/99000127611-slivocnoe-morozenoe-lesnoj-landys,,,,,,
https://goldapple.ru/19000097804-winemakers-rules,,,,,,
https://goldapple.ru/19000155343-aromatic-spices,,,,,,
https://goldapple.ru/19000439657-still-a-rose,,,,,,
https://goldapple.ru/19000260159-scirocco,,,,,,
https://goldapple.ru/99000037777-provence,,,,,,
https://goldapple.ru/19000423558-lumiere,,,,,,
https://goldapple.ru/19000172698-selective-base-1788,,,,,,
https://goldapple.ru/19000344542-kirke,,,,,,
https://goldapple.ru/19000334593-carnal-bliss,,,,,,
https://goldapple.ru/80620800005-izia,,,,,,
https://goldapple.ru/19000206615-wild-desires,,,,,,
https://goldapple.ru/19000284929-01-moon-grass,,,,,,
https://goldapple.ru/19000316382-vanda,,,,,,
https://goldapple.ru/99000037398-parfum-de-france-bright-fantasy,,,,,,
https://goldapple.ru/19000223873-724,,,,,,
https://goldapple.ru/19000381060-g-028,,,,,,
https://goldapple.ru/19000455569-arboreal,,,,,,
https://goldapple.ru/19000234818-garden-mint,,,,,,
https://goldapple.ru/19000234744-altai,,,,,,
https://goldapple.ru/19000448274-parmezan,,,,,,
https://goldapple.ru/99000066355-ital-anskie-sady,,,,,,
https://goldapple.ru/19000316378-marie,,,,,,
https://goldapple.ru/19000252968-korica,,,,,,
https://goldapple.ru/19000044723-not-a-perfume,,,,,,
https://goldapple.ru/82400800004-bois-d-orage,,,,,,
https://goldapple.ru/19000378839-smell-like-a-king,,,,,,
https://goldapple.ru/15053100001-delices-de-bain,,,,,,
https://goldapple.ru/19000366713-bonbons-a-la-violette,,,,,,
https://goldapple.ru/19000471588-adidas-wonder-force,,,,,,
https://goldapple.ru/19000116755-persian-flower,,,,,,
https://goldapple.ru/19000310348-zasmin-i-lemongrass,,,,,,
https://goldapple.ru/99000037978-hemp,,,,,,
https://goldapple.ru/7191100011-diorissimo,,,,,,
https://goldapple.ru/19000171504-amber-and-saffron,,,,,,
https://goldapple.ru/19000209902-karma,,,,,,
https://goldapple.ru/19000063338-dolceacqua-le-donne-di-masque,,,,,,
https://goldapple.ru/99000015604-vanilla-amber,,,,,,
https://goldapple.ru/99000071898-cvetok-carribean-teakwood,,,,,,
https://goldapple.ru/19000402033-white,,,,,,
https://goldapple.ru/19000407951-sunset-hour,,,,,,
https://goldapple.ru/19000220150-liquorice-olibanum,,,,,,
https://goldapple.ru/19000420949-zefiro,,,,,,
https://goldapple.ru/19000305512-hvojnyj-les,,,,,,
https://goldapple.ru/19000311821-mente-pura,,,,,,
https://goldapple.ru/19000312208-blackberry-nights,,,,,,
https://goldapple.ru/19000381061-g-029,,,,,,
https://goldapple.ru/99000093034-stenova-home-seaside,,,,,,
https://goldapple.ru/19000448973-white-sage-neroli,,,,,,
https://goldapple.ru/19000391309-mango-nectar,,,,,,
https://goldapple.ru/19000337973-01-active-energy,,,,,,
https://goldapple.ru/19000313990-iris-absolu,,,,,,
https://goldapple.ru/19000067221-ines,,,,,,
https://goldapple.ru/19000255270-escentric-atom,,,,,,
https://goldapple.ru/99000067339-tajnyj-sovetnik-cernyj-perec-sosnovyj-limonad,,,,,,
https://goldapple.ru/99000110195-vetiver-ambra,,,,,,
https://goldapple.ru/99000082823-belyj-muskus-i-tuberoza,,,,,,
https://goldapple.ru/19000132890-linen-vetiver,,,,,,
https://goldapple.ru/19000051901-shanghai,,,,,,
https://goldapple.ru/99000023161-amber-boy,,,,,,
https://goldapple.ru/26422500010-colonia-essenza-deodorant,,,,,,
https://goldapple.ru/19000141119-sandal-wood,,,,,,
https://goldapple.ru/19000031681-flower-dreaming,,,,,,
https://goldapple.ru/19000468482-musc-heliotrope,,,,,,
https://goldapple.ru/19000386843-perfumed-lotion-no2,,,,,,
https://goldapple.ru/99000037837-sugar,,,,,,
https://goldapple.ru/19000428980-white-iris,,,,,,
https://goldapple.ru/19000241531-the-one,,,,,,
https://goldapple.ru/19000014662-ombre-leather-parfum,,,,,,
https://goldapple.ru/19000321520-dolce-vaniglia,,,,,,
https://goldapple.ru/19000287578-delice-floral,,,,,,
https://goldapple.ru/7192200041-miss-dior-rose-n-roses,,,,,,
https://goldapple.ru/19000467787-cadet-blue,,,,,,
https://goldapple.ru/19000454163-nomade,,,,,,
https://goldapple.ru/99000081591-moroccan-medjool,,,,,,
https://goldapple.ru/19000483323-bal-dafrique,,,,,,
https://goldapple.ru/19000235322-sahraa,,,,,,
https://goldapple.ru/19000125950-natural-elegance,,,,,,
https://goldapple.ru/99000028960-plum-cashmere,,,,,,
https://goldapple.ru/82092300001-this-is-not-a-blue-bottle-1-3,,,,,,
https://goldapple.ru/19000180572-svezest-provansa,,,,,,
https://goldapple.ru/19000220503-sissa,,,,,,
https://goldapple.ru/19000232271-late-september,,,,,,
https://goldapple.ru/26770300003-wind-wood,,,,,,
https://goldapple.ru/19000266448-sun-light,,,,,,
https://goldapple.ru/26331800003-daisy-dream,,,,,,
https://goldapple.ru/26772500001-aoud-violet,,,,,,
https://goldapple.ru/19000067241-musk-tonka-bean,,,,,,
https://goldapple.ru/99000052487-pozitiv,,,,,,
https://goldapple.ru/19000343778-signature-intense,,,,,,
https://goldapple.ru/19000090626-velvet-kiss,,,,,,
https://goldapple.ru/19000107890-aqua-allegoria-herba-fresca,,,,,,
https://goldapple.ru/99000023148-amber-boy,,,,,,
https://goldapple.ru/99000010915-adzna,,,,,,
https://goldapple.ru/19000186239-niravana,,,,,,
https://goldapple.ru/19000271146-m-kurort-i-spa-centr,,,,,,
https://goldapple.ru/19000479888-flower-market,,,,,,
https://goldapple.ru/19000012421-indian-study,,,,,,
https://goldapple.ru/19000043243-sonia,,,,,,
https://goldapple.ru/19000052221-red-fury,,,,,,
https://goldapple.ru/19000362513-with-mint-aloe-panthenol,,,,,,
https://goldapple.ru/82092500002-this-is-not-a-blue-bottle-1-5,,,,,,
https://goldapple.ru/19000429283-vetiver,,,,,,
https://goldapple.ru/19000197470-evening-by-the-fireplace,,,,,,
https://goldapple.ru/99000056826-elan,,,,,,
https://goldapple.ru/99000026919-black-angelica,,,,,,
https://goldapple.ru/19000470520-army-of-lovers,,,,,,
https://goldapple.ru/19000325752-rival-in-love,,,,,,
https://goldapple.ru/19000366104-ice-dive,,,,,,
https://goldapple.ru/19000225800-safari,,,,,,
https://goldapple.ru/19000118761-levante,,,,,,
https://goldapple.ru/99000002909-tykvennyj-pirog,,,,,,
https://goldapple.ru/19000328572-this-is-not-a-blue-bottle,,,,,,
https://goldapple.ru/99000052788-lemongrass,,,,,,
https://goldapple.ru/99000114454-bamboo,,,,,,
https://goldapple.ru/19000118768-nero-di-bacco,,,,,,
https://goldapple.ru/80130600013-in-blue-sport,,,,,,
https://goldapple.ru/19000121299-opal,,,,,,
https://goldapple.ru/19000451559-legend,,,,,,
https://goldapple.ru/19000429575-davidoff-cool-elixir,,,,,,
https://goldapple.ru/19000437938-black-pepper,,,,,,
https://goldapple.ru/19000381382-summer,,,,,,
https://goldapple.ru/19000006047-very-good-girl,,,,,,
https://goldapple.ru/19000358823-ylang,,,,,,
https://goldapple.ru/19000257100-71-series-a,,,,,,
https://goldapple.ru/99000034347-centenario,,,,,,
https://goldapple.ru/19000300326-thagaste-1988,,,,,,
https://goldapple.ru/19000422459-tabak-vanil,,,,,,
https://goldapple.ru/19000125246-the-secret,,,,,,
https://goldapple.ru/19000231987-elle-17-roses-in-dance,,,,,,
https://goldapple.ru/19000342979-bois-imperial-by-quentin-bisch,,,,,,
https://goldapple.ru/19000496417-stellary-sex-honour,,,,,,
https://goldapple.ru/19000423562-girl-of-now-lovely,,,,,,
https://goldapple.ru/19000455594-bella,,,,,,
https://goldapple.ru/19000072547-chocolate-cocktail,,,,,,
https://goldapple.ru/19000023355-white-flowers-ripe-melon-sugary-vanilla,,,,,,
https://goldapple.ru/19000181134-bad-boy-extreme,,,,,,
https://goldapple.ru/19000249289-black-night-dark-blue-gloss,,,,,,
https://goldapple.ru/19000311738-flerdoranz-muskus-i-moh,,,,,,
https://goldapple.ru/19760300241-flower-by-kenzo-poppy-bouquet,,,,,,
https://goldapple.ru/19000463938-tune-of-love,,,,,,
https://goldapple.ru/19000402028-champagne-kiss,,,,,,
https://goldapple.ru/19000235952-ashore,,,,,,
https://goldapple.ru/19000388645-caruusaa-visna,,,,,,
https://goldapple.ru/19000429246-fasio,,,,,,
https://goldapple.ru/19000189887-zizu-tobacco,,,,,,
https://goldapple.ru/19000092302-wild-fig,,,,,,
https://goldapple.ru/99000064885-blush,,,,,,
https://goldapple.ru/99000078611-pineapple-mandarin-and-rum,,,,,,
https://goldapple.ru/19000196110-arilli-di-melagrana,,,,,,
https://goldapple.ru/19000349584-a-bulevard-called-sunset,,,,,,
https://goldapple.ru/26045900001-vanille-banane,,,,,,
https://goldapple.ru/19000235159-loveme,,,,,,
https://goldapple.ru/19000232654-bella-donna,,,,,,
https://goldapple.ru/19000236992-sage-musk,,,,,,
https://goldapple.ru/19000472590-black-tea-cognac-chocolate,,,,,,
https://goldapple.ru/19000019534-peach-passion-fruit-musk,,,,,,
https://goldapple.ru/19000284593-blush-rose,,,,,,
https://goldapple.ru/26180600016-famille-royale-le-bon-roi,,,,,,
https://goldapple.ru/19000292527-no07-lavender-wormwood,,,,,,
https://goldapple.ru/19000453067-ethos,,,,,,
https://goldapple.ru/99000046187-cherry-boom,,,,,,
https://goldapple.ru/19000109899-santal-calling,,,,,,
https://goldapple.ru/19000172120-french-breakfast,,,,,,
https://goldapple.ru/19000493540-carolina-herrera-bad-boy-cobalt-absolute,,,,,,
https://goldapple.ru/99000066353-korzina-svezih-cvetov,,,,,,
https://goldapple.ru/19000335657-novogodnee-nastroenie,,,,,,
https://goldapple.ru/19000041890-401-cedre-prune-confite-vanille,,,,,,
https://goldapple.ru/19000475517-aire-sutileza-solo-ella-elixir,,,,,,
https://goldapple.ru/19000374396-inzir,,,,,,
https://goldapple.ru/19000345244-vetiver-musk,,,,,,
https://goldapple.ru/19000235920-dia-man,,,,,,
https://goldapple.ru/19000449107-white-iris,,,,,,
https://goldapple.ru/99000081866-france-september-2018,,,,,,
https://goldapple.ru/26144300001-vinyl,,,,,,
https://goldapple.ru/19000493514-nimaskin-cherry-ambra,,,,,,
https://goldapple.ru/19000154581-cashmere-kumquat-eau-de-toilette,,,,,,
https://goldapple.ru/19000017117-solo-ella,,,,,,
https://goldapple.ru/19000017915-rival-in-love,,,,,,
https://goldapple.ru/19000454858-simply-for-her,,,,,,
https://goldapple.ru/19000180719-elixir-precious,,,,,,
https://goldapple.ru/19000311843-fougere-nobile,,,,,,
https://goldapple.ru/19000143876-ambre-epice,,,,,,
https://goldapple.ru/19000403337-grib-zontik,,,,,,
https://goldapple.ru/19000294046-man-chill,,,,,,
https://goldapple.ru/19000354342-editions-de-chapitre-03,,,,,,
https://goldapple.ru/19000257124-noir-90,,,,,,
https://goldapple.ru/19000307107-honey-hype,,,,,,
https://goldapple.ru/19000288937-ty-pahnes-kak-lubov,,,,,,
https://goldapple.ru/19000417939-fleur-d-iris,,,,,,
https://goldapple.ru/99000034352-oltremare,,,,,,
https://goldapple.ru/19000344508-foconero,,,,,,
https://goldapple.ru/19000051106-forest-blends,,,,,,
https://goldapple.ru/19000455121-with-mint-aloe-panthenol,,,,,,
https://goldapple.ru/19000413518-moonglade,,,,,,
https://goldapple.ru/19000099041-silk,,,,,,
https://goldapple.ru/26045500003-immortel-cedrat,,,,,,
https://goldapple.ru/99000014053-amber-vetiver,,,,,,
https://goldapple.ru/99000046184-very-berry,,,,,,
https://goldapple.ru/19000386847-perfumed-lotion-no6,,,,,,
https://goldapple.ru/99000000283-vanil-nyj-puding,,,,,,
https://goldapple.ru/19000471472-adidas-ice-dive,,,,,,
https://goldapple.ru/19000413546-moon-glade,,,,,,
https://goldapple.ru/19000320338-cernaa-dyra-maliny,,,,,,
https://goldapple.ru/84140700001-001-woman,,,,,,
https://goldapple.ru/26424800001-signature-oud,,,,,,
https://goldapple.ru/99000033357-orange-basil,,,,,,
https://goldapple.ru/99000046186-opium,,,,,,
https://goldapple.ru/19000479885-flower-market,,,,,,
https://goldapple.ru/19000196810-le-soin-noir,,,,,,
https://goldapple.ru/19000306782-montmartre,,,,,,
https://goldapple.ru/19000174354-vse-ese-18,,,,,,
https://goldapple.ru/19000444716-temptation,,,,,,
https://goldapple.ru/27381500001-xj-1861-naxos,,,,,,
https://goldapple.ru/19000408971-granit-bleu,,,,,,
https://goldapple.ru/19000395970-velvet-saffron,,,,,,
https://goldapple.ru/19000428746-omnia-coral,,,,,,
https://goldapple.ru/19000395987-ginger-lime-pearl,,,,,,
https://goldapple.ru/19000120770-violet-shot,,,,,,
https://goldapple.ru/19000225788-sea-breeze,,,,,,
https://goldapple.ru/99000056819-agape,,,,,,
https://goldapple.ru/19000118751-caprifico,,,,,,
https://goldapple.ru/19000264032-sparkling-fruit,,,,,,
https://goldapple.ru/19000116763-sandalwood-cranberry,,,,,,
https://goldapple.ru/19000312599-perfect,,,,,,
https://goldapple.ru/19760310035-butterfly-mind,,,,,,
https://goldapple.ru/19000472606-green-tea-magnolia,,,,,,
https://goldapple.ru/99000121854-mango-i-bergamot,,,,,,
https://goldapple.ru/99000078018-peony-rose-violet,,,,,,
https://goldapple.ru/19000400752-currant-leaf-amber,,,,,,
https://goldapple.ru/26774100002-choco-violet,,,,,,
https://goldapple.ru/19000128460-lost-paradise-cherry-blossom,,,,,,
https://goldapple.ru/81991900004-pour-homme,,,,,,
https://goldapple.ru/19000222641-lavender-cade,,,,,,
https://goldapple.ru/19000172677-parfum-extra-15,,,,,,
https://goldapple.ru/19000296569-evkalipt,,,,,,
https://goldapple.ru/19000072531-annicke-4,,,,,,
https://goldapple.ru/19000252970-mirra,,,,,,
https://goldapple.ru/19000497590-zielinski-rozen-spicy-wood,,,,,,
https://goldapple.ru/19000469386-veronica,,,,,,
https://goldapple.ru/19000060192-charm,,,,,,
https://goldapple.ru/99000040456-dream-no74,,,,,,
https://goldapple.ru/19000306201-tikovoe-derevo-i-tabak,,,,,,
https://goldapple.ru/19000082716-sea-breeze,,,,,,
https://goldapple.ru/19000155370-flower-shop,,,,,,
https://goldapple.ru/19000327871-madness,,,,,,
https://goldapple.ru/19000465873-strawberry-sky,,,,,,
https://goldapple.ru/19000365741-tranquillity,,,,,,
https://goldapple.ru/19000059323-silenda-d-ecume,,,,,,
https://goldapple.ru/19000455551-nobody-is-perfect-intense,,,,,,
https://goldapple.ru/99000095858-romantic-peony,,,,,,
https://goldapple.ru/99000082706-apricot,,,,,,
https://goldapple.ru/19000285466-le-parisien-grand-cours,,,,,,
https://goldapple.ru/19000021138-perfect-intense,,,,,,
https://goldapple.ru/19000289904-agua-drop,,,,,,
https://goldapple.ru/19000421277-neznyj-iris-cvetok-apel-sina,,,,,,
https://goldapple.ru/99000044844-mango-flavour-sweet-coconut-flavour,,,,,,
https://goldapple.ru/19000141121-lavender-garden,,,,,,
https://goldapple.ru/19000348854-red-grapes,,,,,,
https://goldapple.ru/26167400001-dark-purple,,,,,,
https://goldapple.ru/19000234838-dubai,,,,,,
https://goldapple.ru/19000052204-black-mark,,,,,,
https://goldapple.ru/19000322315-pink-pepper-elemi-cinnamon-leather,,,,,,
https://goldapple.ru/7291300004-1-million,,,,,,
https://goldapple.ru/99000010908-manipura,,,,,,
https://goldapple.ru/19000294164-hugs-and-cookies-terrakotovyj,,,,,,
https://goldapple.ru/19000088255-sports-women-9,,,,,,
https://goldapple.ru/19000467581-13,,,,,,
https://goldapple.ru/19000120313-aurum-winter,,,,,,
https://goldapple.ru/19000469369-eulalia,,,,,,
https://goldapple.ru/19000454154-daisy-eau-so-fresh,,,,,,
https://goldapple.ru/99000136483-cernyj-perec-i-ambra,,,,,,
https://goldapple.ru/19000122592-il-n-y-a-pas-de-bien-ni-de-mal-t-j,,,,,,
https://goldapple.ru/19000004543-the-oud-affair,,,,,,
https://goldapple.ru/19000121037-the-ghost-in-the-shell,,,,,,
https://goldapple.ru/19000400786-galaxy,,,,,,
https://goldapple.ru/19000193727-sur-la-lande-eau-de-parfum,,,,,,
https://goldapple.ru/19000257648-patchouli-nobile,,,,,,
https://goldapple.ru/99000065418-essence-of-paradise,,,,,,
https://goldapple.ru/19000374386-sliva-i-med,,,,,,
https://goldapple.ru/19000067212-alexandra,,,,,,
https://goldapple.ru/19000399454-black-tea-lumi,,,,,,
https://goldapple.ru/19000160674-forest-blackberry,,,,,,
https://goldapple.ru/19000420939-platinum-shine,,,,,,
https://goldapple.ru/19000487846-sol-de-janeiro-cheirosa-62,,,,,,
https://goldapple.ru/19000123095-aqua-sapphire,,,,,,
https://goldapple.ru/19000424955-bread,,,,,,
https://goldapple.ru/19000431352-rubaska-lubimogo-muzciny,,,,,,
https://goldapple.ru/19000033320-incense-mira,,,,,,
https://goldapple.ru/19000268067-no13-warm-tobacco,,,,,,
https://goldapple.ru/19000375651-this-is-not-a-blue-bottle-1-1,,,,,,
https://goldapple.ru/19000238589-enclave,,,,,,
https://goldapple.ru/99000036247-agrumi-mediterranei,,,,,,
https://goldapple.ru/19000321504-patchoulove,,,,,,
https://goldapple.ru/82402100006-vetiver-extraordinaire,,,,,,
https://goldapple.ru/19000448590-kobraa,,,,,,
https://goldapple.ru/26730400004-gypsy-water,,,,,,
https://goldapple.ru/19000272873-citrusy-magnolia,,,,,,
https://goldapple.ru/19000453083-ajwad,,,,,,
https://goldapple.ru/19000279953-her-secret-absolu,,,,,,
https://goldapple.ru/26332500001-daisy-eau-so-sweet,,,,,,
https://goldapple.ru/19000219337-intense-red-tobacco,,,,,,
https://goldapple.ru/19000450595-giardino-degli-aranci,,,,,,
https://goldapple.ru/19000312174-blackberry-nights,,,,,,
https://goldapple.ru/19000468481-zeste-d-agrumes,,,,,,
https://goldapple.ru/19000445928-black-guava,,,,,,
https://goldapple.ru/19000307105-amnesia,,,,,,
https://goldapple.ru/19000212704-apel-sin-i-korica,,,,,,
https://goldapple.ru/99000043581-tobacco-vanilla-spicy-pear,,,,,,
https://goldapple.ru/19000122331-strawberry-heartbeat,,,,,,
https://goldapple.ru/19000148356-mon-vetiver-refillable,,,,,,
https://goldapple.ru/99000010164-lemon-smoke,,,,,,
https://goldapple.ru/19000120750-memories-lab-forbidden-fruit,,,,,,
https://goldapple.ru/19000463920-carte-blanche,,,,,,
https://goldapple.ru/19000325128-agrumi-in-fiore,,,,,,
https://goldapple.ru/19000449073-pure-touch,,,,,,
https://goldapple.ru/19000152129-fame,,,,,,
https://goldapple.ru/99000097957-cherry-amber,,,,,,
https://goldapple.ru/19000009166-white-metal-candle-varvara,,,,,,
https://goldapple.ru/19000274356-crazy-in-love,,,,,,
https://goldapple.ru/19000322209-brillant-nuage-claire,,,,,,
https://goldapple.ru/19000273273-flora-gorgeous-gardenia,,,,,,
https://goldapple.ru/19000440531-11-plaz-vajkiki,,,,,,
https://goldapple.ru/19000196103-agrumi-di-boboli,,,,,,
https://goldapple.ru/19000487618-dolce-gabbana-dolce-violet,,,,,,
https://goldapple.ru/7274300002-kenzo-world,,,,,,
https://goldapple.ru/19000493712-lattafa-yara-tous,,,,,,
https://goldapple.ru/19000267976-strawberry,,,,,,
https://goldapple.ru/19000169984-dirty-pineapple,,,,,,
https://goldapple.ru/99000046207-smart-bez-aromata,,,,,,
https://goldapple.ru/99000119390-bergamot-rose-sandalwood,,,,,,
https://goldapple.ru/19000048454-13e-fee,,,,,,
https://goldapple.ru/19000293256-patchouli-lavender,,,,,,
https://goldapple.ru/99000051562-sensusal,,,,,,
https://goldapple.ru/26424800011-signature-osmanthus,,,,,,
https://goldapple.ru/19000350526-rose-goldea-blossom-delight,,,,,,
https://goldapple.ru/99000107099-amalfi,,,,,,
https://goldapple.ru/99000124212-rouge,,,,,,
https://goldapple.ru/19000298137-grasse-fleur-de-provence,,,,,,
https://goldapple.ru/19000222797-eau-de-yuzu,,,,,,
https://goldapple.ru/19760303922-vaadhoo,,,,,,
https://goldapple.ru/19000234957-fleur,,,,,,
https://goldapple.ru/19000438305-tulsi,,,,,,
https://goldapple.ru/99000141795-de-safa-fig-leaves-coco,,,,,,
https://goldapple.ru/19000467888-chin-chin,,,,,,
https://goldapple.ru/19000282698-100-cotton,,,,,,
https://goldapple.ru/7192400004-eau-sauvage,,,,,,
https://goldapple.ru/99000134229-vspomni-visnevyj-el,,,,,,
https://goldapple.ru/80880100003-chloe,,,,,,
https://goldapple.ru/82090300003-1804-george-sand,,,,,,
https://goldapple.ru/99000059882-legkoe-dunovenie,,,,,,
https://goldapple.ru/19000396230-parisian-musc,,,,,,
https://goldapple.ru/19000206608-seductive-rose,,,,,,
https://goldapple.ru/99000068153-matreska-pranyj-med-i-tonka,,,,,,
https://goldapple.ru/99000096888-cvety-i-muskus,,,,,,
https://goldapple.ru/19000118586-levante,,,,,,
https://goldapple.ru/99000110785-vanilla-magnificence,,,,,,
https://goldapple.ru/99000140700-lefansh-blood-orange,,,,,,
https://goldapple.ru/19000182845-aramara,,,,,,
https://goldapple.ru/99000010150-louise,,,,,,
https://goldapple.ru/19000451221-no10-18,,,,,,
https://goldapple.ru/19000161617-solar-power,,,,,,
https://goldapple.ru/19000309951-million-gold,,,,,,
https://goldapple.ru/19000315578-sugar-addict,,,,,,
https://goldapple.ru/19000399450-black-tea-lumi,,,,,,
https://goldapple.ru/19000486369-golubaa-frezia-i-muskus,,,,,,
https://goldapple.ru/99000037189-5,,,,,,
https://goldapple.ru/19000436934-iris-cartagena-502,,,,,,
https://goldapple.ru/99000138311-etosvechi-ice-cream-grejpfrut,,,,,,
https://goldapple.ru/19000271842-sandal-wood,,,,,,
https://goldapple.ru/19000097910-rendezvous,,,,,,
https://goldapple.ru/99000053504-night-violet,,,,,,
https://goldapple.ru/19000402206-tobacco-cherry,,,,,,
https://goldapple.ru/19000182838-my-first-russels,,,,,,
https://goldapple.ru/19000472557-tobacco-memories,,,,,,
https://goldapple.ru/19000291927-mango-lemonade,,,,,,
https://goldapple.ru/19760330827-scandal,,,,,,
https://goldapple.ru/19000427060-encoder,,,,,,
https://goldapple.ru/99000107110-tobacco-vanilla,,,,,,
https://goldapple.ru/19000327441-the-vert,,,,,,
https://goldapple.ru/19000337192-mariya,,,,,,
https://goldapple.ru/19000196740-proud,,,,,,
https://goldapple.ru/99000104372-narcissy-prosseko-i-guava,,,,,,
https://goldapple.ru/19000241529-naki,,,,,,
https://goldapple.ru/99000133728-peach-nectar-golden-santal-tonka,,,,,,
https://goldapple.ru/19000094654-morning,,,,,,
https://goldapple.ru/19000345158-vanille-12-00,,,,,,
https://goldapple.ru/19000004540-room-service,,,,,,
https://goldapple.ru/19000213915-white-jasmine,,,,,,
https://goldapple.ru/19000109137-no-5,,,,,,
https://goldapple.ru/19000412825-intense-nutrition,,,,,,
https://goldapple.ru/19000155605-sweet-cherry,,,,,,
https://goldapple.ru/19000090636-212-vip,,,,,,
https://goldapple.ru/19000467591-elite-line-003,,,,,,
https://goldapple.ru/19760302797-irresistible,,,,,,
https://goldapple.ru/19000122339-baby-grown-up,,,,,,
https://goldapple.ru/19000413532-blue-waterfall,,,,,,
https://goldapple.ru/19000463141-zasmin-apel-sin-i-vanil,,,,,,
https://goldapple.ru/19000180720-elixir-suave,,,,,,
https://goldapple.ru/19000498153-aroma-harmony-progulka-po-sadu,,,,,,
https://goldapple.ru/19000384463-purpose-50,,,,,,
https://goldapple.ru/99000055721-jasmin-blossom,,,,,,
https://goldapple.ru/99000156487-maag-floral-glaze,,,,,,
https://goldapple.ru/19000454229-cotton-cocoon-amber-mulberry-leaves,,,,,,
https://goldapple.ru/19000235626-rosa-limone,,,,,,
https://goldapple.ru/19000472589-mystic-black-tea-cardamom,,,,,,
https://goldapple.ru/19000063336-petra-le-donne-di-masque,,,,,,
https://goldapple.ru/19000203316-voluptas,,,,,,
https://goldapple.ru/19000194013-yuzhnaya-kozha,,,,,,
https://goldapple.ru/19000181677-vip-elixir,,,,,,
https://goldapple.ru/19000295735-rosewood-and-cashmere,,,,,,
https://goldapple.ru/19000349578-red-berries-elixir,,,,,,
https://goldapple.ru/82820200007-pegasus,,,,,,
https://goldapple.ru/19000319622-oud-epice,,,,,,
https://goldapple.ru/19000488820-donna-eau-fraiche,,,,,,
https://goldapple.ru/19000420951-zefiro,,,,,,
https://goldapple.ru/19000464203-ambre-royal,,,,,,
https://goldapple.ru/99000133849-sugar-mommy,,,,,,
https://goldapple.ru/19000051911-no30-classic-collection,,,,,,
https://goldapple.ru/19000439057-felicita-apricot,,,,,,
https://goldapple.ru/19760307681-woodland,,,,,,
https://goldapple.ru/99000121850-roza-i-pion,,,,,,
https://goldapple.ru/19000405914-buttered-bread,,,,,,
https://goldapple.ru/19000172115-gentle-amber-wood-matte,,,,,,
https://goldapple.ru/19000304231-fiorito,,,,,,
https://goldapple.ru/19000326805-no33-rose-gasm,,,,,,
https://goldapple.ru/19000164623-cannabis-blue,,,,,,
https://goldapple.ru/99000043654-black,,,,,,
https://goldapple.ru/19000067242-vanilla-coconut,,,,,,
https://goldapple.ru/99000143085-giardino-magico-peach-flowers-bergamot,,,,,,
https://goldapple.ru/19000322811-fico-di-amalfi,,,,,,
https://goldapple.ru/26161300001-cristal-flowers,,,,,,
https://goldapple.ru/19000471018-white-golden-apple,,,,,,
https://goldapple.ru/19000440532-13-citrus-uzu,,,,,,
https://goldapple.ru/99000037119-soap-memories,,,,,,
https://goldapple.ru/19760314282-black-orchid-parfum,,,,,,
https://goldapple.ru/19760309634-travel-set-black,,,,,,
https://goldapple.ru/19000429223-bergamot-mossy,,,,,,
https://goldapple.ru/19000186478-salty-wood,,,,,,
https://goldapple.ru/19000258943-b-b,,,,,,
https://goldapple.ru/99000045890-amber-black-pepper,,,,,,
https://goldapple.ru/99000035620-smoke-of-desert,,,,,,
https://goldapple.ru/99000105911-neroli-jasmine,,,,,,
https://goldapple.ru/19000206612-vanilla-vibes,,,,,,
https://goldapple.ru/7300800003-funny,,,,,,
https://goldapple.ru/99000123003-ruby,,,,,,
https://goldapple.ru/99000009831-louise-01,,,,,,
https://goldapple.ru/28320100010-moonlight,,,,,,
https://goldapple.ru/19000125037-luna,,,,,,
https://goldapple.ru/19000234809-bamboo,,,,,,
https://goldapple.ru/26733300001-eleventh-hour,,,,,,
https://goldapple.ru/19000149082-lavander-wild,,,,,,
https://goldapple.ru/19000428742-aqva-pour-homme,,,,,,
https://goldapple.ru/19760314553-l-homme-a-la-rose,,,,,,
https://goldapple.ru/19000473364-attraction-closer-for-her,,,,,,
https://goldapple.ru/19000278126-oud,,,,,,
https://goldapple.ru/19000285950-aqua-media-cologne-forte,,,,,,
https://goldapple.ru/19000182858-feathers-touareg,,,,,,
https://goldapple.ru/19000312177-magic-in-the-air,,,,,,
https://goldapple.ru/99000099731-marasma,,,,,,
https://goldapple.ru/99000132217-zeltyj-agat,,,,,,
https://goldapple.ru/19000362417-jump-up-and-kiss-me-ecstatic,,,,,,
https://goldapple.ru/19000024486-symbol-for-a-lady,,,,,,
https://goldapple.ru/19000421292-fico-di-amalfi-la-riserva,,,,,,
https://goldapple.ru/19000296518-korica,,,,,,
https://goldapple.ru/19000451569-turquoise,,,,,,
https://goldapple.ru/19000468136-aromat-voln,,,,,,
https://goldapple.ru/83290100011-neroli-a-la-cardamome-du-guatemala,,,,,,
https://goldapple.ru/19000467784-rose-explosion,,,,,,
https://goldapple.ru/7753700003-mon-guerlain,,,,,,
https://goldapple.ru/83080100005-empathi,,,,,,
https://goldapple.ru/99000073482-karibskoe-derevo,,,,,,
https://goldapple.ru/99000024894-krasnaa-smorodina-mozzevel-nik-sosna,,,,,,
https://goldapple.ru/19000374394-zasmin,,,,,,
https://goldapple.ru/19000139031-whisper,,,,,,
https://goldapple.ru/19000121040-sveca-kotoraa-sozzet-vse-plohoe,,,,,,
https://goldapple.ru/26723600023-voules-vous-coucher-avec-moi,,,,,,
https://goldapple.ru/19000249282-orange-relief,,,,,,
https://goldapple.ru/19000280314-mimosa-narcissus,,,,,,
https://goldapple.ru/19000429278-sunny-day,,,,,,
https://goldapple.ru/99000035598-malibu-party-in-the-bay,,,,,,
https://goldapple.ru/19000189146-oceano,,,,,,
https://goldapple.ru/99000041668-oleum-persea-americana,,,,,,
https://goldapple.ru/99000021900-brilliant-matryoshka,,,,,,
https://goldapple.ru/19000361927-sladkij-bergamot,,,,,,
https://goldapple.ru/19000476941-loewe-un-paseo-por-madrid-san-miguel,,,,,,
https://goldapple.ru/99000107274-fresh-spirit,,,,,,
https://goldapple.ru/19000048693-black-orchid-lily,,,,,,
https://goldapple.ru/99000093096-no66-ferrara,,,,,,
https://goldapple.ru/19000424671-cool-elixir,,,,,,
https://goldapple.ru/19000312146-limoncello,,,,,,
https://goldapple.ru/83670200008-sense-of-humor,,,,,,
https://goldapple.ru/19000451137-no13-02,,,,,,
https://goldapple.ru/19000155340-orange-ice-cream,,,,,,
https://goldapple.ru/19000474776-rosemary-vetiver-amber,,,,,,
https://goldapple.ru/99000037423-elite-la-vie-s-feromonami,,,,,,
https://goldapple.ru/19000234946-bamboo,,,,,,
https://goldapple.ru/19000090584-burlesque,,,,,,
https://goldapple.ru/19000234807-wood-and-leather,,,,,,
https://goldapple.ru/19000051931-acumen-saphir,,,,,,
https://goldapple.ru/19000209274-loft-square-cool-bergamot,,,,,,
https://goldapple.ru/19000266455-earth-core,,,,,,
https://goldapple.ru/99000127975-intriguusee-krasnoe,,,,,,
https://goldapple.ru/19000131330-endless-night,,,,,,
https://goldapple.ru/19000239412-drama-queen,,,,,,
https://goldapple.ru/99000015597-blackberry-vetiver,,,,,,
https://goldapple.ru/19000321425-borgo-degli-agrumi,,,,,,
https://goldapple.ru/19000418581-hot-splash,,,,,,
https://goldapple.ru/19000279935-212-vip-rose-elixir,,,,,,
https://goldapple.ru/19000451167-no13-32,,,,,,
https://goldapple.ru/19760342420-mechant-loup,,,,,,
https://goldapple.ru/99000038610-aroma-energy-sparkling-zest,,,,,,
https://goldapple.ru/19000278051-201,,,,,,
https://goldapple.ru/7860400010-forever-classic-never-boring-for-him,,,,,,
https://goldapple.ru/19000292402-hoggar,,,,,,
https://goldapple.ru/19000422457-ambra-vanil,,,,,,
https://goldapple.ru/19000412466-elegant,,,,,,
https://goldapple.ru/19000177404-royal-vanilla,,,,,,
https://goldapple.ru/19000259362-algue-sauvage-criste-marine-brume-parfumee-corps-et-cheveux-algue-sauvage,,,,,,
https://goldapple.ru/19000307096-regina-di-fiori,,,,,,
https://goldapple.ru/19000424490-l-homme-mission,,,,,,
https://goldapple.ru/99000005249-boreal,,,,,,
https://goldapple.ru/19000306067-bulocki-s-koricej,,,,,,
https://goldapple.ru/19000031679-amazonian-dipteryx,,,,,,
https://goldapple.ru/99000157115-maag-perla-notte,,,,,,
https://goldapple.ru/19000328392-bain-de-nature-bourbon-vanilla,,,,,,
https://goldapple.ru/99000157113-maag-apple-bloom,,,,,,
https://goldapple.ru/19000351355-titanium,,,,,,
https://goldapple.ru/7292400002-olympea,,,,,,
https://goldapple.ru/19000006066-silver-blue,,,,,,
https://goldapple.ru/19000413517-meek-passion,,,,,,
https://goldapple.ru/19000377073-ombra-lirica,,,,,,
https://goldapple.ru/19000096275-redcurrant-cypress,,,,,,
https://goldapple.ru/26550200022-experimentum-crucis,,,,,,
https://goldapple.ru/99000056822-hygge,,,,,,
https://goldapple.ru/19000412460-555,,,,,,
https://goldapple.ru/19000156580-blue-cedar-and-lavender,,,,,,
https://goldapple.ru/19000455591-vie-de-reve,,,,,,
https://goldapple.ru/19000473375-eau-so-happy,,,,,,
https://goldapple.ru/99000137769-bea-s-w506,,,,,,
https://goldapple.ru/19000406306-power-self,,,,,,
https://goldapple.ru/11950100073-blue-seduction,,,,,,
https://goldapple.ru/99000005119-horizon,,,,,,
https://goldapple.ru/99000128238-parfumernaa-voda-love-republic-black-50-ml,,,,,,
https://goldapple.ru/19000383185-man-extreme,,,,,,
https://goldapple.ru/26375200001-ombre-leather,,,,,,
https://goldapple.ru/19000293595-kingdom,,,,,,
https://goldapple.ru/19000213887-new-year-s-sweets,,,,,,
https://goldapple.ru/19000394896-santal-bleu,,,,,,
https://goldapple.ru/99000125088-cherry-tobacco-vanille-rouge,,,,,,
https://goldapple.ru/19000322191-charming-dor,,,,,,
https://goldapple.ru/19000253144-wildbloom-vert,,,,,,
https://goldapple.ru/19000210257-niche-collection-2705-delicious,,,,,,
https://goldapple.ru/19000487616-dolce-gabbana-velvet-zafferano,,,,,,
https://goldapple.ru/99000037808-sicily,,,,,,
https://goldapple.ru/19000487584-dolce-gabbana-k,,,,,,
https://goldapple.ru/19000451175-no50-07,,,,,,
https://goldapple.ru/19000006030-baccarat-rouge-540,,,,,,
https://goldapple.ru/99000035604-leisure-in-paradise,,,,,,
https://goldapple.ru/19000062958-p031,,,,,,
https://goldapple.ru/19000457276-lilac-fleur,,,,,,
https://goldapple.ru/99000070824-intimate-fresh-s-feromonami,,,,,,
https://goldapple.ru/19000374047-torino24,,,,,,
https://goldapple.ru/19000378534-liquid-love,,,,,,
https://goldapple.ru/90150300009-vetiver-lemon-bergamot,,,,,,
https://goldapple.ru/99000123001-citrine,,,,,,
https://goldapple.ru/19000165391-teakwood,,,,,,
https://goldapple.ru/19000256753-grib-lisicka-haki,,,,,,
https://goldapple.ru/19000453073-kanz,,,,,,
https://goldapple.ru/19000002875-freedomland,,,,,,
https://goldapple.ru/19000406807-amberwood-vanilla-davana,,,,,,
https://goldapple.ru/99000082128-bergamot-lajm-vanil-zasmin,,,,,,
https://goldapple.ru/26164400002-mukhalat,,,,,,
https://goldapple.ru/99000059607-goodbye-darkness-desert-of-my-heart,,,,,,
https://goldapple.ru/99000023251-black-orchid,,,,,,
https://goldapple.ru/99000055140-amber-black-pepper-i-cherry-beans-tonka,,,,,,
https://goldapple.ru/19000413545-meek-passion,,,,,,
https://goldapple.ru/19000128425-pink-pepper,,,,,,
https://goldapple.ru/99000128309-cozy-bakery,,,,,,
https://goldapple.ru/19000473368-eve-one-for-her,,,,,,
https://goldapple.ru/83810100018-astronomy-domine,,,,,,
https://goldapple.ru/19000125355-five,,,,,,
https://goldapple.ru/99000038115-underneath-the-magnolias,,,,,,
https://goldapple.ru/99000138754-la-lettre-discovery-set-4,,,,,,
https://goldapple.ru/19000451160-no13-25,,,,,,
https://goldapple.ru/19000181678-vip-regatus,,,,,,
https://goldapple.ru/19000023467-geranium-pour-monsieur,,,,,,
https://goldapple.ru/99000109914-krasnyj,,,,,,
https://goldapple.ru/19000127405-bijou-tropic-pineapple,,,,,,
https://goldapple.ru/19000470775-cedarwood-sandalwood-amber-patchouli,,,,,,
https://goldapple.ru/19000345273-vanda,,,,,,
https://goldapple.ru/19000325757-vanilla-love,,,,,,
https://goldapple.ru/99000059714-coconut-macaroon,,,,,,
https://goldapple.ru/19000015913-mikado-intense-cherry,,,,,,
https://goldapple.ru/19000235117-eywa-blessings-from-nature,,,,,,
https://goldapple.ru/19000439067-majestic-style,,,,,,
https://goldapple.ru/19000360685-deepwood,,,,,,
https://goldapple.ru/83290100001-magnolia-au-vetiver-du-haiti,,,,,,
https://goldapple.ru/19000438126-little-panda,,,,,,
https://goldapple.ru/99000051388-amber-rose,,,,,,
https://goldapple.ru/99000146447-by-kaori-tobacco-vanilla,,,,,,
https://goldapple.ru/19000169735-hall-of-fame,,,,,,
https://goldapple.ru/19000076282-solo-ella,,,,,,
https://goldapple.ru/19000322211-brillant-nuage-d-or,,,,,,
https://goldapple.ru/19000004547-fiction,,,,,,
https://goldapple.ru/19000398357-titan-aura,,,,,,
https://goldapple.ru/19000098988-consolata,,,,,,
https://goldapple.ru/19000398518-his-confession,,,,,,
https://goldapple.ru/19000017112-solo,,,,,,
https://goldapple.ru/99000070827-intimate-clair,,,,,,
https://goldapple.ru/19000398303-excelsior,,,,,,
https://goldapple.ru/19000143305-wonderful,,,,,,
https://goldapple.ru/19000294190-pepper-glamour,,,,,,
https://goldapple.ru/19000295833-black-ink-bezevyj,,,,,,
https://goldapple.ru/19000449957-green-tea,,,,,,
https://goldapple.ru/19000405999-new-me-white-choco,,,,,,
https://goldapple.ru/99000050145-pritagatel-nyj-tabak,,,,,,
https://goldapple.ru/26802200001-oud-satin-mood,,,,,,
https://goldapple.ru/19000440605-the-cynosure,,,,,,
https://goldapple.ru/19000487588-dolce-gabbana-devotion,,,,,,
https://goldapple.ru/19000213469-bijou-glam-cocktail,,,,,,
https://goldapple.ru/19000269547-honour-43,,,,,,
https://goldapple.ru/19000380094-tolu,,,,,,
https://goldapple.ru/19000470699-golubaa-laguna,,,,,,
https://goldapple.ru/19000172702-selective-base-2027,,,,,,
https://goldapple.ru/19000164627-new-york-5th-avenue,,,,,,
https://goldapple.ru/19000082706-joker,,,,,,
https://goldapple.ru/19000077494-orange-mint,,,,,,
https://goldapple.ru/19000291174-amberlievable,,,,,,
https://goldapple.ru/19000297779-cernika-i-mata,,,,,,
https://goldapple.ru/19760328390-hugo-man,,,,,,
https://goldapple.ru/19000412935-rosso-nobile,,,,,,
https://goldapple.ru/19000181912-sunny-island,,,,,,
https://goldapple.ru/19000009362-belle-joueuse,,,,,,
https://goldapple.ru/19000342025-hundred-silent-ways,,,,,,
https://goldapple.ru/19000375478-solaer,,,,,,
https://goldapple.ru/19000097741-5-o-clock-at-mad-hatters-chez-maman,,,,,,
https://goldapple.ru/99000098666-peau-de-soie,,,,,,
https://goldapple.ru/19000235930-reflection-man,,,,,,
https://goldapple.ru/19000300656-pherody,,,,,,
https://goldapple.ru/26770700001-roses-vanille,,,,,,
https://goldapple.ru/99000137003-sixsen-6-cuvstv,,,,,,
https://goldapple.ru/19000015733-yucatan-secret,,,,,,
https://goldapple.ru/99000043579-black-pepper-amber,,,,,,
https://goldapple.ru/19000182804-les-exclusives-platinum,,,,,,
https://goldapple.ru/19000110360-burning-for-oud,,,,,,
https://goldapple.ru/19000358739-diamonds-in-the-sky,,,,,,
https://goldapple.ru/19000331900-yuzu-peach,,,,,,
https://goldapple.ru/19000239403-business-class,,,,,,
https://goldapple.ru/19000374376-lemongrass,,,,,,
https://goldapple.ru/19000132732-grape-lemongrass,,,,,,
https://goldapple.ru/19000405275-mandarino-di-sicilia,,,,,,
https://goldapple.ru/19000011828-signatures-of-the-sun-oud-spice,,,,,,
https://goldapple.ru/19000348304-canadian-pine-les-saisons,,,,,,
https://goldapple.ru/19000052213-venom,,,,,,
https://goldapple.ru/19000390073-danse-passive,,,,,,
https://goldapple.ru/19000283212-chai,,,,,,
https://goldapple.ru/19000190234-chameleon,,,,,,
https://goldapple.ru/19000451164-no13-29,,,,,,
https://goldapple.ru/19000192239-nc-super-hit,,,,,,
https://goldapple.ru/99000009837-quentin-02,,,,,,
https://goldapple.ru/19000448592-omnia-crystalline,,,,,,
https://goldapple.ru/19000437932-cherry-love,,,,,,
https://goldapple.ru/7191900003-pure-poison,,,,,,
https://goldapple.ru/90150700001-black-pepper-amber-neroli,,,,,,
https://goldapple.ru/19000470689-orange,,,,,,
https://goldapple.ru/19000232737-perspective,,,,,,
https://goldapple.ru/19000164629-milano,,,,,,
https://goldapple.ru/19000436416-ambra,,,,,,
https://goldapple.ru/99000066307-gradual-tanning-moisturizer,,,,,,
https://goldapple.ru/99000064776-sexy-sensitive,,,,,,
https://goldapple.ru/19000010955-allegra-rose-essence,,,,,,
https://goldapple.ru/7190100007-fahrenheit,,,,,,
https://goldapple.ru/19000308560-miss-guilty,,,,,,
https://goldapple.ru/19000399946-26,,,,,,
https://goldapple.ru/26142400002-cashmere,,,,,,
https://goldapple.ru/19000453731-sorbet-garden,,,,,,
https://goldapple.ru/19000213919-juicy-watermelon,,,,,,
https://goldapple.ru/99000115135-tea-rock-n-roll,,,,,,
https://goldapple.ru/99000132215-ametist,,,,,,
https://goldapple.ru/83450200005-woody-mood,,,,,,
https://goldapple.ru/19000463927-paradigma,,,,,,
https://goldapple.ru/99000109029-bubble-gum,,,,,,
https://goldapple.ru/99000080130-verbena,,,,,,
https://goldapple.ru/19000195891-abloko-i-korica,,,,,,
https://goldapple.ru/99000051753-moon,,,,,,
https://goldapple.ru/19760332190-modest-mimosa,,,,,,
https://goldapple.ru/19000210914-fleur-de-pivoine,,,,,,
https://goldapple.ru/19000169985-light-side,,,,,,
https://goldapple.ru/19000478121-rhum-prive-parfum,,,,,,
https://goldapple.ru/19000023497-lipstick-rose,,,,,,
https://goldapple.ru/99000021904-lime-basil,,,,,,
https://goldapple.ru/19760337211-bois-imperial-by-quentin-bisch,,,,,,
https://goldapple.ru/19000487595-dolce-gabbana-k,,,,,,
https://goldapple.ru/19000233249-mikado-bark,,,,,,
https://goldapple.ru/19000306778-grands-boulevards,,,,,,
https://goldapple.ru/19000143865-bali,,,,,,
https://goldapple.ru/99000150858-aroma-narcotique-no18,,,,,,
https://goldapple.ru/19000304236-sibelis,,,,,,
https://goldapple.ru/7140600002-nina,,,,,,
https://goldapple.ru/19000326801-no213-oud-dirty,,,,,,
https://goldapple.ru/99000042945-lavanda,,,,,,
https://goldapple.ru/19000409111-patchouli-precieux,,,,,,
https://goldapple.ru/19000113023-new-year-mandarin,,,,,,
https://goldapple.ru/19000303155-narcotic-bohemic,,,,,,
https://goldapple.ru/19000132709-nebula-toasted-bread,,,,,,
https://goldapple.ru/19000033443-alive-intense,,,,,,
https://goldapple.ru/99000090087-sobranie-3,,,,,,
https://goldapple.ru/19000235114-11-11-the-energy-frequency,,,,,,
https://goldapple.ru/19000419802-miss-dior-eau-de-parfum-hair-mist,,,,,,
https://goldapple.ru/7431900003-dylan-blue,,,,,,
https://goldapple.ru/19000374363-persik-i-grejpfrut,,,,,,
https://goldapple.ru/19000403334-rakuska-rapana,,,,,,
https://goldapple.ru/19000106088-io-myself,,,,,,
https://goldapple.ru/19000144171-gentleman-society-eau-de-parfum,,,,,,
https://goldapple.ru/19000327401-dla-vesov,,,,,,
https://goldapple.ru/99000063405-energy,,,,,,
https://goldapple.ru/19000283181-nice-bergamote,,,,,,
https://goldapple.ru/19000126966-delina-parfums-de-marly,,,,,,
https://goldapple.ru/19000180337-grapefruit-basil-petitgrain,,,,,,
https://goldapple.ru/19000197498-aiga,,,,,,
https://goldapple.ru/99000078579-fleur-narcotique,,,,,,
https://goldapple.ru/19000241389-braun,,,,,,
https://goldapple.ru/19000296557-morskoj-briz,,,,,,
https://goldapple.ru/19000428867-tobacco-and-vanilla-comprehensive-care-and-aromatherapy,,,,,,
https://goldapple.ru/19000206605-roads-of-rome,,,,,,
https://goldapple.ru/99000026297-muscade-sauge,,,,,,
https://goldapple.ru/99000133847-sad-but-sexy,,,,,,
https://goldapple.ru/7430300005-crystal-noir,,,,,,
https://goldapple.ru/19000118786-velluto,,,,,,
https://goldapple.ru/19000423906-dukhan,,,,,,
https://goldapple.ru/19000293957-africa,,,,,,
https://goldapple.ru/19000126972-artemisia,,,,,,
https://goldapple.ru/19000335658-novogodnaa-elka,,,,,,
https://goldapple.ru/19000378829-tonka-sesame,,,,,,
https://goldapple.ru/19000493599-lentropiste-dorian-s-spleen,,,,,,
https://goldapple.ru/19000488826-sergio-nero-donna-peonia-magica,,,,,,
https://goldapple.ru/7190500023-dior-addict,,,,,,
https://goldapple.ru/19000234928-cherry-blossom,,,,,,
https://goldapple.ru/99000095208-u604,,,,,,
https://goldapple.ru/19000317973-orange-power,,,,,,
https://goldapple.ru/19000144151-gentleman-society-shower-gel,,,,,,
https://goldapple.ru/99000150125-mino-aurora-sweet-gingerbread,,,,,,
https://goldapple.ru/19000131349-vintege-library,,,,,,
https://goldapple.ru/19000412818-tendres-instants,,,,,,
https://goldapple.ru/19000328571-this-is-not-a-blue-bottle,,,,,,
https://goldapple.ru/19000117830-aqua-mysteri,,,,,,
https://goldapple.ru/19000419629-teakwood,,,,,,
https://goldapple.ru/99000150119-mino-rove-r-sweet-gingerbread,,,,,,
https://goldapple.ru/19000418227-anti-age-therapy,,,,,,
https://goldapple.ru/19000257270-omnia-amethyste,,,,,,
https://goldapple.ru/19000405997-new-me-intimi,,,,,,
https://goldapple.ru/19000407561-midnight-ball,,,,,,
https://goldapple.ru/19000215504-radical-rose,,,,,,
https://goldapple.ru/99000075941-ejforia,,,,,,
https://goldapple.ru/19000196078-peonia-in-fiore,,,,,,
https://goldapple.ru/19000199658-oriental-selection,,,,,,
https://goldapple.ru/84141300002-agua-de-loewe-el,,,,,,
https://goldapple.ru/99000004480-fresh-coffee,,,,,,
https://goldapple.ru/19000492032-tom-tailor-perspective,,,,,,
https://goldapple.ru/19000461136-monstre-noir,,,,,,
https://goldapple.ru/19000225958-jetty,,,,,,
https://goldapple.ru/19000180579-melodia-cuvstv,,,,,,
https://goldapple.ru/19000324239-l-interdit-absolu,,,,,,
https://goldapple.ru/19000203331-incendium,,,,,,
https://goldapple.ru/99000096225-black-cherry-merlot-black-cardamon-cashmere,,,,,,
https://goldapple.ru/19000343681-intense-pavlova,,,,,,
https://goldapple.ru/19000235971-memoir-man,,,,,,
https://goldapple.ru/19000160522-wear-love-everywhere,,,,,,
https://goldapple.ru/19000424760-solstice-gourmand,,,,,,
https://goldapple.ru/26160300001-fougeres-marines,,,,,,
https://goldapple.ru/19000464965-rosso-nobile,,,,,,
https://goldapple.ru/99000065635-blackberry,,,,,,
https://goldapple.ru/19000451174-no50-06,,,,,,
https://goldapple.ru/19000502182-rp-paris-tendre-vetiver,,,,,,
https://goldapple.ru/19000348298-milky-way,,,,,,
https://goldapple.ru/19000105759-jasmin-exclusif,,,,,,
https://goldapple.ru/19000292397-comme-une-evidence-intense,,,,,,
https://goldapple.ru/83430100006-dirty-velvet,,,,,,
https://goldapple.ru/99000088559-atelier-moderne,,,,,,
https://goldapple.ru/99000051391-pumpkin-caramel-crunch,,,,,,
https://goldapple.ru/19000216673-rojo,,,,,,
https://goldapple.ru/19000263818-724,,,,,,
https://goldapple.ru/19000321513-vento-di-mare,,,,,,
https://goldapple.ru/26142400001-lavender,,,,,,
https://goldapple.ru/19000352995-blue-flash,,,,,,
https://goldapple.ru/99000128359-koza-i-drevesina,,,,,,
https://goldapple.ru/19000203311-voluptas,,,,,,
https://goldapple.ru/19000051080-carbon,,,,,,
https://goldapple.ru/19000422925-muskberry,,,,,,
https://goldapple.ru/19000482524-the-one,,,,,,
https://goldapple.ru/19000381314-buddha-s-flower-incense,,,,,,
https://goldapple.ru/19000344496-arethusa,,,,,,
https://goldapple.ru/19000222640-mediterranean,,,,,,
https://goldapple.ru/19000454817-not-for-everybody-bb-energy,,,,,,
https://goldapple.ru/19000303224-lonicera-de-nuit,,,,,,
https://goldapple.ru/19000382673-fugazzi,,,,,,
https://goldapple.ru/19000493762-hi-dear-pomegranate-and-guaiac-wood,,,,,,
https://goldapple.ru/26044200002-vanille-coso,,,,,,
https://goldapple.ru/99000048113-ispolnenie-zelanij,,,,,,
https://goldapple.ru/36050400010-mefisto,,,,,,
https://goldapple.ru/19000052223-venom,,,,,,
https://goldapple.ru/19000467986-pacific-rock-moss,,,,,,
https://goldapple.ru/19000109143-no-12,,,,,,
https://goldapple.ru/99000132314-wow-forest,,,,,,
https://goldapple.ru/19000049473-no1-freedom,,,,,,
https://goldapple.ru/19000004531-don-t-tell-jasmine,,,,,,
https://goldapple.ru/26142100002-angie,,,,,,
https://goldapple.ru/19000125956-butterfly-mind,,,,,,
https://goldapple.ru/19000400043-tropical-sunset,,,,,,
https://goldapple.ru/19000334801-rendezvous-with-the-sea,,,,,,
https://goldapple.ru/19000015902-mikado-cotton,,,,,,
https://goldapple.ru/19000109144-no-13,,,,,,
https://goldapple.ru/19000396232-santal-austral,,,,,,
https://goldapple.ru/83080200005-keep-glazed,,,,,,
https://goldapple.ru/19760334987-bete-humaine,,,,,,
https://goldapple.ru/19000426729-oud-candy,,,,,,
https://goldapple.ru/19000358615-defy,,,,,,
https://goldapple.ru/99000037909-dune,,,,,,
https://goldapple.ru/19000444985-toy-2-bubble-gum,,,,,,
https://goldapple.ru/19000334837-morning-in-paris,,,,,,
https://goldapple.ru/99000054808-professional-nutrition-and-care,,,,,,
https://goldapple.ru/99000090081-sobranie-11,,,,,,
https://goldapple.ru/19000062941-p007,,,,,,
https://goldapple.ru/19000384374-urban-blue,,,,,,
https://goldapple.ru/26775100002-gold-incense,,,,,,
https://goldapple.ru/19000252956-bazilik,,,,,,
https://goldapple.ru/19000155807-l-eau-revee-d-alma,,,,,,
https://goldapple.ru/19000076280-001-man,,,,,,
https://goldapple.ru/19000456184-black-premium-f053,,,,,,
https://goldapple.ru/19000035771-cologne-cedrat,,,,,,
https://goldapple.ru/19760329923-altai,,,,,,
https://goldapple.ru/19000345666-time-revolution-retinol,,,,,,
https://goldapple.ru/19000223823-absolu-de-vanille,,,,,,
https://goldapple.ru/19000090638-black-opium,,,,,,
https://goldapple.ru/19000463944-elixir-of-paradise,,,,,,
https://goldapple.ru/19000268489-burberry-men,,,,,,
https://goldapple.ru/99000067400-mindaro,,,,,,
https://goldapple.ru/19000381052-g-010,,,,,,
https://goldapple.ru/26800300010-grand-soir,,,,,,
https://goldapple.ru/19000262202-the-one-gold-intense,,,,,,
https://goldapple.ru/19000222468-hidden-shades,,,,,,
https://goldapple.ru/19000470407-crystal-emerald,,,,,,
https://goldapple.ru/99000052138-balance,,,,,,
https://goldapple.ru/19760313126-neroli-woods,,,,,,
https://goldapple.ru/19000205800-tikovoe-derevo-i-tabak,,,,,,
https://goldapple.ru/19000412817-ondes-positives,,,,,,
https://goldapple.ru/19000122337-angel-s-name,,,,,,
https://goldapple.ru/19000023353-cassis-herbs-fig,,,,,,
https://goldapple.ru/99000037759-fleur,,,,,,
https://goldapple.ru/19000381062-g-033,,,,,,
https://goldapple.ru/99000064268-sparkling-fruit,,,,,,
https://goldapple.ru/99000081989-magkaa-drevesina-i-safran,,,,,,
https://goldapple.ru/19000192237-blagovonie-copal,,,,,,
https://goldapple.ru/83710200006-orris-tattoo-29,,,,,,
https://goldapple.ru/19000206599-mornings-in-milano,,,,,,
https://goldapple.ru/99000035560-auster,,,,,,
https://goldapple.ru/19000048683-bergamotto-di-calabria,,,,,,
https://goldapple.ru/19000257137-yours,,,,,,
https://goldapple.ru/99000082820-ilang-ilang-i-ambra,,,,,,
https://goldapple.ru/19000059340-jtc-comandante,,,,,,
https://goldapple.ru/99000056820-kefi,,,,,,
https://goldapple.ru/19000055176-apel-sin-i-korica,,,,,,
https://goldapple.ru/83080200004-dates-delight,,,,,,
https://goldapple.ru/19000312139-peachy-sky,,,,,,
https://goldapple.ru/19000472808-romantique,,,,,,
https://goldapple.ru/19000357465-alchimie-celeste,,,,,,
https://goldapple.ru/19000468852-a-kiss-of-bliss,,,,,,
https://goldapple.ru/19000072542-nuit-de-megeve,,,,,,
https://goldapple.ru/19000437813-25th-hour,,,,,,
https://goldapple.ru/19000382676-dirty-rice,,,,,,
https://goldapple.ru/19000062943-p009,,,,,,
https://goldapple.ru/99000072441-mandarin-i-imbir,,,,,,
https://goldapple.ru/19000290643-good-girl-gone-bad,,,,,,
https://goldapple.ru/19000349058-tonka,,,,,,
https://goldapple.ru/19000486426-fleur-intese,,,,,,
https://goldapple.ru/19000297764-ambra-i-tabak,,,,,,
https://goldapple.ru/19000230024-coconat-chocolate,,,,,,
https://goldapple.ru/19000256728-grib-muhomor-perezrelyj-lilovaa,,,,,,
https://goldapple.ru/19760302808-tumultu,,,,,,
https://goldapple.ru/26171600001-spicy-aoud,,,,,,
https://goldapple.ru/19000268020-glare,,,,,,
https://goldapple.ru/19000059342-jtc-more-than-words,,,,,,
https://goldapple.ru/99000071796-aura-carodejki,,,,,,
https://goldapple.ru/19000455547-tundra,,,,,,
https://goldapple.ru/19000136063-fig-infusion,,,,,,
https://goldapple.ru/19000088227-shiro,,,,,,
https://goldapple.ru/19000258563-haltane,,,,,,
https://goldapple.ru/99000050154-cernaa-vanil,,,,,,
https://goldapple.ru/19000042578-cedar-sandalwood-amber-patchouli,,,,,,
https://goldapple.ru/32110200005-moschino-toy2,,,,,,
https://goldapple.ru/19000312022-06-vanilla-spark,,,,,,
https://goldapple.ru/19000227756-sandalwood,,,,,,
https://goldapple.ru/19760300398-203-framboise-vanille-mure,,,,,,
https://goldapple.ru/19000285476-sapphire-collection-hommage,,,,,,
https://goldapple.ru/19000402541-flower-mania,,,,,,
https://goldapple.ru/19000160707-italian-muscat,,,,,,
https://goldapple.ru/19000136714-vaux-le-vicomte,,,,,,
https://goldapple.ru/99000055595-green-tea,,,,,,
https://goldapple.ru/19000059324-undea-des-iles,,,,,,
https://goldapple.ru/19000451186-no50-18,,,,,,
https://goldapple.ru/19000023453-carnal-flower,,,,,,
https://goldapple.ru/19000396003-rosso-nobile,,,,,,
https://goldapple.ru/19000047812-born-in-roma-coral-fantasy-donna,,,,,,
https://goldapple.ru/19000499526-maison-francis-kurkdjian-oud,,,,,,
https://goldapple.ru/19000418241-silk-therapy,,,,,,
https://goldapple.ru/7034900002-boss-the-scent,,,,,,
https://goldapple.ru/19000298021-black-currant-absinth,,,,,,
https://goldapple.ru/19000166873-woman-deligh,,,,,,
https://goldapple.ru/19000121035-exit-the-king,,,,,,
https://goldapple.ru/19000059080-epine-du-desert-absolute,,,,,,
https://goldapple.ru/19000112936-homme-de-guerlain,,,,,,
https://goldapple.ru/19000356527-christmas-vibe,,,,,,
https://goldapple.ru/99000053183-rouge,,,,,,
https://goldapple.ru/19000451195-no20-01,,,,,,
https://goldapple.ru/99000096698-grapefruit-black-currant-absinthe-pomegranate-bitters,,,,,,
https://goldapple.ru/19000235948-interlude-man,,,,,,
https://goldapple.ru/99000006217-beskonecnaa-vlublennost,,,,,,
https://goldapple.ru/19000261880-miral,,,,,,
https://goldapple.ru/99000143067-giardino-magico-cashmere-wood-tobacco-leather,,,,,,
https://goldapple.ru/19000023364-white-fibre-sticks,,,,,,
https://goldapple.ru/19000337320-levar-del-sole,,,,,,
https://goldapple.ru/19000310342-apel-sin-i-gardenia,,,,,,
https://goldapple.ru/19000196737-mineral,,,,,,
https://goldapple.ru/19000169991-apple-lotus,,,,,,
https://goldapple.ru/19760327260-vetiver-sensuel,,,,,,
https://goldapple.ru/19000252180-bouquet-de-neroli,,,,,,
https://goldapple.ru/19000143288-gipsy-karma,,,,,,
https://goldapple.ru/19000191501-ani-x,,,,,,
https://goldapple.ru/19000486229-l-ambre,,,,,,
https://goldapple.ru/19000399392-sensuality,,,,,,
https://goldapple.ru/19000382669-naked-laundry,,,,,,
https://goldapple.ru/19000256119-velvet-rose-oud,,,,,,
https://goldapple.ru/19000476948-soleil-neige,,,,,,
https://goldapple.ru/99000157114-maag-femme,,,,,,
https://goldapple.ru/19000312152-elisir-di-melagrana,,,,,,
https://goldapple.ru/19000095381-rouge-noble,,,,,,
https://goldapple.ru/3270100001-cool-water,,,,,,
https://goldapple.ru/19000349048-sea-salt,,,,,,
https://goldapple.ru/19000062904-f023,,,,,,
https://goldapple.ru/19000282700-black-saffron,,,,,,
https://goldapple.ru/19000246015-sayidati,,,,,,
https://goldapple.ru/19000459154-mango,,,,,,
https://goldapple.ru/84141100001-7-loewe,,,,,,
https://goldapple.ru/19000261877-wild-spicy,,,,,,
https://goldapple.ru/99000093387-blue-cosy-bouquet-cozy-musk,,,,,,
https://goldapple.ru/19000402030-coca-chocola,,,,,,
https://goldapple.ru/82401300005-eau-de-magnolia,,,,,,
https://goldapple.ru/19000153561-sensoriel-ambraser,,,,,,
https://goldapple.ru/19000484586-mr-sam,,,,,,
https://goldapple.ru/19000482630-flower-shop,,,,,,
https://goldapple.ru/19000451213-no10-10,,,,,,
https://goldapple.ru/19000252965-imbir,,,,,,
https://goldapple.ru/19000122333-cocktail-clouds,,,,,,
https://goldapple.ru/19000395739-oud,,,,,,
https://goldapple.ru/19000356537-hvoa,,,,,,
https://goldapple.ru/19000023189-pure-man,,,,,,
https://goldapple.ru/19000478120-elemi-enigma-parfum,,,,,,
https://goldapple.ru/19000120763-this-is-not-a-blue-bottle-1-6,,,,,,
https://goldapple.ru/19000324268-citrusovyj-sad,,,,,,
https://goldapple.ru/19000063341-i-i-terralba,,,,,,
https://goldapple.ru/99000028976-coconut-chocolate,,,,,,
https://goldapple.ru/83600100008-treffpunkt-8-uhr,,,,,,
https://goldapple.ru/19000160519-wrap-me-in-dreams,,,,,,
https://goldapple.ru/99000056071-eclipse,,,,,,
https://goldapple.ru/11950100068-blue-seduction,,,,,,
https://goldapple.ru/99000082829-dubovyj-list,,,,,,
https://goldapple.ru/19000257646-pontevecchio-w,,,,,,
https://goldapple.ru/19000453068-ethos-night,,,,,,
https://goldapple.ru/19000469394-varvara,,,,,,
https://goldapple.ru/99000136599-vitamin-u-hand-veil,,,,,,
https://goldapple.ru/7200400011-the-only-one,,,,,,
https://goldapple.ru/19000405923-rose-cacao,,,,,,
https://goldapple.ru/19000118567-bianco-di-bacco,,,,,,
https://goldapple.ru/19000454228-tangerine-neroli-bergamot,,,,,,
https://goldapple.ru/19000206957-sunrise-in-santorini,,,,,,
https://goldapple.ru/19000345825-euphoria,,,,,,
https://goldapple.ru/99000087253-pepper-amber-neroli,,,,,,
https://goldapple.ru/19000171507-rose-and-musk,,,,,,
https://goldapple.ru/19000422458-seraa-ambra-kedr-zasmin,,,,,,
https://goldapple.ru/19000159043-ellena-vetiver-et-iris,,,,,,
https://goldapple.ru/26662000001-moscow-mule,,,,,,
https://goldapple.ru/19000196867-sisterland-blue-neroli,,,,,,
https://goldapple.ru/99000024765-no8,,,,,,
https://goldapple.ru/19000196935-osmanthus,,,,,,
https://goldapple.ru/19000196069-tabacco-toscano,,,,,,
https://goldapple.ru/99000034976-trajan,,,,,,
https://goldapple.ru/19000048452-pour-femme,,,,,,
https://goldapple.ru/19000306096-bulocki-s-koricej,,,,,,
https://goldapple.ru/19000424951-lavender-sage-cedar,,,,,,
https://goldapple.ru/19760332194-poets-of-berlin,,,,,,
https://goldapple.ru/19000436909-sladkaa-vata,,,,,,
https://goldapple.ru/99000076068-ritual-03,,,,,,
https://goldapple.ru/99000115589-evergreen-apple,,,,,,
https://goldapple.ru/19000467786-avento,,,,,,
https://goldapple.ru/99000064269-sandalwood,,,,,,
https://goldapple.ru/99000075883-violet-dreams,,,,,,
https://goldapple.ru/99000068192-matreska-v-maske-tonka-i-ud,,,,,,
https://goldapple.ru/19000377175-mistero,,,,,,
https://goldapple.ru/19000463923-carte-commedia-dell-arte,,,,,,
https://goldapple.ru/19000427071-vasilisa-prekrasnaa,,,,,,
https://goldapple.ru/99000015598-black-pepper-amber,,,,,,
https://goldapple.ru/19000155361-lemon-cake,,,,,,
https://goldapple.ru/19000234975-wood-and-leather,,,,,,
https://goldapple.ru/19000494178-emper-genius-lover,,,,,,
https://goldapple.ru/99000015588-black-cherry-sandal-wood,,,,,,
https://goldapple.ru/19000159562-atomizer-refill,,,,,,
https://goldapple.ru/19000069257-dolce-canto,,,,,,
https://goldapple.ru/63620400001-imperial,,,,,,
https://goldapple.ru/19000409854-caden,,,,,,
https://goldapple.ru/19000238593-search,,,,,,
https://goldapple.ru/19000487443-nero-nebula,,,,,,
https://goldapple.ru/26660600004-not-a-perfume,,,,,,
https://goldapple.ru/19000471437-mineral,,,,,,
https://goldapple.ru/19000206591-forest-fantasy,,,,,,
https://goldapple.ru/19000268024-20-balm-leather,,,,,,
https://goldapple.ru/19000141088-vanilla,,,,,,
https://goldapple.ru/19000113030-salted-caramel,,,,,,
https://goldapple.ru/99000099654-sea-salt-orchid,,,,,,
https://goldapple.ru/19000453075-monaco-madame,,,,,,
https://goldapple.ru/19000066084-sisterland-pink-raspberry,,,,,,
https://goldapple.ru/19000187947-white-musc,,,,,,
https://goldapple.ru/19000440604-the-balance,,,,,,
https://goldapple.ru/99000004705-cashmere-glow,,,,,,
https://goldapple.ru/19000066077-bad-boy-cobalt,,,,,,
https://goldapple.ru/99000110766-vanilla-magnificence,,,,,,
https://goldapple.ru/19000222743-incense-oud,,,,,,
https://goldapple.ru/19000486223-la-figue,,,,,,
https://goldapple.ru/19000445946-pour-homme,,,,,,
https://goldapple.ru/19000059295-addictive-arts-jump-up-and-kiss-me-hedonistic,,,,,,
https://goldapple.ru/19000391313-cherry,,,,,,
https://goldapple.ru/19000234963-lime-basil,,,,,,
https://goldapple.ru/81103500002-her-secret-temptation,,,,,,
https://goldapple.ru/83550400006-pure-extreme,,,,,,
https://goldapple.ru/19000113027-herbs-fig,,,,,,
https://goldapple.ru/19000328684-monbazillac,,,,,,
https://goldapple.ru/82510800002-41-burlington-arcade,,,,,,
https://goldapple.ru/19000487612-dolce-gabbana-velvet-infusion,,,,,,
https://goldapple.ru/19000010360-sicilian-leather,,,,,,
https://goldapple.ru/19000331907-black-smoke,,,,,,
https://goldapple.ru/19000253142-wildbloom,,,,,,
https://goldapple.ru/19000144782-atractone-musk,,,,,,
https://goldapple.ru/19000155366-white-jasmine,,,,,,
https://goldapple.ru/19000325750-oud-for-greatness-neo,,,,,,
https://goldapple.ru/19000348318-spruce-holiday-les-saisons,,,,,,
https://goldapple.ru/99000107282-goji-berries,,,,,,
https://goldapple.ru/19000246546-fenomene-inspo,,,,,,
https://goldapple.ru/19000118779-sea-mist,,,,,,
https://goldapple.ru/99000061181-vino-i-visna,,,,,,
https://goldapple.ru/19000021520-vetiver-lemon-bergamot,,,,,,
https://goldapple.ru/19000257110-91-chocolatic-nchnt,,,,,,
https://goldapple.ru/19000352999-cleopatra-s,,,,,,
https://goldapple.ru/19000004535-moon-carnival,,,,,,
https://goldapple.ru/19000132109-ajna,,,,,,
https://goldapple.ru/19000049477-no3-kindness,,,,,,
https://goldapple.ru/19000451181-no50-13,,,,,,
https://goldapple.ru/19000358597-goddess,,,,,,
https://goldapple.ru/99000116730-utrennij-vzryv,,,,,,
https://goldapple.ru/19000290663-tobacco-leaf-vanilla,,,,,,
https://goldapple.ru/19000212083-lp01,,,,,,
https://goldapple.ru/99000008301-cedar-fig,,,,,,
https://goldapple.ru/19000322004-sikinos,,,,,,
https://goldapple.ru/19000285722-verano,,,,,,
https://goldapple.ru/19000424756-feu-magicien,,,,,,
https://goldapple.ru/19000159606-pocket-atomizer,,,,,,
https://goldapple.ru/19000218257-sea-salt-orchid,,,,,,
https://goldapple.ru/19000225039-spicy-oud,,,,,,
https://goldapple.ru/19000457164-cornflower,,,,,,
https://goldapple.ru/99000034335-rosa-di-filare,,,,,,
https://goldapple.ru/19000210261-niche-collection-9008-tender,,,,,,
https://goldapple.ru/19000454860-uefa-champions-league-pro-player,,,,,,
https://goldapple.ru/24861400001-212-vip-men,,,,,,
https://goldapple.ru/99000109308-boby-tonka-i-ud,,,,,,
https://goldapple.ru/19000432765-pompelmo-pepe,,,,,,
https://goldapple.ru/19000337188-serenity,,,,,,
https://goldapple.ru/19000467323-black-pepper-vetiver-neroli-amber,,,,,,
https://goldapple.ru/19000405925-safari,,,,,,
https://goldapple.ru/19000296174-reine-de-nuit,,,,,,
https://goldapple.ru/28320100008-timeless-sands,,,,,,
https://goldapple.ru/19000447655-white-linen-oud-legacy,,,,,,
https://goldapple.ru/19760332177-125th-bloom,,,,,,
https://goldapple.ru/99000015596-orchid-mango,,,,,,
https://goldapple.ru/19000196940-oud,,,,,,
https://goldapple.ru/19000312176-into-the-woods,,,,,,
https://goldapple.ru/7270700004-kenzo-le-monde-est-beau,,,,,,
https://goldapple.ru/26070100022-heliotrope,,,,,,
https://goldapple.ru/19760328382-stardust,,,,,,
https://goldapple.ru/19000023187-man-s-best,,,,,,
https://goldapple.ru/19000203350-bergamot-lime,,,,,,
https://goldapple.ru/19000118571-cardamomum,,,,,,
https://goldapple.ru/19000470691-lavender,,,,,,
https://goldapple.ru/19000235965-interlude-black-iris-man,,,,,,
https://goldapple.ru/99000130311-peau-d-ailleurs-by-starck,,,,,,
https://goldapple.ru/99000010907-svadhistana,,,,,,
https://goldapple.ru/19000268754-bottled,,,,,,
https://goldapple.ru/99000017662-palo-santo-jasmine,,,,,,
https://goldapple.ru/19000038886-breeze,,,,,,
https://goldapple.ru/19000311811-composition-1,,,,,,
https://goldapple.ru/19000089331-tajskaa-magnolia,,,,,,
https://goldapple.ru/99000037901-dubai-medium,,,,,,
https://goldapple.ru/19760327531-atelier-cedrat-de-diamante,,,,,,
https://goldapple.ru/26723600017-musk-oud,,,,,,
https://goldapple.ru/19000368956-drunk-maple,,,,,,
https://goldapple.ru/19000449068-48-classic-collection,,,,,,
https://goldapple.ru/19000191338-homme-marine,,,,,,
https://goldapple.ru/19000477277-oud-wealth,,,,,,
https://goldapple.ru/19000335467-tattoo-serpenta-severnoe-sianie,,,,,,
https://goldapple.ru/19000082707-not-a-girl,,,,,,
https://goldapple.ru/19000448589-bvlgari-insieme,,,,,,
https://goldapple.ru/99000090730-amber-pepper,,,,,,
https://goldapple.ru/99000127701-aroma-sf05,,,,,,
https://goldapple.ru/19000153942-musk,,,,,,
https://goldapple.ru/7192300026-dior-homme,,,,,,
https://goldapple.ru/19000325756-will-you-marry-me,,,,,,
https://goldapple.ru/7194200008-miss-dior-blooming-bouquet,,,,,,
https://goldapple.ru/28320100001-dark-forest,,,,,,
https://goldapple.ru/19000407717-3-cedar-fig,,,,,,
https://goldapple.ru/19000057658-refillable-scented-decorative-candle-cedre,,,,,,
https://goldapple.ru/19000493765-hi-dear-sage-and-sandal-wood,,,,,,
https://goldapple.ru/99000067421-moments-home-perfume-maroon,,,,,,
https://goldapple.ru/19000321512-speziato-fiorentino,,,,,,
https://goldapple.ru/19000296777-cvetok-malen-kij-rozovyj,,,,,,
https://goldapple.ru/19000080168-in-france-femme-fatale-body-lotion,,,,,,
https://goldapple.ru/19000304469-pepe-nero,,,,,,
https://goldapple.ru/19000288001-break-free,,,,,,
https://goldapple.ru/19000421312-vanilla-musk,,,,,,
https://goldapple.ru/19000090628-sparkling-twil,,,,,,
https://goldapple.ru/19000106630-cvetusaa-visna,,,,,,
https://goldapple.ru/99000005243-pacific,,,,,,
https://goldapple.ru/99000118156-koza-i-kruzevo,,,,,,
https://goldapple.ru/19000285593-tobacco-vanilla,,,,,,
https://goldapple.ru/19000344556-stricnina,,,,,,
https://goldapple.ru/99000069309-raffaello,,,,,,
https://goldapple.ru/19000296551-afrodisia,,,,,,
https://goldapple.ru/99000065811-florence,,,,,,
https://goldapple.ru/90151400004-vetiver-lemon-bergamot,,,,,,
https://goldapple.ru/19000048048-cote-d-azur,,,,,,
https://goldapple.ru/19000493426-architect-demidoff-no46,,,,,,
https://goldapple.ru/19000457125-gelsomino-a-freddo,,,,,,
https://goldapple.ru/90151300010-vetiver-lemon-bergamot,,,,,,
https://goldapple.ru/19000197497-tender,,,,,,
https://goldapple.ru/19000328963-locura,,,,,,
https://goldapple.ru/19000289036-angels-share,,,,,,
https://goldapple.ru/19000472419-pearl-lady,,,,,,
https://goldapple.ru/99000062624-pure-delicious,,,,,,
https://goldapple.ru/19000155353-sakura-flower,,,,,,
https://goldapple.ru/19000235160-loveme,,,,,,
https://goldapple.ru/19000487828-sol-de-janeiro-cheirosa-76,,,,,,
https://goldapple.ru/19000451172-no50-04,,,,,,
https://goldapple.ru/7191800001-hypnotic-poison,,,,,,
https://goldapple.ru/26370800009-rose-prick,,,,,,
https://goldapple.ru/19000149524-eau-des-jardins,,,,,,
https://goldapple.ru/99000038651-bangkok,,,,,,
https://goldapple.ru/19000234854-sugar,,,,,,
https://goldapple.ru/19000192242-spicy-patchouli,,,,,,
https://goldapple.ru/99000081665-neroli-i-cernyj-perec,,,,,,
https://goldapple.ru/19000262165-dolce-peony,,,,,,
https://goldapple.ru/19000109142-no-10,,,,,,
https://goldapple.ru/99000068080-mango-i-kokosovoe-moloko,,,,,,
https://goldapple.ru/99000059272-frangipani,,,,,,
https://goldapple.ru/19000302305-pure-cotton,,,,,,
https://goldapple.ru/26421300015-mandorlo-di-sicilia,,,,,,
https://goldapple.ru/19000451558-kunzite,,,,,,
https://goldapple.ru/99000082122-kedr-i-kiparis,,,,,,
https://goldapple.ru/82520100001-black-collection-2,,,,,,
https://goldapple.ru/99000056817-eunoia,,,,,,
https://goldapple.ru/19000307797-blackberry-bay-body-hand-wash,,,,,,
https://goldapple.ru/19000467303-amberwood-vanilla-davana,,,,,,
https://goldapple.ru/19000035299-intense-cedrat-boise,,,,,,
https://goldapple.ru/19000234979-blanc,,,,,,
https://goldapple.ru/19000097514-kyushu-rice,,,,,,
https://goldapple.ru/99000018876-malina-i-zelen,,,,,,
https://goldapple.ru/99000077292-surf-camp,,,,,,
https://goldapple.ru/99000009039-nomer-v-otele,,,,,,
https://goldapple.ru/19000429275-vetiver,,,,,,
https://goldapple.ru/19000341186-nappa-tuberosa-107,,,,,,
https://goldapple.ru/19000477272-virgin-lemongrass,,,,,,
https://goldapple.ru/99000078105-california-blossoms,,,,,,
https://goldapple.ru/99000112662-wood-pear,,,,,,
https://goldapple.ru/19000297771-koza-i-drevesina,,,,,,
https://goldapple.ru/19000342027-tuberoza,,,,,,
https://goldapple.ru/19000455560-santal-rouge,,,,,,
https://goldapple.ru/26420500036-barbiere,,,,,,
https://goldapple.ru/19000374392-gvaakovoe-derevo,,,,,,
https://goldapple.ru/19000398339-black-pepper-vetiver-neroli-amber,,,,,,
https://goldapple.ru/19000222736-baikal-leather-intense,,,,,,
https://goldapple.ru/19000241259-essential,,,,,,
https://goldapple.ru/19000349052-cashmere,,,,,,
https://goldapple.ru/26175800002-amber-musk,,,,,,
https://goldapple.ru/19000451153-no13-18,,,,,,
https://goldapple.ru/99000018878-dymnaa-vanil,,,,,,
https://goldapple.ru/19000294057-forever,,,,,,
https://goldapple.ru/19000255832-coconut-water,,,,,,
https://goldapple.ru/19000459155-sex-vanilla,,,,,,
https://goldapple.ru/19000125352-two,,,,,,
https://goldapple.ru/99000075708-mango-and-coconut-milk,,,,,,
https://goldapple.ru/99000090729-fig-tree,,,,,,
https://goldapple.ru/19000478499-vanil-i-rozovyj-perec,,,,,,
https://goldapple.ru/19000122365-electric-wood,,,,,,
https://goldapple.ru/99000092907-black-mineral-bouquet-terre-sauvage-wilderness,,,,,,
https://goldapple.ru/19000118748-arborea,,,,,,
https://goldapple.ru/19760305889-basilico-fellini,,,,,,
https://goldapple.ru/19000404797-nomade-lumiere-d-egypte,,,,,,
https://goldapple.ru/19000090634-aqua-di-gio,,,,,,
https://goldapple.ru/19000451232-skola-carodejstva,,,,,,
https://goldapple.ru/19000404804-cool-water-reborn,,,,,,
https://goldapple.ru/19000344525-tabit,,,,,,
https://goldapple.ru/19000009178-incense-lina,,,,,,
https://goldapple.ru/99000140999-boca-aroma-norway-moss,,,,,,
https://goldapple.ru/99000046359-almond-peach-olive-oil-shea-grapeseed-oil,,,,,,
https://goldapple.ru/19000239337-devil-s-intrigue,,,,,,
https://goldapple.ru/19000437937-cherry-love,,,,,,
https://goldapple.ru/19000304227-altezza,,,,,,
https://goldapple.ru/19000331476-unframe,,,,,,
https://goldapple.ru/19000293262-slow-city-wood-savage,,,,,,
https://goldapple.ru/19000264100-no6,,,,,,
https://goldapple.ru/19000241386-flural,,,,,,
https://goldapple.ru/19000074545-peony-and-rose,,,,,,
https://goldapple.ru/19000328382-bain-de-nature-olive,,,,,,
https://goldapple.ru/19000380203-clutch-collection-bubble-gum,,,,,,
https://goldapple.ru/19000125237-the-awakening,,,,,,
https://goldapple.ru/99000055702-dubai,,,,,,
https://goldapple.ru/19760325045-black-pepper-amber-neroli,,,,,,
https://goldapple.ru/19000483120-cherry-extasy,,,,,,
https://goldapple.ru/19760329909-altai,,,,,,
https://goldapple.ru/19000262168-dolce-rose,,,,,,
https://goldapple.ru/19000391722-tobacco-vanilla,,,,,,
https://goldapple.ru/19000145611-odeon,,,,,,
https://goldapple.ru/19000454802-vibes-happy-feels-fragrance,,,,,,
https://goldapple.ru/19000405904-cinnamon-ginger,,,,,,
https://goldapple.ru/99000016164-cinnabon,,,,,,
https://goldapple.ru/84230100006-no6,,,,,,
https://goldapple.ru/24863300002-good-girl,,,,,,
https://goldapple.ru/19000235352-nuit-calme,,,,,,
https://goldapple.ru/26723600001-back-to-black-aphrodisiac,,,,,,
https://goldapple.ru/19000381046-g-002,,,,,,
https://goldapple.ru/19000331097-rose,,,,,,
https://goldapple.ru/19000329379-tolu,,,,,,
https://goldapple.ru/19000482897-hydra,,,,,,
https://goldapple.ru/19760310593-guilty-pour-homme,,,,,,
https://goldapple.ru/19000311812-composition-2,,,,,,
https://goldapple.ru/19000318462-original,,,,,,
https://goldapple.ru/19000407398-elegant-fougere,,,,,,
https://goldapple.ru/19000139488-mistero,,,,,,
https://goldapple.ru/19000471779-perfumed,,,,,,
https://goldapple.ru/99000152705-maison-berger-paris-mystic-leather,,,,,,
https://goldapple.ru/19000001904-smoky-spices,,,,,,
https://goldapple.ru/19000311849-black-phantom,,,,,,
https://goldapple.ru/19000477894-rose-island,,,,,,
https://goldapple.ru/19000159258-nirvanesque,,,,,,
https://goldapple.ru/19000306781-la-seine,,,,,,
https://goldapple.ru/19760305898-moon-carnival,,,,,,
https://goldapple.ru/19000429222-black-pepper-neroli,,,,,,
https://goldapple.ru/99000057509-pink-pearl-luxury-collection,,,,,,
https://goldapple.ru/19000013023-hacivat-ani,,,,,,
https://goldapple.ru/19000440473-stereotype-unframe,,,,,,
https://goldapple.ru/19000287581-tobacco-vanille,,,,,,
https://goldapple.ru/19000163638-heretic-gardenia,,,,,,
https://goldapple.ru/19000463929-reprise,,,,,,
https://goldapple.ru/19000327685-a-la-rose,,,,,,
https://goldapple.ru/99000117155-night-discover,,,,,,
https://goldapple.ru/99000101448-green-mango,,,,,,
https://goldapple.ru/19000233618-mango-kiwi,,,,,,
https://goldapple.ru/19000322819-blu-mediterraneo-fico-di-amalfi,,,,,,
https://goldapple.ru/19000249287-dark-night-gloss,,,,,,
https://goldapple.ru/19000199656-le-roi-louis-xiv,,,,,,
https://goldapple.ru/82400100004-24-old-bond-street,,,,,,
https://goldapple.ru/19000330525-old-fashioned,,,,,,
https://goldapple.ru/19000382528-electro-touch,,,,,,
https://goldapple.ru/19000296808-p-nebulas,,,,,,
https://goldapple.ru/99000081627-grejpfrut-i-mimoza,,,,,,
https://goldapple.ru/99000004560-it-s-not-a-mess,,,,,,
https://goldapple.ru/19000085072-lemongrass-bergamot,,,,,,
https://goldapple.ru/19000451216-no10-13,,,,,,
https://goldapple.ru/99000061473-jacmine-blossom,,,,,,
https://goldapple.ru/19000311847-angels-share-refill,,,,,,
https://goldapple.ru/83730200002-jasminisha,,,,,,
https://goldapple.ru/19000203327-serenitas,,,,,,
https://goldapple.ru/99000047658-no3-mango-bliss,,,,,,
https://goldapple.ru/19760331243-oakmoss-amber,,,,,,
https://goldapple.ru/99000084330-den-v-spa,,,,,,
https://goldapple.ru/19000205796-cistyj-hlopok,,,,,,
https://goldapple.ru/19000010528-aldheyx,,,,,,
https://goldapple.ru/99000132219-rozovyj-kvarc,,,,,,
https://goldapple.ru/19000258648-a-kiss-from-a-rose,,,,,,
https://goldapple.ru/19760301695-vanilla-blend,,,,,,
https://goldapple.ru/19000180896-1805,,,,,,
https://goldapple.ru/19000118957-tuberose-overdose,,,,,,
https://goldapple.ru/19000189911-solaris,,,,,,
https://goldapple.ru/19000440618-7-vinograd-muskat,,,,,,
https://goldapple.ru/19000461137-monstre-noir,,,,,,
https://goldapple.ru/19000328394-bain-de-nature-raspberry,,,,,,
https://goldapple.ru/80117200001-ck-one,,,,,,
https://goldapple.ru/19000118654-pomegranate,,,,,,
https://goldapple.ru/19000456752-duchess-rose-constance,,,,,,
https://goldapple.ru/19000435753-lotus-et-fleur-de-frangipanier,,,,,,
https://goldapple.ru/19000084164-peach-passion-fruit-musk,,,,,,
https://goldapple.ru/19000296568-korica,,,,,,
https://goldapple.ru/19000451165-no13-30,,,,,,
https://goldapple.ru/19000402538-lady-glitter,,,,,,
https://goldapple.ru/19000327400-dla-bliznecov,,,,,,
https://goldapple.ru/19000191500-hacivat-x,,,,,,
https://goldapple.ru/19000436935-marbre-rouge-303,,,,,,
https://goldapple.ru/99000037959-africa,,,,,,
https://goldapple.ru/19000429574-burberry-for-women,,,,,,
https://goldapple.ru/19000355391-sparkling-jo,,,,,,
https://goldapple.ru/19000360656-chimilka,,,,,,
https://goldapple.ru/19000234937-santal,,,,,,
https://goldapple.ru/19000463498-portrait-of-a-lady-bath-body-set,,,,,,
https://goldapple.ru/19000064864-white-ice-queen,,,,,,
https://goldapple.ru/19000192212-herbal-organic,,,,,,
https://goldapple.ru/99000150152-mino-delicate-l-gold-cranberry-prosecco,,,,,,
https://goldapple.ru/19000010703-les-eaux-d-un-instant-splendid-orange-blossom,,,,,,
https://goldapple.ru/19000191694-secret-woods,,,,,,
https://goldapple.ru/19000118993-princess,,,,,,
https://goldapple.ru/99000040192-tobacco-bay-leaf,,,,,,
https://goldapple.ru/19000327403-dla-tel-cov,,,,,,
https://goldapple.ru/19000455624-debor-under-illusion,,,,,,
https://goldapple.ru/26802400001-gentle-fluidity-gold,,,,,,
https://goldapple.ru/26772400003-cedrat-boise,,,,,,
https://goldapple.ru/19000249534-grounding,,,,,,
https://goldapple.ru/19000062939-p005,,,,,,
https://goldapple.ru/19000153999-aegyptus,,,,,,
https://goldapple.ru/19000486222-la-figue,,,,,,
https://goldapple.ru/19000472421-sweet-lady,,,,,,
https://goldapple.ru/19000125032-endymion,,,,,,
https://goldapple.ru/19000426337-pure-extreme-nectar,,,,,,
https://goldapple.ru/19000325607-black-phantom,,,,,,
https://goldapple.ru/19000471826-coro,,,,,,
https://goldapple.ru/99000070826-intimate-intense-s-feromonami,,,,,,
https://goldapple.ru/19760300429-002-neroli-jasmin-ambre-blanc,,,,,,
https://goldapple.ru/19000308570-sweet-sensation,,,,,,
https://goldapple.ru/24863500001-212vip-black,,,,,,
https://goldapple.ru/19000502186-rp-paris-bella,,,,,,
https://goldapple.ru/26730700001-blanche,,,,,,
https://goldapple.ru/19000344518-moro-di-venezia,,,,,,
https://goldapple.ru/19000234961-green-mango,,,,,,
https://goldapple.ru/19000010907-rose-goldea-blossom-delight,,,,,,
https://goldapple.ru/19000360048-tuberose,,,,,,
https://goldapple.ru/19000132887-90-pure-white,,,,,,
https://goldapple.ru/19000051073-neutron,,,,,,
https://goldapple.ru/19000139493-purple-leather,,,,,,
https://goldapple.ru/19000077496-vanilla,,,,,,
https://goldapple.ru/19000112986-l-instant-homme-de-guerlain,,,,,,
https://goldapple.ru/19000424489-signorina-divina,,,,,,
https://goldapple.ru/26040200025-vanille-coso,,,,,,
https://goldapple.ru/19000440563-the-harmony,,,,,,
https://goldapple.ru/19000412934-rosso-nobile,,,,,,
https://goldapple.ru/19000215430-jasmine-orange-blossom,,,,,,
https://goldapple.ru/19000322190-charming-paris,,,,,,
https://goldapple.ru/99000066357-orehi-s-medom,,,,,,
https://goldapple.ru/19000349012-dark-amber,,,,,,
https://goldapple.ru/19000179923-saffron,,,,,,
https://goldapple.ru/19000203321-voluptas,,,,,,
https://goldapple.ru/82920100001-blessed-baraka,,,,,,
https://goldapple.ru/19000232742-urban-life,,,,,,
https://goldapple.ru/19000148499-muskus-i-vanil,,,,,,
https://goldapple.ru/19000454024-bazilik-tomatnyj-list-citrus,,,,,,
https://goldapple.ru/19000311815-composition-4,,,,,,
https://goldapple.ru/19000486988-warm-vanilla,,,,,,
https://goldapple.ru/19000196864-le-male-elixir,,,,,,
https://goldapple.ru/19000457167-cornflower,,,,,,
https://goldapple.ru/19000469382-alexandra,,,,,,
https://goldapple.ru/19760305887-125th-bloom,,,,,,
https://goldapple.ru/19000155914-imperiale-iris-malika,,,,,,
https://goldapple.ru/19000345829-pink-life,,,,,,
https://goldapple.ru/19000015901-mikado-oceano,,,,,,
https://goldapple.ru/19000356149-mentor,,,,,,
https://goldapple.ru/19000291933-apricot,,,,,,
https://goldapple.ru/19000348329-kyma,,,,,,
https://goldapple.ru/19000263810-blueberry-night,,,,,,
https://goldapple.ru/99000082121-sladkij-bal-zam-i-kade,,,,,,
https://goldapple.ru/82340400001-memoires-de-mustique,,,,,,
https://goldapple.ru/19000102327-kiss-my-name,,,,,,
https://goldapple.ru/19000118289-musc-invicible,,,,,,
https://goldapple.ru/19000320474-maverick-carbon,,,,,,
https://goldapple.ru/19000491032-kenzo-jungle-homme,,,,,,
https://goldapple.ru/19000470080-matreshka,,,,,,
https://goldapple.ru/19000439528-whispers-of-paris,,,,,,
https://goldapple.ru/19000402556-l-or-blanc-jasmin,,,,,,
https://goldapple.ru/19000099023-sandro,,,,,,
https://goldapple.ru/99000142097-vspomni-goracij-sokolad,,,,,,
https://goldapple.ru/19000210809-raspberries-and-herbs,,,,,,
https://goldapple.ru/19000013006-purple-222c,,,,,,
https://goldapple.ru/19000186572-pelle-rossa,,,,,,
https://goldapple.ru/19000374400-mango,,,,,,
https://goldapple.ru/7330400001-eclat-d-arpege,,,,,,
https://goldapple.ru/19000451191-no50-23,,,,,,
https://goldapple.ru/19000304466-rosa,,,,,,
https://goldapple.ru/19000456480-santal-wood,,,,,,
https://goldapple.ru/19000024557-highland,,,,,,
https://goldapple.ru/19000029929-divine-blossom,,,,,,
https://goldapple.ru/19000052224-white-chocola,,,,,,
https://goldapple.ru/19000329369-babylonia,,,,,,
https://goldapple.ru/19000035804-abloko-lotos,,,,,,
https://goldapple.ru/99000061171-morskie-mineraly,,,,,,
https://goldapple.ru/19000010953-allegra-patchouli-essence,,,,,,
https://goldapple.ru/19000038851-ylang-ylang,,,,,,
https://goldapple.ru/19000017909-eternal-rainbow,,,,,,
https://goldapple.ru/19000232657-dynamic-move-black,,,,,,
https://goldapple.ru/99000025139-blueberry-milkshake,,,,,,
https://goldapple.ru/19000470681-sense-of-warmness,,,,,,
https://goldapple.ru/19000424750-accord-tacite,,,,,,
https://goldapple.ru/19000334802-self-made,,,,,,
https://goldapple.ru/99000110860-champagne-rose,,,,,,
https://goldapple.ru/19000418578-coeur-de-petales,,,,,,
https://goldapple.ru/19000486226-la-rose,,,,,,
https://goldapple.ru/99000097974-tobacco-vanilla,,,,,,
https://goldapple.ru/99000034978-all-season-favourites,,,,,,
https://goldapple.ru/19000451158-no13-23,,,,,,
https://goldapple.ru/19000097048-parfum-9,,,,,,
https://goldapple.ru/26370700006-tobacco-vanille,,,,,,
https://goldapple.ru/19000392940-pour-homme,,,,,,
https://goldapple.ru/19000060195-summer-in-italy,,,,,,
https://goldapple.ru/26772500002-black-line,,,,,,
https://goldapple.ru/19000225780-date-in-paris,,,,,,
https://goldapple.ru/26164700001-mango-manga,,,,,,
https://goldapple.ru/19000451156-no13-21,,,,,,
https://goldapple.ru/19000358826-colonia-il-profumo,,,,,,
https://goldapple.ru/19000048060-sense-joyful,,,,,,
https://goldapple.ru/19000438811-sila-gor-no-2,,,,,,
https://goldapple.ru/19760327263-vetiver-sensuel,,,,,,
https://goldapple.ru/90150700003-rosemary-lemon-neroli,,,,,,
https://goldapple.ru/19000326757-forest-phytoncides,,,,,,
https://goldapple.ru/19000427685-velvet-iris,,,,,,
https://goldapple.ru/19760332181-body-paint,,,,,,
https://goldapple.ru/99000010156-olivier,,,,,,
https://goldapple.ru/19000125240-the-fortitude,,,,,,
https://goldapple.ru/19000257721-imagine-me,,,,,,
https://goldapple.ru/19000434154-la-niche-amber-osmanthus,,,,,,
https://goldapple.ru/99000133675-honey,,,,,,
https://goldapple.ru/19000486370-aponskij-pion-i-amarant,,,,,,
https://goldapple.ru/19000306076-cernoe-more,,,,,,
https://goldapple.ru/19000177537-watermelon-of-astrakhan,,,,,,
https://goldapple.ru/19000445870-dylan-purple,,,,,,
https://goldapple.ru/19000302279-lemongrass-and-green-tea,,,,,,
https://goldapple.ru/19000425933-the-cut,,,,,,
https://goldapple.ru/19000344529-xix-march,,,,,,
https://goldapple.ru/99000036810-grusa,,,,,,
https://goldapple.ru/26370700009-neroli-portofino,,,,,,
https://goldapple.ru/19000097911-edge-of-the-world,,,,,,
https://goldapple.ru/99000121852-drevesno-pranyj,,,,,,
https://goldapple.ru/24653000017-for-her-pure-musc,,,,,,
https://goldapple.ru/19000088275-lady-glitter,,,,,,
https://goldapple.ru/19000109667-sacred-groove,,,,,,
https://goldapple.ru/19000460656-love-don-t-be-shy-icon-set,,,,,,
https://goldapple.ru/99000073331-black-sea,,,,,,
https://goldapple.ru/99000034355-classic-1920,,,,,,
https://goldapple.ru/19000222198-danse-passive,,,,,,
https://goldapple.ru/19000067243-orange-rose,,,,,,
https://goldapple.ru/19000155418-vip,,,,,,
https://goldapple.ru/19000028981-lovely-garden,,,,,,
https://goldapple.ru/19000313983-strawberry,,,,,,
https://goldapple.ru/19000295856-nutmeg-leather-vanilla-sinij,,,,,,
https://goldapple.ru/19000076331-scottish-stout,,,,,,
https://goldapple.ru/99000025570-marino,,,,,,
https://goldapple.ru/99000078973-kasemir,,,,,,
https://goldapple.ru/19000279942-le-beau-paradise-garden,,,,,,
https://goldapple.ru/19000088281-oui-mon-amour,,,,,,
https://goldapple.ru/19000321510-nero-divino,,,,,,
https://goldapple.ru/19000080190-in-france-femme-fatale-hair-shampoo,,,,,,
https://goldapple.ru/19000380172-vetiver-de-la-reunion,,,,,,
https://goldapple.ru/19000258592-scandal-le-parfum,,,,,,
https://goldapple.ru/19000470746-santorini-bliss,,,,,,
https://goldapple.ru/19000032886-aswan,,,,,,
https://goldapple.ru/19000186121-edge-vetiver-black-cypress-sinaa,,,,,,
https://goldapple.ru/19000280251-gift-set-no1,,,,,,
https://goldapple.ru/19000438919-visna,,,,,,
https://goldapple.ru/19000284752-garden-mint,,,,,,
https://goldapple.ru/19000132713-nebula-tabacco-vanila,,,,,,
https://goldapple.ru/99000134731-champagne,,,,,,
https://goldapple.ru/19000206583-berlin-soul,,,,,,
https://goldapple.ru/19000451155-no13-20,,,,,,
https://goldapple.ru/99000133850-chalet,,,,,,
https://goldapple.ru/19000273301-cool-water-reborn,,,,,,
https://goldapple.ru/19000109139-no-7,,,,,,
https://goldapple.ru/99000110772-sweet-lolita-lempicka,,,,,,
https://goldapple.ru/19000017914-richness,,,,,,
https://goldapple.ru/19000144791-ibiza-laislablanca,,,,,,
https://goldapple.ru/19000143293-midnight-for-her,,,,,,
https://goldapple.ru/99000045122-ultimate-rosewater,,,,,,
https://goldapple.ru/19000453579-magnetism,,,,,,
https://goldapple.ru/99000031222-crystal-sandalwood,,,,,,
https://goldapple.ru/19000463918-decollete,,,,,,
https://goldapple.ru/19000461606-space-atom,,,,,,
https://goldapple.ru/19000348563-story-of-your-life,,,,,,
https://goldapple.ru/19000445882-pour-homme,,,,,,
https://goldapple.ru/99000134234-vspomni-dubovyj-moh-i-ambra,,,,,,
https://goldapple.ru/99000009840-quentin-01,,,,,,
https://goldapple.ru/19000150517-hemp-care-cbd-supreme,,,,,,
https://goldapple.ru/19000439869-black-moonlight,,,,,,
https://goldapple.ru/19000048691-mediterranean-blue,,,,,,
https://goldapple.ru/84230100005-no5,,,,,,
https://goldapple.ru/19000192232-champa,,,,,,
https://goldapple.ru/19000436585-samar,,,,,,
https://goldapple.ru/19000143296-pink-pop,,,,,,
https://goldapple.ru/82083100003-rose-of-no-man-s-land,,,,,,
https://goldapple.ru/19000122324-anny,,,,,,
https://goldapple.ru/19000141674-l-homme,,,,,,
https://goldapple.ru/19000470677-sense-of-security,,,,,,
https://goldapple.ru/19000020467-idylle,,,,,,
https://goldapple.ru/19000118736-venere,,,,,,
https://goldapple.ru/83710100005-totally-white-126,,,,,,
https://goldapple.ru/19000232574-roskosnyj-uhod-cvetusij-mindal,,,,,,
https://goldapple.ru/19000360687-agarvud,,,,,,
https://goldapple.ru/19000059098-epine-du-desert,,,,,,
https://goldapple.ru/19000247239-irresistible-very-floral,,,,,,
https://goldapple.ru/19000377273-k,,,,,,
https://goldapple.ru/99000108522-freesia-muse,,,,,,
https://goldapple.ru/19000059299-noble-collection-vii-queen-anne-rock-rose,,,,,,
https://goldapple.ru/19000120673-ormonde,,,,,,
https://goldapple.ru/19000357693-lovely-body,,,,,,
https://goldapple.ru/99000134230-vspomni-hram-na-bali,,,,,,
https://goldapple.ru/99000046190-passion,,,,,,
https://goldapple.ru/99000025567-bellissimo,,,,,,
https://goldapple.ru/82403400004-essential-collection-first-encounter-for-women,,,,,,
https://goldapple.ru/99000126269-taro-zvezda-apel-sin-i-korica,,,,,,
https://goldapple.ru/19000011145-cuir-tassili,,,,,,
https://goldapple.ru/19000268499-her-petals-limited-edition,,,,,,
https://goldapple.ru/99000073329-day-at-the-spa,,,,,,
https://goldapple.ru/83670200006-natural-elegance,,,,,,
https://goldapple.ru/19000184757-vida-loca-for-her,,,,,,
https://goldapple.ru/19760340138-in2u-her,,,,,,
https://goldapple.ru/99000005248-dune,,,,,,
https://goldapple.ru/19000451210-no10-06,,,,,,
https://goldapple.ru/19000214009-cinnamon-roll,,,,,,
https://goldapple.ru/57850200002-selkovye-ob-atia,,,,,,
https://goldapple.ru/19000118626-arborea,,,,,,
https://goldapple.ru/82091800002-1828-jules-verne,,,,,,
https://goldapple.ru/19000360690-sandal,,,,,,
https://goldapple.ru/19000349061-library,,,,,,
https://goldapple.ru/19000344526-torpe,,,,,,
https://goldapple.ru/99000150159-mino-black-mignonette-pear-in-brandy,,,,,,
https://goldapple.ru/19000478125-sport,,,,,,
https://goldapple.ru/99000034340-gioco-all-alba,,,,,,
https://goldapple.ru/19000344553-misiarte,,,,,,
https://goldapple.ru/19000440530-9-lavanda,,,,,,
https://goldapple.ru/99000070246-body-clean,,,,,,
https://goldapple.ru/19000203319-serenitas,,,,,,
https://goldapple.ru/19000402534-rouge-lipstick,,,,,,
https://goldapple.ru/19000352989-black-pepper-vetiver-neroli-amber,,,,,,
https://goldapple.ru/19000269137-lait-corps-parfume-neroli-dete,,,,,,
https://goldapple.ru/19000150519-hemp-care-cbd-supreme,,,,,,
https://goldapple.ru/19000285717-arabesque,,,,,,
https://goldapple.ru/99000045895-cherry-beans-tonka,,,,,,
https://goldapple.ru/99000042343-electric-vetiver,,,,,,
https://goldapple.ru/19000004549-perfume-vanilla-blend,,,,,,
https://goldapple.ru/99000110196-cherry,,,,,,
https://goldapple.ru/19000088686-wear-love-everywhere,,,,,,
https://goldapple.ru/99000067403-tawny,,,,,,
https://goldapple.ru/19000458006-crystal-noir,,,,,,
https://goldapple.ru/19000019531-leather-sandalwood-amber,,,,,,
https://goldapple.ru/19000413565-winged-heart,,,,,,
https://goldapple.ru/19000412472-malachite,,,,,,
https://goldapple.ru/19000213981-fresh-linen,,,,,,
https://goldapple.ru/82520100003-black-collection-4,,,,,,
https://goldapple.ru/19000378895-secret-garden,,,,,,
https://goldapple.ru/19000321508-bianco-divino,,,,,,
https://goldapple.ru/19000381059-g-025,,,,,,
https://goldapple.ru/19000161983-dark-amber,,,,,,
https://goldapple.ru/19000285595-vetiver-lemon-bergamot,,,,,,
https://goldapple.ru/19000440474-stereotype-sago,,,,,,
https://goldapple.ru/19000337975-03-active-energy,,,,,,
https://goldapple.ru/19000438924-cernyj-perec,,,,,,
https://goldapple.ru/99000024245-twelve-white,,,,,,
https://goldapple.ru/19000311987-nourishing-candle,,,,,,
https://goldapple.ru/19000271145-m-vanil-i-udovoe-derevo,,,,,,
https://goldapple.ru/99000002915-no1-al-ter-ego,,,,,,
https://goldapple.ru/19000453826-perfumer-s-gardens-sharming,,,,,,
https://goldapple.ru/19760300395-202-melon-d-eau-groseille-jasmin,,,,,,
https://goldapple.ru/99000127589-vanil-nyj-vihr,,,,,,
https://goldapple.ru/99000061638-peony,,,,,,
https://goldapple.ru/19000437921-forest-strawberry-vanilla-white-musk,,,,,,
https://goldapple.ru/19000444980-toy-2,,,,,,
https://goldapple.ru/19000027407-grafton,,,,,,
https://goldapple.ru/19000235313-bariq,,,,,,
https://goldapple.ru/99000093088-stenova-home-borsa-rosa,,,,,,
https://goldapple.ru/19000358824-ma-nature,,,,,,
https://goldapple.ru/19000312147-sorbetto,,,,,,
https://goldapple.ru/19000031686-tea-ceremony,,,,,,
https://goldapple.ru/19000090580-golden-skin,,,,,,
https://goldapple.ru/19000021509-vanilla-blend,,,,,,
https://goldapple.ru/19000406590-inspired-warmth-for-her,,,,,,
https://goldapple.ru/19000013947-luna-rossa-ocean,,,,,,
https://goldapple.ru/19000090581-dark-fantasy,,,,,,
https://goldapple.ru/19000031675-ostara-s-smile,,,,,,
https://goldapple.ru/19000407551-cinque-terre,,,,,,
https://goldapple.ru/19000294175-nutmeg-leather-vanilla-temno-sinij,,,,,,
https://goldapple.ru/19000264126-no4,,,,,,
https://goldapple.ru/99000113916-caviar,,,,,,
https://goldapple.ru/19000167948-black-orchid,,,,,,
https://goldapple.ru/19000032363-aroma-scast-e,,,,,,
https://goldapple.ru/99000037972-fleur,,,,,,
https://goldapple.ru/19000448665-cherry-kiss,,,,,,
https://goldapple.ru/83700400017-maserati,,,,,,
https://goldapple.ru/19000362426-1872-masculine,,,,,,
https://goldapple.ru/19000167370-san-t-stop-loving-you,,,,,,
https://goldapple.ru/19000260483-lusso,,,,,,
https://goldapple.ru/19000125367-nine,,,,,,
https://goldapple.ru/19000096267-40-hours-for-yourself,,,,,,
https://goldapple.ru/99000023738-tabak-i-lavrovyj-list,,,,,,
https://goldapple.ru/19000153567-unique-rosamonda,,,,,,
https://goldapple.ru/19000139504-there-s-a-place,,,,,,
https://goldapple.ru/19000424997-musk-orris-sandalwood,,,,,,
https://goldapple.ru/19000021503-orchid-vanilla-amber,,,,,,
https://goldapple.ru/19000349586-paris-l-a,,,,,,
https://goldapple.ru/19000412409-mystery,,,,,,
https://goldapple.ru/99000120068-gardenia-zasmin-sangri-la-nastoasij,,,,,,
https://goldapple.ru/82810100002-bois-d-hiver,,,,,,
https://goldapple.ru/19000196161-tabacco,,,,,,
https://goldapple.ru/99000006220-cistaa-radost,,,,,,
https://goldapple.ru/7180400004-212vip-rose,,,,,,
https://goldapple.ru/19000451157-no13-22,,,,,,
https://goldapple.ru/19000206606-romance-in-florence,,,,,,
https://goldapple.ru/99000073487-inzir-i-zasmin,,,,,,
https://goldapple.ru/26723600013-liaisons-dangereuses,,,,,,
https://goldapple.ru/19000472597-green-tea-apricot-basil-mandarin,,,,,,
https://goldapple.ru/27330200006-yin-transformation,,,,,,
https://goldapple.ru/19000220507-vieri,,,,,,
https://goldapple.ru/99000147331-sela-belosneznyj-hlopok,,,,,,
https://goldapple.ru/19000358613-lumineuse,,,,,,
https://goldapple.ru/99000032567-diamond,,,,,,
https://goldapple.ru/99000041634-palais-bahia,,,,,,
https://goldapple.ru/19000334790-cherry-amber,,,,,,
https://goldapple.ru/19000422954-color-pop-amur-glitter,,,,,,
https://goldapple.ru/19760332189-mango-skin,,,,,,
https://goldapple.ru/19000381341-nagchampa,,,,,,
https://goldapple.ru/19000007835-my-dynastie-princess,,,,,,
https://goldapple.ru/19000478112-lavande-rose-parfum,,,,,,
https://goldapple.ru/19000297734-ambra-i-tabak,,,,,,
https://goldapple.ru/19000418236-perfumer,,,,,,
https://goldapple.ru/19000232739-pure-for-him,,,,,,
https://goldapple.ru/19000343683-intense-saint-honore,,,,,,
https://goldapple.ru/19000432767-pompelmo-pepe-gun,,,,,,
https://goldapple.ru/19000284596-field,,,,,,
https://goldapple.ru/19000182791-decor-classic-quercea,,,,,,
https://goldapple.ru/19000365847-onde-di-tessuto,,,,,,
https://goldapple.ru/99000061175-salfej-i-lavanda,,,,,,
https://goldapple.ru/19000235130-blossom,,,,,,
https://goldapple.ru/19000472552-orencie,,,,,,
https://goldapple.ru/26424800008-signature-yuzu,,,,,,
https://goldapple.ru/19000310379-apel-sin-i-gardenia,,,,,,
https://goldapple.ru/19000471446-citrus-molecule,,,,,,
https://goldapple.ru/99000014750-bilet-v-pariz,,,,,,
https://goldapple.ru/99000107103-soho,,,,,,
https://goldapple.ru/19000088219-mat-limited,,,,,,
https://goldapple.ru/19000067250-green-apple-vanilla,,,,,,
https://goldapple.ru/99000038658-izabella,,,,,,
https://goldapple.ru/99000070832-moon-smell,,,,,,
https://goldapple.ru/19000321413-tabacco-1815,,,,,,
https://goldapple.ru/19000120349-hatkora-wood,,,,,,
https://goldapple.ru/19000196129-foglie-di-pomodoro,,,,,,
https://goldapple.ru/19000138153-sakura-dreams,,,,,,
https://goldapple.ru/19000303223-iris-boise,,,,,,
https://goldapple.ru/99000131570-hvojnyj-les,,,,,,
https://goldapple.ru/19000109145-no-14,,,,,,
https://goldapple.ru/19000486375-psihea,,,,,,
https://goldapple.ru/82081600001-italian-leather,,,,,,
https://goldapple.ru/19000048039-be-yourself-born-to-glow,,,,,,
https://goldapple.ru/19000487113-rose-pink-pepper,,,,,,
https://goldapple.ru/19000120748-arabian-vanilla,,,,,,
https://goldapple.ru/19000303227-soir-vert,,,,,,
https://goldapple.ru/19000273261-my,,,,,,
https://goldapple.ru/19000310352-apel-sin-i-gardenia,,,,,,
https://goldapple.ru/19000413557-sky-veil,,,,,,
https://goldapple.ru/19000319124-tobacco-vanille,,,,,,
https://goldapple.ru/19000125192-yama-rouge,,,,,,
https://goldapple.ru/19000295841-green-tea-pear-blossom-sinij,,,,,,
https://goldapple.ru/99000068078-bogemskaa-roza,,,,,,
https://goldapple.ru/7331100003-jeanne,,,,,,
https://goldapple.ru/99000024182-sinij-inej,,,,,,
https://goldapple.ru/19000312619-hidden-vibes,,,,,,
https://goldapple.ru/19000487610-dolce-gabbana-velvet-exotic-leather,,,,,,
https://goldapple.ru/19000494168-prive-seno-beauty,,,,,,
https://goldapple.ru/19000493605-lentropiste-semence-douce,,,,,,
https://goldapple.ru/19000232731-be-mindful,,,,,,
https://goldapple.ru/19000349011-salt-caramel,,,,,,
https://goldapple.ru/19000393482-integration,,,,,,
https://goldapple.ru/90151100006-rosemary-lemon-neroli,,,,,,
https://goldapple.ru/19000432266-sacred-trees-massasso,,,,,,
https://goldapple.ru/19000192241-greetings,,,,,,
https://goldapple.ru/19000375081-spiky-muse,,,,,,
https://goldapple.ru/19000408637-virgin-lemongrass,,,,,,
https://goldapple.ru/19000407565-wild-cherry,,,,,,
https://goldapple.ru/19000032871-no-6-hyssop-glass-candle,,,,,,
https://goldapple.ru/19000427686-velvet-iris,,,,,,
https://goldapple.ru/19000312207-the-silence,,,,,,
https://goldapple.ru/19000120795-altruist,,,,,,
https://goldapple.ru/19000122319-emily,,,,,,
https://goldapple.ru/19000280255-assorti-16,,,,,,
https://goldapple.ru/83250100003-velvet-collection-hili,,,,,,
https://goldapple.ru/19000311807-rea-silvia,,,,,,
https://goldapple.ru/19000467889-holly-jolly,,,,,,
https://goldapple.ru/19000383938-confidence,,,,,,
https://goldapple.ru/19000455555-clair-de-fleur,,,,,,
https://goldapple.ru/99000024651-vanilla-amber-musk,,,,,,
https://goldapple.ru/19000487603-dolce-gabbana-the-only-one-intense,,,,,,
https://goldapple.ru/84230100007-no7,,,,,,
https://goldapple.ru/19000378141-oceanic-amber,,,,,,
https://goldapple.ru/19000048049-mr-in-black,,,,,,
https://goldapple.ru/19000232221-patchouli-mania,,,,,,
https://goldapple.ru/99000075933-magia-utra,,,,,,
https://goldapple.ru/19000095379-pomegranate,,,,,,
https://goldapple.ru/99000034364-sushi-imperiale,,,,,,
https://goldapple.ru/19000315569-mango-orgasm,,,,,,
https://goldapple.ru/99000034360-cannabis,,,,,,
https://goldapple.ru/19000297748-rozovoe-sampanskoe,,,,,,
https://goldapple.ru/19000009164-white-metal-candle-ines,,,,,,
https://goldapple.ru/19000099014-sugar-maple,,,,,,
https://goldapple.ru/19000383231-h-alena-lavrent-eva-no-5,,,,,,
https://goldapple.ru/19000268515-hero,,,,,,
https://goldapple.ru/19000419834-orange-hyper-essence,,,,,,
https://goldapple.ru/19000015915-mikado-intense-vanilla,,,,,,
https://goldapple.ru/26772800002-aoud-blue-notes,,,,,,
https://goldapple.ru/83550200001-ananda,,,,,,
https://goldapple.ru/19000077503-fresh-cotton,,,,,,
https://goldapple.ru/99000093054-stenova-home-viaggio,,,,,,
https://goldapple.ru/7190300078-j-adore,,,,,,
https://goldapple.ru/19000408358-grusa-i-zelenyj-caj,,,,,,
https://goldapple.ru/26161100002-soleil-de-capri,,,,,,
https://goldapple.ru/7752600008-la-petite-robe-noire,,,,,,
https://goldapple.ru/19000320426-fleurs-blanches-epices,,,,,,
https://goldapple.ru/19000319086-the-dandy,,,,,,
https://goldapple.ru/19000051109-soli-flore,,,,,,
https://goldapple.ru/19000348247-cherry-ambergris,,,,,,
https://goldapple.ru/19000117825-aqua-majestae,,,,,,
https://goldapple.ru/19000374108-tiziana-terenzi-il-piacere,,,,,,
https://goldapple.ru/99000095217-u616,,,,,,
https://goldapple.ru/19000125351-one,,,,,,
https://goldapple.ru/83322000009-blackberry-bay,,,,,,
https://goldapple.ru/19000344477-hestia,,,,,,
https://goldapple.ru/26422400010-bergamotto-di-calabria,,,,,,
https://goldapple.ru/99000027997-valentina-you-are-so-cupid,,,,,,
https://goldapple.ru/19000328559-amwaaj,,,,,,
https://goldapple.ru/19000374540-together-naked-in-bed,,,,,,
https://goldapple.ru/19000453840-scentopia-o-02,,,,,,
https://goldapple.ru/99000096890-beloe-arkoe-derevo,,,,,,
https://goldapple.ru/19000283224-woods,,,,,,
https://goldapple.ru/19000381325-black-blossom,,,,,,
https://goldapple.ru/19000365801-tessuto-stile,,,,,,
https://goldapple.ru/19000452971-perfumery,,,,,,
https://goldapple.ru/26070100014-musk,,,,,,
https://goldapple.ru/19000457275-gold-talisman,,,,,,
https://goldapple.ru/19000032362-aroma-energia,,,,,,
https://goldapple.ru/19000483125-romantic-vetiver,,,,,,
https://goldapple.ru/99000123984-pistachios-heliotrope-caramel,,,,,,
https://goldapple.ru/19000120766-chypre-shot,,,,,,
https://goldapple.ru/19000118733-ostro,,,,,,
https://goldapple.ru/19000285474-patchouli-collection-molecule,,,,,,
https://goldapple.ru/19000203064-faces-of-francis,,,,,,
https://goldapple.ru/19000033108-moon-glory,,,,,,
https://goldapple.ru/19760301905-ambre-secret,,,,,,
https://goldapple.ru/99000093098-no88-garden,,,,,,
https://goldapple.ru/11950100093-seduction-in-black,,,,,,
https://goldapple.ru/26044300003-vanille-passion,,,,,,
https://goldapple.ru/99000118160-korica,,,,,,
https://goldapple.ru/19000004520-pear-inc,,,,,,
https://goldapple.ru/19000040862-tranquillity,,,,,,
https://goldapple.ru/19000487578-dolce-gabbana-devotion-for-men,,,,,,
https://goldapple.ru/99000038113-delicate-white-must,,,,,,
https://goldapple.ru/19000344476-hera,,,,,,
https://goldapple.ru/99000005123-soho,,,,,,
https://goldapple.ru/19000118787-venere,,,,,,
https://goldapple.ru/19000132719-grape-lemongrass,,,,,,
https://goldapple.ru/19000463180-zasmin-apel-sin-i-vanil,,,,,,
https://goldapple.ru/19000455136-white-sage-neroli,,,,,,
https://goldapple.ru/83690100018-zenne,,,,,,
https://goldapple.ru/99000090079-sobranie-4,,,,,,
https://goldapple.ru/19000440508-6-mango,,,,,,
https://goldapple.ru/19000053433-ii-iv-kintsugi-by-vanina-muracciole,,,,,,
https://goldapple.ru/19000382674-drunk-lovers,,,,,,
https://goldapple.ru/19000487621-dolce-gabbana-limperatrice,,,,,,
https://goldapple.ru/19000413509-blue-waterfall,,,,,,
https://goldapple.ru/19000212708-balans,,,,,,
https://goldapple.ru/99000082837-krasnyj-perec-i-kardamon,,,,,,
https://goldapple.ru/99000152965-floral-glaze,,,,,,
https://goldapple.ru/19000009521-timbuktu,,,,,,
https://goldapple.ru/99000052783-soversenno-vse-mini,,,,,,
https://goldapple.ru/19000219525-lalic-egg,,,,,,
https://goldapple.ru/26142800001-cocaine,,,,,,
https://goldapple.ru/19000074537-delicate-grapefruit,,,,,,
https://goldapple.ru/99000009533-gold-amber,,,,,,
https://goldapple.ru/19000319610-amber-kroud,,,,,,
https://goldapple.ru/19000476939-loewe-un-paseo-por-madrid-la-bella-cibeles,,,,,,
https://goldapple.ru/19000192627-devil-s-intrigue,,,,,,
https://goldapple.ru/99000157112-maag-fleur-pure,,,,,,
https://goldapple.ru/19000247808-uomo,,,,,,
https://goldapple.ru/19000394655-ginza-night,,,,,,
https://goldapple.ru/82510300004-oud-save-the-king,,,,,,
https://goldapple.ru/19000175172-straight-to-heaven-travel-set,,,,,,
https://goldapple.ru/19000428721-man-in-black,,,,,,
https://goldapple.ru/99000024131-unsainted,,,,,,
https://goldapple.ru/19000109090-sensual,,,,,,
https://goldapple.ru/82081900002-marfa,,,,,,
https://goldapple.ru/19000132110-anahata,,,,,,
https://goldapple.ru/19000402543-sublimissime,,,,,,
https://goldapple.ru/19000356705-aegean-bronze,,,,,,
https://goldapple.ru/19000160956-urban-hero-gold-edition,,,,,,
https://goldapple.ru/19000312138-crazy-tropic,,,,,,
https://goldapple.ru/19000422460-tabak-visna,,,,,,
https://goldapple.ru/19000191225-why-not-a-fougere,,,,,,
https://goldapple.ru/19000479889-cozy-fire,,,,,,
https://goldapple.ru/19000421470-soconut-caramel,,,,,,
https://goldapple.ru/19000342029-wulong-cha,,,,,,
https://goldapple.ru/19000321551-vento-di-mare,,,,,,
https://goldapple.ru/19000163636-silver-illusion,,,,,,
https://goldapple.ru/19000033319-incense-anna,,,,,,
https://goldapple.ru/99000053855-active-fresh,,,,,,
https://goldapple.ru/19760328388-hugo-iced,,,,,,
https://goldapple.ru/19000013005-living-coral-16-1546,,,,,,
https://goldapple.ru/90150600004-vanilla-blend,,,,,,
https://goldapple.ru/99000146443-by-kaori-garden-mint,,,,,,
https://goldapple.ru/19000023481-the-moon,,,,,,
https://goldapple.ru/99000032751-tesoro-mio,,,,,,
https://goldapple.ru/19000222466-bonbon-pop,,,,,,
https://goldapple.ru/19000445877-eros,,,,,,
https://goldapple.ru/19000246359-no-7,,,,,,
https://goldapple.ru/19000383939-in-the-woods,,,,,,
https://goldapple.ru/99000037816-dubai,,,,,,
https://goldapple.ru/99000123075-aroma-sf50,,,,,,
https://goldapple.ru/19000063330-derby,,,,,,
https://goldapple.ru/19000383233-h-alena-lavrent-eva-no-7,,,,,,
https://goldapple.ru/19000298633-blanc-l-12-12,,,,,,
https://goldapple.ru/19000235961-opus-xii-rose-incense,,,,,,
https://goldapple.ru/19000084111-tobacco-amber-patchouli,,,,,,
https://goldapple.ru/19000148503-tabak-i-bergamot,,,,,,
https://goldapple.ru/19000352991-butterfly,,,,,,
https://goldapple.ru/19000427581-lady-blooming,,,,,,
https://goldapple.ru/19000155812-l-eau-revee-d-eliya,,,,,,
https://goldapple.ru/19000155397-sweet-biscuits,,,,,,
https://goldapple.ru/19000268050-24-wood,,,,,,
https://goldapple.ru/99000108527-green-tea-and-vanilla,,,,,,
https://goldapple.ru/7195700005-poison-girl,,,,,,
https://goldapple.ru/19000044249-dancing-queen,,,,,,
https://goldapple.ru/19000486989-dark-opium,,,,,,
https://goldapple.ru/19000445872-dylan-blue-pour-femme,,,,,,
https://goldapple.ru/19000370158-devotion,,,,,,
https://goldapple.ru/19760316187-chicago-high,,,,,,
https://goldapple.ru/19000482140-cernyj-perec-i-ambra,,,,,,
https://goldapple.ru/19000231989-elle-3-imperatrice,,,,,,
https://goldapple.ru/99000128752-amazonka-59,,,,,,
https://goldapple.ru/19760300420-901-muscade-amande-patchouli,,,,,,
https://goldapple.ru/99000041505-apres-ski,,,,,,
https://goldapple.ru/19000041894-702-encens-lavande-bois-de-cachemire,,,,,,
https://goldapple.ru/15040900014-homme-after-shave-balm,,,,,,
https://goldapple.ru/19000414339-prosecco-peach,,,,,,
https://goldapple.ru/19000015903-mikado-lavender,,,,,,
https://goldapple.ru/99000007704-pear-bergamote-lily,,,,,,
https://goldapple.ru/19000179911-calendula,,,,,,
https://goldapple.ru/19000230017-ripe-grape,,,,,,
https://goldapple.ru/19000234976-meditation,,,,,,
https://goldapple.ru/99000126053-tobacco-vanilla,,,,,,
https://goldapple.ru/7754100001-l-homme-ideal-intense,,,,,,
https://goldapple.ru/19000381335-tree-of-life,,,,,,
https://goldapple.ru/99000052885-superpowers,,,,,,
https://goldapple.ru/19000459028-musk-mandarin-santal,,,,,,
https://goldapple.ru/83140800001-heroine,,,,,,
https://goldapple.ru/99000026296-mimosa-lila,,,,,,
https://goldapple.ru/19000432262-stones-max-10-marble,,,,,,
https://goldapple.ru/19000196148-cotone,,,,,,
https://goldapple.ru/19000300650-cretus,,,,,,
https://goldapple.ru/19000473373-eau-so-free,,,,,,
https://goldapple.ru/19000213911-festive-spruce,,,,,,
https://goldapple.ru/19000032370-okeanskij-briz,,,,,,
https://goldapple.ru/19000450747-estrella-de-la-manana,,,,,,
https://goldapple.ru/19000268555-signature-intense-rose-naturel,,,,,,
https://goldapple.ru/19000204980-light-blue,,,,,,
https://goldapple.ru/19000453827-perfumer-s-gardens-luminous,,,,,,
https://goldapple.ru/19000440589-the-cynosure,,,,,,
https://goldapple.ru/19000437944-tobacco-vetiver,,,,,,
https://goldapple.ru/19000472546-bois-flotte,,,,,,
https://goldapple.ru/19000010392-blue-pop,,,,,,
https://goldapple.ru/19000264008-carousel-bourbon-vanilla,,,,,,
https://goldapple.ru/19000162072-island-lush,,,,,,
https://goldapple.ru/19000038885-watermelon,,,,,,
https://goldapple.ru/26290900003-for-him-bleu-noir,,,,,,
https://goldapple.ru/19760334708-proserpina,,,,,,
https://goldapple.ru/99000040451-old-money-no99,,,,,,
https://goldapple.ru/19000445873-dylan-purple,,,,,,
https://goldapple.ru/19000349577-clandestine-rendez-vous,,,,,,
https://goldapple.ru/19000327281-saffron-grey-amber,,,,,,
https://goldapple.ru/99000122787-fantasy-christmas-tree,,,,,,
https://goldapple.ru/19000271840-vanilla-swirl,,,,,,
https://goldapple.ru/19000193716-cuir-de-nuit-eau-de-parfum,,,,,,
https://goldapple.ru/19000427587-akigala-mandarino,,,,,,
https://goldapple.ru/19000139406-eau-de-parfum-e-motion,,,,,,
https://goldapple.ru/19000212642-cafe-rose,,,,,,
https://goldapple.ru/19000308553-code-37,,,,,,
https://goldapple.ru/19000487602-dolce-gabbana-the-only-one-intense,,,,,,
https://goldapple.ru/19000406582-true-instinct,,,,,,
https://goldapple.ru/19000440537-18-osmantus-i-narciss,,,,,,
https://goldapple.ru/19000494572-frederic-malle-portrait-of-a-lady,,,,,,
https://goldapple.ru/19000381047-g-003,,,,,,
https://goldapple.ru/99000064140-blossom-charming-peony,,,,,,
https://goldapple.ru/19000421293-mirto-di-panarea-la-riserva,,,,,,
https://goldapple.ru/26291300001-or-noir,,,,,,
https://goldapple.ru/19000052926-los-santos,,,,,,
https://goldapple.ru/81961700004-private-collection-i-woody-floral,,,,,,
https://goldapple.ru/19000227735-moss-and-fern,,,,,,
https://goldapple.ru/26371800001-oud-wood,,,,,,
https://goldapple.ru/19000344545-agape,,,,,,
https://goldapple.ru/19000402557-doux-baisers-sweet-kiss,,,,,,
https://goldapple.ru/19000105760-casa-futura,,,,,,
https://goldapple.ru/99000059029-prima,,,,,,
https://goldapple.ru/19000249338-energy,,,,,,
https://goldapple.ru/19000360592-fortuitous-finley,,,,,,
https://goldapple.ru/19000058278-paris,,,,,,
https://goldapple.ru/19000454859-simply-for-him,,,,,,
https://goldapple.ru/19000010697-les-eaux-d-un-instant-instinctive-marine,,,,,,
https://goldapple.ru/19000263265-2010,,,,,,
https://goldapple.ru/19000085058-tobacco-vanilla,,,,,,
https://goldapple.ru/99000128236-parfumernaa-voda-love-republic-white-10-ml,,,,,,
https://goldapple.ru/19000141106-zen-relax,,,,,,
https://goldapple.ru/99000014056-papirus-patchouli-vanilla,,,,,,
https://goldapple.ru/19000257719-conquer-me,,,,,,
https://goldapple.ru/19000152485-tender,,,,,,
https://goldapple.ru/19000288014-chill-manifest,,,,,,
https://goldapple.ru/19000501700-borntostandout-candy-dust,,,,,,
https://goldapple.ru/99000110983-warm-croissant,,,,,,
https://goldapple.ru/19000352994-helix,,,,,,
https://goldapple.ru/19000090640-valery,,,,,,
https://goldapple.ru/19000257641-la-danza-delle-libellule,,,,,,
https://goldapple.ru/99000028708-mix-5,,,,,,
https://goldapple.ru/19000122361-cold-cherry,,,,,,
https://goldapple.ru/99000054809-calumma,,,,,,
https://goldapple.ru/19000051891-berlin,,,,,,
https://goldapple.ru/19000061962-space,,,,,,
https://goldapple.ru/19000455286-angels-share-on-the-rocks,,,,,,
https://goldapple.ru/26163300001-roses-musk,,,,,,
https://goldapple.ru/19000293765-bergamot,,,,,,
https://goldapple.ru/26550200008-hermann-a-mes-cotes-me-paraissait-une-ombre,,,,,,
https://goldapple.ru/19000141095-cotton-flower,,,,,,
https://goldapple.ru/19000427089-cafe-gourmand-mille-feuille,,,,,,
https://goldapple.ru/19000297766-bulocka-s-koricej,,,,,,
https://goldapple.ru/19000222738-bois-belize-intense,,,,,,
https://goldapple.ru/19000306783-saint-louis,,,,,,
https://goldapple.ru/19000155411-cashmere,,,,,,
https://goldapple.ru/19000182872-pearls-white-pearls,,,,,,
https://goldapple.ru/99000066185-vlublennost,,,,,,
https://goldapple.ru/19000469400-veronica,,,,,,
https://goldapple.ru/19000492010-tom-tailor-dream-to-be,,,,,,
https://goldapple.ru/19000392869-grapefruit-cedar,,,,,,
https://goldapple.ru/19000266624-red-deluxe,,,,,,
https://goldapple.ru/19000257130-classic-suit,,,,,,
https://goldapple.ru/19000285473-patchouli-collection-la-fusion,,,,,,
https://goldapple.ru/19000342017-ani-x,,,,,,
https://goldapple.ru/19000118755-fig-milk,,,,,,
https://goldapple.ru/19000494170-emper-couture-aliyah,,,,,,
https://goldapple.ru/19000064859-mademoiselle-private-collection-14,,,,,,
https://goldapple.ru/99000068084-tabak-vanil-i-specii,,,,,,
https://goldapple.ru/19000239671-maison-la-fete-de-la-rose,,,,,,
https://goldapple.ru/19000203332-serenitas,,,,,,
https://goldapple.ru/99000134235-kasemir-i-sliva,,,,,,
https://goldapple.ru/19000300856-tobacco-vanilla,,,,,,
https://goldapple.ru/19000178917-my-sweetest-morphine,,,,,,
https://goldapple.ru/19000192246-dark-cinnamon,,,,,,
https://goldapple.ru/19000466113-femme-naturelle-rose,,,,,,
https://goldapple.ru/19000005046-aire-sutileza,,,,,,
https://goldapple.ru/19000392866-centifolia-rhubarb,,,,,,
https://goldapple.ru/19000358342-sweet-vanilla,,,,,,
https://goldapple.ru/99000059762-exotic-maldives,,,,,,
https://goldapple.ru/19000501843-acqua-di-parma-arancia-di-capri,,,,,,
https://goldapple.ru/19000303158-abed,,,,,,
https://goldapple.ru/80620800003-izia,,,,,,
https://goldapple.ru/19000421477-cherry-boo,,,,,,
https://goldapple.ru/19000471487-yum-me-sunny,,,,,,
https://goldapple.ru/19000344531-delox,,,,,,
https://goldapple.ru/19000472779-rosewood-cashmere,,,,,,
https://goldapple.ru/83830100010-terra-intesa,,,,,,
https://goldapple.ru/19000448526-city-sexy-be-a-flame,,,,,,
https://goldapple.ru/83730200001-alma-pure,,,,,,
https://goldapple.ru/19000311836-estroverso,,,,,,
https://goldapple.ru/19000232575-uvlaznausij-pion-i-maslo-rozy,,,,,,
https://goldapple.ru/82081900001-ilha-do-mel,,,,,,
https://goldapple.ru/19000378841-creation-set-02-essential-trio-collection,,,,,,
https://goldapple.ru/19000007928-enigma-for-her,,,,,,
https://goldapple.ru/19000419628-tobacco-vanilla,,,,,,
https://goldapple.ru/19000125958-spontaneous-generosity,,,,,,
https://goldapple.ru/19000322299-vetiver-lemon,,,,,,
https://goldapple.ru/19000143287-fleurs-de-mon-jardin,,,,,,
https://goldapple.ru/19000459169-noir-extreme,,,,,,
https://goldapple.ru/19000348510-angel-s-powder,,,,,,
https://goldapple.ru/7385600001-emporio-stronger-with-you,,,,,,
https://goldapple.ru/99000083091-no-4,,,,,,
https://goldapple.ru/19000365675-cocktail-de-minuit,,,,,,
https://goldapple.ru/19000433282-derevenskij-domik-rozovyj,,,,,,
https://goldapple.ru/19000455574-cuir-d-italie,,,,,,
https://goldapple.ru/19000334200-bois-de-mangrove,,,,,,
https://goldapple.ru/19000296738-strawberry,,,,,,
https://goldapple.ru/19000234925-bamboo,,,,,,
https://goldapple.ru/19000345280-vanda,,,,,,
https://goldapple.ru/7030300002-boss-bottled,,,,,,
https://goldapple.ru/19000310382-ozon-i-roza,,,,,,
https://goldapple.ru/99000010921-monarda,,,,,,
https://goldapple.ru/19000424764-h1-heart,,,,,,
https://goldapple.ru/19000442835-musk-therapy,,,,,,
https://goldapple.ru/19000316369-marie,,,,,,
https://goldapple.ru/19000109661-divina-marchesa,,,,,,
https://goldapple.ru/19000275206-orange-vetiver,,,,,,
https://goldapple.ru/19000166818-blockade,,,,,,
https://goldapple.ru/19000155409-sweet-biscuits,,,,,,
https://goldapple.ru/19000048489-aroma-candle-freshly-cut-grass,,,,,,
https://goldapple.ru/27321100007-white-sandalwood,,,,,,
https://goldapple.ru/7381700002-code-donna,,,,,,
https://goldapple.ru/19000444979-cheap-chic-i-love-love,,,,,,
https://goldapple.ru/99000090401-blagorodnyj-ud,,,,,,
https://goldapple.ru/19000342016-ani,,,,,,
https://goldapple.ru/19000017916-topless,,,,,,
https://goldapple.ru/19000118643-limonaia,,,,,,
https://goldapple.ru/99000150156-mino-less-solace-romantic-pink-cranberry-prosecco,,,,,,
https://goldapple.ru/19000421316-clean-soap,,,,,,
https://goldapple.ru/26104400001-almas,,,,,,
https://goldapple.ru/19000189884-orange-jasmine-vanilla,,,,,,
https://goldapple.ru/26070100006-etra-etro,,,,,,
https://goldapple.ru/19000365183-la-petite-robe-noire,,,,,,
https://goldapple.ru/99000095110-w325,,,,,,
https://goldapple.ru/99000024786-blackberry,,,,,,
https://goldapple.ru/19000499325-love-is-strawberry-heartbeat,,,,,,
https://goldapple.ru/19000154593-kintsugi,,,,,,
https://goldapple.ru/82091800001-1828-jules-verne,,,,,,
https://goldapple.ru/19000196142-tabacco,,,,,,
https://goldapple.ru/19000424769-sunrise-to-sunset,,,,,,
https://goldapple.ru/99000037527-jurua,,,,,,
https://goldapple.ru/83690100001-wulong-cha,,,,,,
https://goldapple.ru/19000374360-lemongrass,,,,,,
https://goldapple.ru/19000450783-fleur-des-fleurs,,,,,,
https://goldapple.ru/19000448529-city-sexy-like-me,,,,,,
https://goldapple.ru/99000073819-amber-pepper,,,,,,
https://goldapple.ru/19760310044-l-ame-slave,,,,,,
https://goldapple.ru/26291300008-indian-venus,,,,,,
https://goldapple.ru/19000155412-cozy-home,,,,,,
https://goldapple.ru/19000413533-cashmere-beige,,,,,,
https://goldapple.ru/19000311737-tabak-vanil-i-drevesnye-noty,,,,,,
https://goldapple.ru/19000199657-oriental-rose,,,,,,
https://goldapple.ru/19000400102-all-of-me,,,,,,
https://goldapple.ru/19000487597-dolce-gabbana-q,,,,,,
https://goldapple.ru/19000021499-moss,,,,,,
https://goldapple.ru/19000337974-02-extra-fresh,,,,,,
https://goldapple.ru/19000179902-lavender,,,,,,
https://goldapple.ru/19000088263-fairy-land,,,,,,
https://goldapple.ru/19000342356-candy-bloom,,,,,,
https://goldapple.ru/99000104273-black-opium,,,,,,
https://goldapple.ru/19000360049-tobacco-and-bergamot,,,,,,
https://goldapple.ru/19000058272-tokyo,,,,,,
https://goldapple.ru/99000055704-tobacco-vanilla,,,,,,
https://goldapple.ru/19000428861-banana-moisturizing-and-radiance,,,,,,
https://goldapple.ru/19000127427-soy-candle-let-it-snow,,,,,,
https://goldapple.ru/19000154004-japanise-rituals,,,,,,
https://goldapple.ru/19760325755-cernye,,,,,,
https://goldapple.ru/19000316371-sansa,,,,,,
https://goldapple.ru/19000138441-dylan-purple-pour-femme,,,,,,
https://goldapple.ru/99000131843-baguette,,,,,,
https://goldapple.ru/99000139490-lovely-day-spring-jasmine,,,,,,
https://goldapple.ru/80791700003-l-homme,,,,,,
https://goldapple.ru/19000455545-vulcan,,,,,,
https://goldapple.ru/19000235139-man-x,,,,,,
https://goldapple.ru/19000451212-no10-09,,,,,,
https://goldapple.ru/19000031684-inner-voice,,,,,,
https://goldapple.ru/19000406578-not-for-everybody-woman,,,,,,
https://goldapple.ru/19000220502-ruy-lopez,,,,,,
https://goldapple.ru/99000073820-tobacco-vanille,,,,,,
https://goldapple.ru/19000084232-guilty,,,,,,
https://goldapple.ru/19000118594-moro,,,,,,
https://goldapple.ru/19000084288-marcelle,,,,,,
https://goldapple.ru/19000238666-dangerous-complicity,,,,,,
https://goldapple.ru/19000444978-cheap-chic,,,,,,
https://goldapple.ru/27321100002-blue-cypress,,,,,,
https://goldapple.ru/19000164111-seeing-double,,,,,,
https://goldapple.ru/19000487576-dolce-gabbana-light-blue-pour-homme,,,,,,
https://goldapple.ru/19000292392-l-evidence,,,,,,
https://goldapple.ru/19000352202-homme-parfum,,,,,,
https://goldapple.ru/19000301857-white-flowers,,,,,,
https://goldapple.ru/19000073042-to-my-father,,,,,,
https://goldapple.ru/19000329373-nawab-of-oudh,,,,,,
https://goldapple.ru/19000172693-parfum-18,,,,,,
https://goldapple.ru/19760324264-sedley,,,,,,
https://goldapple.ru/19000391310-tart-cherry,,,,,,
https://goldapple.ru/19000062935-p001,,,,,,
https://goldapple.ru/19000436999-encens-suave,,,,,,
https://goldapple.ru/19000196914-aqua-allegoria-forte-bosca-vanilla,,,,,,
https://goldapple.ru/19000398523-teriaq,,,,,,
https://goldapple.ru/19000386301-pion-verbena-apel-sin-grejpfrut,,,,,,
https://goldapple.ru/83321900002-lime-basil-mandarin-shower-scrub,,,,,,
https://goldapple.ru/19000120304-amber-santal,,,,,,
https://goldapple.ru/19000268019-fairy,,,,,,
https://goldapple.ru/99000112242-alhimia-uspeha,,,,,,
https://goldapple.ru/19000246361-no-5,,,,,,
https://goldapple.ru/19000120793-fougair,,,,,,
https://goldapple.ru/19000451538-adore,,,,,,
https://goldapple.ru/19000311068-saffron-leather-smoke,,,,,,
https://goldapple.ru/19000031678-evergreen,,,,,,
https://goldapple.ru/19000327443-muguet-eau-fraiche,,,,,,
https://goldapple.ru/19000139481-juniper-wood,,,,,,
https://goldapple.ru/19000131306-ancient-oakwoods,,,,,,
https://goldapple.ru/19000182866-les-exclusives-platinum,,,,,,
https://goldapple.ru/19000236989-orange-oakmoss,,,,,,
https://goldapple.ru/19000302294-teakwood-and-tobacco,,,,,,
https://goldapple.ru/19000227757-freshly-cut-grass,,,,,,
https://goldapple.ru/99000147317-sela-dymcatyj-zakkard,,,,,,
https://goldapple.ru/83290100016-amber-malaki,,,,,,
https://goldapple.ru/19000468108-bosco,,,,,,
https://goldapple.ru/19000293965-wooden-pion,,,,,,
https://goldapple.ru/19000004524-black-citrus,,,,,,
https://goldapple.ru/19000439080-chanvre-sauvage,,,,,,
https://goldapple.ru/19000394831-montabaco-aruba,,,,,,
https://goldapple.ru/19000044722-moscow-mule,,,,,,
https://goldapple.ru/19000365824-bianco-d-oud,,,,,,
https://goldapple.ru/19000165733-good-girl-gone-bad,,,,,,
https://goldapple.ru/19000374408-cernaa-smorodina,,,,,,
https://goldapple.ru/99000115595-novogodnaa-goracee-kakao,,,,,,
https://goldapple.ru/19000172692-parfum-13,,,,,,
https://goldapple.ru/99000009838-paolo-01,,,,,,
https://goldapple.ru/19000472425-wild-man,,,,,,
https://goldapple.ru/19000020470-champs-elysees,,,,,,
https://goldapple.ru/19000354567-bali-hai,,,,,,
https://goldapple.ru/99000035618-eterno-extrait-de-parfum,,,,,,
https://goldapple.ru/19000097902-la-fruta-prohibida,,,,,,
https://goldapple.ru/19000501715-vilhelm-parfumerie-dear-lord,,,,,,
https://goldapple.ru/19000139060-whisper,,,,,,
https://goldapple.ru/99000156491-maag-drum-bass,,,,,,
https://goldapple.ru/19000144789-ibiza-flowerpower,,,,,,
https://goldapple.ru/19000253143-wildbloom-rouge,,,,,,
https://goldapple.ru/26730700007-mojave-ghost,,,,,,
https://goldapple.ru/19000332304-lunatique,,,,,,
https://goldapple.ru/19000477014-visionary-eye,,,,,,
https://goldapple.ru/19000006064-greenley,,,,,,
https://goldapple.ru/82680300002-united-dreams-love-yourself,,,,,,
https://goldapple.ru/19000197493-karma,,,,,,
https://goldapple.ru/19000334150-monday-rose,,,,,,
https://goldapple.ru/19000215960-cupid-cashmere-wood,,,,,,
https://goldapple.ru/19000261876-treasure,,,,,,
https://goldapple.ru/19000225181-musc-ambre-gris,,,,,,
https://goldapple.ru/19000426981-oakmoss-amber,,,,,,
https://goldapple.ru/19000154010-vanilla-gingert,,,,,,
https://goldapple.ru/19000256832-spa-time,,,,,,
https://goldapple.ru/99000082126-lilia-zasmin-roza-bergamot,,,,,,
https://goldapple.ru/19000038824-bois-de-oud,,,,,,
https://goldapple.ru/83321800009-peony-blush-suede,,,,,,
https://goldapple.ru/19000460368-vetiver-patchouli,,,,,,
https://goldapple.ru/19000190228-03-milky-silk-bath-bomb,,,,,,
https://goldapple.ru/19000370743-the-scent,,,,,,
https://goldapple.ru/19000295731-active-growth-and-length-preservation,,,,,,
https://goldapple.ru/99000059021-luck-sherry-fame-096,,,,,,
https://goldapple.ru/99000041630-agafay,,,,,,
https://goldapple.ru/19760301717-rosemary-lemon-neroli,,,,,,
https://goldapple.ru/19000436090-varvara,,,,,,
https://goldapple.ru/19000449407-gray,,,,,,
https://goldapple.ru/19000182861-les-exclusives-cyprium,,,,,,
https://goldapple.ru/19000011142-bois-d-enfants,,,,,,
https://goldapple.ru/19000203325-gaudium,,,,,,
https://goldapple.ru/19000454160-her,,,,,,
https://goldapple.ru/19000327439-cerisier,,,,,,
https://goldapple.ru/99000114134-moh-i-sandal,,,,,,
https://goldapple.ru/19760340015-beautiful-magnolia-edp,,,,,,
https://goldapple.ru/19000403774-eau-de-soleil-blanc,,,,,,
https://goldapple.ru/19000449098-black-tea,,,,,,
https://goldapple.ru/19000457274-floral-white,,,,,,
https://goldapple.ru/99000004708-warm-sandal,,,,,,
https://goldapple.ru/19000048604-white-tea,,,,,,
https://goldapple.ru/19000326802-no089-pine-voile,,,,,,
https://goldapple.ru/19000255285-tropic-narcotic,,,,,,
https://goldapple.ru/82400300006-carnal-flower,,,,,,
https://goldapple.ru/19000486980-dzen-meditation,,,,,,
https://goldapple.ru/7192200029-miss-dior,,,,,,
https://goldapple.ru/19000310344-narciss-i-neroli,,,,,,
https://goldapple.ru/19000325807-so-nude,,,,,,
https://goldapple.ru/83271600001-black-oud,,,,,,
https://goldapple.ru/19000235627-cocktail-maracuja,,,,,,
https://goldapple.ru/19000222802-fig-tea,,,,,,
https://goldapple.ru/19000368863-devotion-pour-homme,,,,,,
https://goldapple.ru/83460100002-unum-rosa-nigra,,,,,,
https://goldapple.ru/19000402025-dirty,,,,,,
https://goldapple.ru/19000469066-santal-sage,,,,,,
https://goldapple.ru/19000027104-tobacco-leather,,,,,,
https://goldapple.ru/19760332184-dear-polly,,,,,,
https://goldapple.ru/19000344479-mnemosine,,,,,,
https://goldapple.ru/19000317611-koza-i-drevesina,,,,,,
https://goldapple.ru/26031400001-ardent,,,,,,
https://goldapple.ru/19000451198-no20-04,,,,,,
https://goldapple.ru/19000203314-serenitas,,,,,,
https://goldapple.ru/19760332196-room-service,,,,,,
https://goldapple.ru/19000112931-eart,,,,,,
https://goldapple.ru/26044100001-vanille-extreme,,,,,,
https://goldapple.ru/99000115908-trojka-konej-krasnoe-vino-i-medovaa-sliva,,,,,,
https://goldapple.ru/19000268502-her,,,,,,
https://goldapple.ru/19000004545-tobacco-vetiver-amber,,,,,,
https://goldapple.ru/99000020845-sweet-escape-flower-dreams,,,,,,
https://goldapple.ru/19000234935-rosso,,,,,,
https://goldapple.ru/19000109138-no-6,,,,,,
https://goldapple.ru/19000391311-blush,,,,,,
https://goldapple.ru/19000337186-overdose,,,,,,
https://goldapple.ru/19000427063-encoder-unlimited,,,,,,
https://goldapple.ru/26770200002-wild-fruits,,,,,,
https://goldapple.ru/19000096264-pepper-bergamot,,,,,,
https://goldapple.ru/19000406574-not-for-everybody-magnetic-woman,,,,,,
https://goldapple.ru/19000337196-the-explorer,,,,,,
https://goldapple.ru/19000283221-symphonique,,,,,,
https://goldapple.ru/28330100008-no-7-le-sel-de-la-terre,,,,,,
https://goldapple.ru/19000381347-purple-jewel-dhoop-sticks,,,,,,
https://goldapple.ru/19000080183-in-france-lime-basil-body-wash,,,,,,
https://goldapple.ru/19000472679-doux-ennui,,,,,,
https://goldapple.ru/19000455584-paradise,,,,,,
https://goldapple.ru/19000423866-dusk,,,,,,
https://goldapple.ru/99000081996-drevesnyj-salfej-i-samfir,,,,,,
https://goldapple.ru/7190100031-fahrenheit,,,,,,
https://goldapple.ru/99000067416-moments-home-perfume-carmine,,,,,,
https://goldapple.ru/19000466684-hammam,,,,,,
https://goldapple.ru/83460100001-lavs,,,,,,
https://goldapple.ru/99000115271-phenomenon-p,,,,,,
https://goldapple.ru/99000127954-sunny-island,,,,,,
https://goldapple.ru/19000429261-surf-secret-code,,,,,,
https://goldapple.ru/99000147114-sela-sandalovoe-kruzevo,,,,,,
https://goldapple.ru/19000004548-perfume-orange-jasmine-vanilla,,,,,,
https://goldapple.ru/19000308562-pure-d-or,,,,,,
https://goldapple.ru/19000478117-iridesse-parfum,,,,,,
https://goldapple.ru/19000098977-luciano,,,,,,
https://goldapple.ru/19000396679-seaman,,,,,,
https://goldapple.ru/26372700001-velvet-orchid,,,,,,
https://goldapple.ru/19000421317-cherry-blossom,,,,,,
https://goldapple.ru/19000225786-not-a-girl,,,,,,
https://goldapple.ru/19000110363-dose-of-rose,,,,,,
https://goldapple.ru/19000306775-champ-de-mars,,,,,,
https://goldapple.ru/19000381384-spring,,,,,,
https://goldapple.ru/19000316375-cora,,,,,,
https://goldapple.ru/19000432171-damasque,,,,,,
https://goldapple.ru/19000399439-basil-vetiver,,,,,,
https://goldapple.ru/19000290304-o-cem-govorat-gory,,,,,,
https://goldapple.ru/19000467781-212-silk,,,,,,
https://goldapple.ru/19000035805-peach-passion-fruit-musk,,,,,,
https://goldapple.ru/19000141545-eau-de-parfum,,,,,,
https://goldapple.ru/19000441681-amber-wave,,,,,,
https://goldapple.ru/99000061472-blush,,,,,,
https://goldapple.ru/19000237791-les-fleurs-sweet-jasmine,,,,,,
https://goldapple.ru/99000093093-no66-ferrara,,,,,,
https://goldapple.ru/19000164235-icone-de-style-velours,,,,,,
https://goldapple.ru/19000125033-quercus,,,,,,
https://goldapple.ru/83710100001-cedar-woodpecker-10,,,,,,
https://goldapple.ru/19000026941-pure-sensual-orchid,,,,,,
https://goldapple.ru/19000066083-sisterland-red-rose,,,,,,
https://goldapple.ru/19000235136-blue-drop,,,,,,
https://goldapple.ru/19000446041-opus-xvi-timber,,,,,,
https://goldapple.ru/19000301363-into-the-woods,,,,,,
https://goldapple.ru/19000213988-green-field,,,,,,
https://goldapple.ru/19000280329-fil-d-or-n-1,,,,,,
https://goldapple.ru/19000384384-peach,,,,,,
https://goldapple.ru/19000092299-amber,,,,,,
https://goldapple.ru/19000424746-a-propos,,,,,,
https://goldapple.ru/19000154008-royal-oud,,,,,,
https://goldapple.ru/19000222987-great-way,,,,,,
https://goldapple.ru/19000426975-oud-amber-wood-blend,,,,,,
https://goldapple.ru/99000137089-quarz-soul-detox,,,,,,
https://goldapple.ru/19000484585-luna,,,,,,
https://goldapple.ru/19000259876-deli-moments,,,,,,
https://goldapple.ru/19000321480-ceresia-collection-mini-sinfonia,,,,,,
https://goldapple.ru/19000118747-ambra,,,,,,
https://goldapple.ru/19760330832-la-belle,,,,,,
https://goldapple.ru/19000181674-vip-grey,,,,,,
https://goldapple.ru/99000131441-golden-saffron,,,,,,
https://goldapple.ru/19000437966-ginger-cologne,,,,,,
https://goldapple.ru/99000082816-sladkij-bal-zam-i-kade,,,,,,
https://goldapple.ru/99000060781-olibanum-patchouli,,,,,,
https://goldapple.ru/99000134232-vspomni-zemla-posle-dozda,,,,,,
https://goldapple.ru/19000024509-vetiver-lemon-bergamot,,,,,,
https://goldapple.ru/19000389847-osennie-cvety,,,,,,
https://goldapple.ru/19000013014-cologhise,,,,,,
https://goldapple.ru/19000125362-four,,,,,,
https://goldapple.ru/99000018529-klenovyj-sirop-ambrovaa-vanil-i-kakao,,,,,,
https://goldapple.ru/19000378840-creation-set-01-essential-trio-collection,,,,,,
https://goldapple.ru/19000257673-malia,,,,,,
https://goldapple.ru/19000131348-succulent-pink-grapefruit,,,,,,
https://goldapple.ru/19000146101-cedarwood,,,,,,
https://goldapple.ru/19000454045-bazilik-tomatnyj-list-citrus,,,,,,
https://goldapple.ru/19000349072-pear,,,,,,
https://goldapple.ru/19000097057-force-tranquille,,,,,,
https://goldapple.ru/19000362635-desert-dawn,,,,,,
https://goldapple.ru/19000305819-27,,,,,,
https://goldapple.ru/19000004534-modest-mimosa,,,,,,
https://goldapple.ru/90150800004-orange-jasmine-vanilla,,,,,,
https://goldapple.ru/19000451197-no20-03,,,,,,
https://goldapple.ru/99000146452-by-kaori-lime-basil,,,,,,
https://goldapple.ru/83830100002-terra-terra,,,,,,
https://goldapple.ru/26044800002-coeur-d-ylang,,,,,,
https://goldapple.ru/19000127041-happy-felicia-roses,,,,,,
https://goldapple.ru/26723600022-vodka-on-the-rocks,,,,,,
https://goldapple.ru/19000143863-ambroxan,,,,,,
https://goldapple.ru/99000092909-blue-mineral-bouquet-pure-white-tea,,,,,,
https://goldapple.ru/99000113128-truffle,,,,,,
https://goldapple.ru/19000152455-tonka-cola,,,,,,
https://goldapple.ru/84140700006-loewe-001,,,,,,
https://goldapple.ru/19000127401-bijou-in-red,,,,,,
https://goldapple.ru/19000488830-sergio-nero-donna-rosso-di-provence,,,,,,
https://goldapple.ru/19000249539-haru,,,,,,
https://goldapple.ru/19000348477-encens-roi,,,,,,
https://goldapple.ru/19000088223-matsu-sakura,,,,,,
https://goldapple.ru/19000399465-pomegranate-guiac-tree,,,,,,
https://goldapple.ru/19000472680-10-year-anniversary,,,,,,
https://goldapple.ru/99000037976-rosso,,,,,,
https://goldapple.ru/27330200003-metal-flower,,,,,,
https://goldapple.ru/19000097772-oriental-lemongrass-botanique,,,,,,
https://goldapple.ru/19000234815-eden,,,,,,
https://goldapple.ru/19000285716-verano,,,,,,
https://goldapple.ru/19000434853-passion-fruit,,,,,,
https://goldapple.ru/19000159887-vanilla,,,,,,
https://goldapple.ru/19000273280-daisy-ever-so-fresh,,,,,,
https://goldapple.ru/19000096286-tobacco-vanilla,,,,,,
https://goldapple.ru/19000301371-by-the-ocean,,,,,,
https://goldapple.ru/19000196128-erbe-di-san-giovanni,,,,,,
https://goldapple.ru/19000429232-awake-in-the-balance,,,,,,
https://goldapple.ru/19000333817-sense-of-freshness,,,,,,
https://goldapple.ru/19000387938-sacristie-des-arbres,,,,,,
https://goldapple.ru/19000451151-no13-16,,,,,,
https://goldapple.ru/19000395981-ambra-onyx,,,,,,
https://goldapple.ru/19000117847-nubica,,,,,,
https://goldapple.ru/19000479756-neydo-special-edition-23-06-belles-lettres,,,,,,
https://goldapple.ru/99000107889-carolina,,,,,,
https://goldapple.ru/19000439653-about-time,,,,,,
https://goldapple.ru/19000059091-wasp-waist-absolute,,,,,,
https://goldapple.ru/19000407394-la-mia-firenze,,,,,,
https://goldapple.ru/19000492324-emmanuelle-jane-wild-cherry,,,,,,
https://goldapple.ru/83710100009-flavia-vanilla,,,,,,
https://goldapple.ru/19000264095-no1,,,,,,
https://goldapple.ru/99000016161-white-candlestick,,,,,,
https://goldapple.ru/19000193223-turkish-rose-litchi,,,,,,
https://goldapple.ru/19000196735-cozy,,,,,,
https://goldapple.ru/19000311822-nobile-genere,,,,,,
https://goldapple.ru/19000403351-lure-by-mira,,,,,,
https://goldapple.ru/19000296552-privlecenie-klientov,,,,,,
https://goldapple.ru/83730600002-emiro,,,,,,
https://goldapple.ru/19000169986-pear-show,,,,,,
https://goldapple.ru/19000126990-opus-1870,,,,,,
https://goldapple.ru/19000031687-more-coffee-please,,,,,,
https://goldapple.ru/19000378739-capri,,,,,,
https://goldapple.ru/99000024766-no2,,,,,,
https://goldapple.ru/90151100009-vanilla-blend,,,,,,
https://goldapple.ru/19000209059-dark-amber,,,,,,
https://goldapple.ru/19000311820-dono-divino,,,,,,
https://goldapple.ru/19000381385-spring,,,,,,
https://goldapple.ru/19000290661-oud-wealth,,,,,,
https://goldapple.ru/19000399936-02,,,,,,
https://goldapple.ru/19000320428-la-fete-de-la-rose,,,,,,
https://goldapple.ru/99000045888-peach-patchouli-maracuja,,,,,,
https://goldapple.ru/19000420938-pink-aurora,,,,,,
https://goldapple.ru/99000111895-tobacco-vanilla,,,,,,
https://goldapple.ru/19000451142-no13-07,,,,,,
https://goldapple.ru/19000197697-coffret-selection-fleur-narcotique,,,,,,
https://goldapple.ru/19000088268-coco-lada,,,,,,
https://goldapple.ru/19000285587-fleur-narcotique,,,,,,
https://goldapple.ru/19000391341-jasmine-amber,,,,,,
https://goldapple.ru/19000402548-bali-serenity,,,,,,
https://goldapple.ru/99000119286-soft-bloom,,,,,,
https://goldapple.ru/19000121828-no-10-desir-du-coeur,,,,,,
https://goldapple.ru/19000074551-summer-fragrances,,,,,,
https://goldapple.ru/19000039469-tobacco-vanille,,,,,,
https://goldapple.ru/19000281746-ne-il-giorno-ne-l-ora,,,,,,
https://goldapple.ru/19000337191-khanjar,,,,,,
https://goldapple.ru/19000412461-97-elysees,,,,,,
https://goldapple.ru/19000419621-persian-flower,,,,,,
https://goldapple.ru/99000076365-tabak-i-vanil,,,,,,
https://goldapple.ru/99000003401-salty-water,,,,,,
https://goldapple.ru/19000358341-green-tea-peony,,,,,,
https://goldapple.ru/19000316832-p040,,,,,,
https://goldapple.ru/19000377370-cappadocia,,,,,,
https://goldapple.ru/26800900005-petit-matin,,,,,,
https://goldapple.ru/83670200007-secret-of-success,,,,,,
https://goldapple.ru/19000206589-first-spring,,,,,,
https://goldapple.ru/99000107062-amalfi,,,,,,
https://goldapple.ru/19000229069-nuru-s-forest,,,,,,
https://goldapple.ru/19000120324-evoke-silver-edition-her,,,,,,
https://goldapple.ru/19000445929-black-mango,,,,,,
https://goldapple.ru/19000467785-snow-white,,,,,,
https://goldapple.ru/19000061650-eau-de-for-him,,,,,,
https://goldapple.ru/19000355434-virgin,,,,,,
https://goldapple.ru/19000206611-tobacco-sense,,,,,,
https://goldapple.ru/19000082702-eternal-rainbow,,,,,,
https://goldapple.ru/19000189888-heavy-lux,,,,,,
https://goldapple.ru/19000428744-omnia-amethyste,,,,,,
https://goldapple.ru/19000121398-incensum,,,,,,
https://goldapple.ru/19000209010-orange-oakmoss,,,,,,
https://goldapple.ru/19000345198-noor,,,,,,
https://goldapple.ru/19000234926-blanc,,,,,,
https://goldapple.ru/19000492012-tom-tailor-happy-to-be,,,,,,
https://goldapple.ru/19000139497-purple-velvet,,,,,,
https://goldapple.ru/19000062892-f009,,,,,,
https://goldapple.ru/99000107891-carolina,,,,,,
https://goldapple.ru/19000076281-solo-ella,,,,,,
https://goldapple.ru/19000300671-la-vie-en-tartan,,,,,,
https://goldapple.ru/19000264099-no5,,,,,,
https://goldapple.ru/19000475548-oud-nebula,,,,,,
https://goldapple.ru/7273900003-l-eau-kenzo-pour-homme,,,,,,
https://goldapple.ru/99000023246-angel-s,,,,,,
https://goldapple.ru/99000015134-vanilla-peach,,,,,,
https://goldapple.ru/99000124114-snova-ud,,,,,,
https://goldapple.ru/19000156301-be-yourself-let-s-make-monro,,,,,,
https://goldapple.ru/99000147319-sela-irlandskij-tvid,,,,,,
https://goldapple.ru/19000126984-terrible-teddy,,,,,,
https://goldapple.ru/99000034969-trajan,,,,,,
https://goldapple.ru/19000334588-berry-shiver,,,,,,
https://goldapple.ru/7430900005-versense,,,,,,
https://goldapple.ru/99000150151-mino-less-delicate-cranberry-prosecco,,,,,,
https://goldapple.ru/19000215863-fleur-d-orange,,,,,,
https://goldapple.ru/19000067218-veronica,,,,,,
https://goldapple.ru/99000143819-tako-home-renessans-prosekko-i-guava,,,,,,
https://goldapple.ru/19000096282-cashmere-wood,,,,,,
https://goldapple.ru/19760310039-natural-elegance,,,,,,
https://goldapple.ru/19000455285-angels-share-on-the-rocks,,,,,,
https://goldapple.ru/99000067173-bright-multivitamin,,,,,,
https://goldapple.ru/19000380627-histoire-dune-rose,,,,,,
https://goldapple.ru/19000097737-smoked-vanilla,,,,,,
https://goldapple.ru/99000080872-bourbon-caramel,,,,,,
https://goldapple.ru/19000312179-cherry-black,,,,,,
https://goldapple.ru/19760336395-midnight-gold,,,,,,
https://goldapple.ru/19000118959-midnight-hour,,,,,,
https://goldapple.ru/19000301235-bright-crystal,,,,,,
https://goldapple.ru/19000483123-sun-drop,,,,,,
https://goldapple.ru/99000114461-dubai,,,,,,
https://goldapple.ru/19000285480-tobacco-collection-cigare,,,,,,
https://goldapple.ru/19000472593-black-tea-cognac-chocolate,,,,,,
https://goldapple.ru/19000506316-equivalent-dubai-vibes,,,,,,
https://goldapple.ru/19000413564-vibrant-scent,,,,,,
https://goldapple.ru/99000032741-tesoro-mio,,,,,,
https://goldapple.ru/19000154760-creme-de-la-creme,,,,,,
https://goldapple.ru/19760302804-fortis,,,,,,
https://goldapple.ru/19000156053-1-million-royal,,,,,,
https://goldapple.ru/19000235311-al-sana,,,,,,
https://goldapple.ru/99000009844-ahlmann-02,,,,,,
https://goldapple.ru/19000238672-sous-le-pont-mirabeau,,,,,,
https://goldapple.ru/19000187157-cvetusaa-sakura,,,,,,
https://goldapple.ru/99000005481-lavka-s-pranostami,,,,,,
https://goldapple.ru/99000090935-thousand-wishes,,,,,,
https://goldapple.ru/19000230014-melon-and-mint,,,,,,
https://goldapple.ru/19000239670-maison-jardins-d-andalousie,,,,,,
https://goldapple.ru/19000118784-tuscia,,,,,,
https://goldapple.ru/99000067434-breakfast-club,,,,,,
https://goldapple.ru/19000182824-stile-classic-era,,,,,,
https://goldapple.ru/99000037963-cherry-blossom,,,,,,
https://goldapple.ru/26176500001-pure-love,,,,,,
https://goldapple.ru/19000492033-tom-tailor-strong-mind,,,,,,
https://goldapple.ru/38670100011-rainbow,,,,,,
https://goldapple.ru/19000035830-peregrina,,,,,,
https://goldapple.ru/19000127403-bijou-salty-breeze,,,,,,
https://goldapple.ru/19000263620-lemongrass,,,,,,
https://goldapple.ru/19000180716-amber-wood-noir,,,,,,
https://goldapple.ru/19000483361-beautiful-magnolia-fleur,,,,,,
https://goldapple.ru/7682200021-ange-ou-demon-le-secret,,,,,,
https://goldapple.ru/19000456749-oak-oud,,,,,,
https://goldapple.ru/19760313133-gardenia-cardamom,,,,,,
https://goldapple.ru/19000268354-honour-man,,,,,,
https://goldapple.ru/19000412469-grand-palais,,,,,,
https://goldapple.ru/99000081858-sri-lanka-january-2020,,,,,,
https://goldapple.ru/99000109306-boby-tonka-i-ud,,,,,,
https://goldapple.ru/36050400006-fiore-d-ulivo,,,,,,
https://goldapple.ru/19000468883-moroccan-night,,,,,,
https://goldapple.ru/83290100015-oud-malaki,,,,,,
https://goldapple.ru/99000010167-quentin-01,,,,,,
https://goldapple.ru/19000052217-dark-side,,,,,,
https://goldapple.ru/19000159560-atomizer-refill,,,,,,
https://goldapple.ru/19000090597-bosco,,,,,,
https://goldapple.ru/19000049479-no5-hopefulness,,,,,,
https://goldapple.ru/19000017114-solo-cedro,,,,,,
https://goldapple.ru/19000405692-sweet-peach,,,,,,
https://goldapple.ru/26775300002-wild-python,,,,,,
https://goldapple.ru/19000231573-35,,,,,,
https://goldapple.ru/19000209061-tobacco-vanille,,,,,,
https://goldapple.ru/19000377071-sogno-notturno,,,,,,
https://goldapple.ru/19000196741-road-to-paradise,,,,,,
https://goldapple.ru/19000213950-freesia,,,,,,
https://goldapple.ru/19000217323-grazie,,,,,,
https://goldapple.ru/19760303649-amyris-homme,,,,,,
https://goldapple.ru/19000308550-les-infinis-parade-de-nuit,,,,,,
https://goldapple.ru/19000118616-urtica,,,,,,
https://goldapple.ru/99000038665-bulocka-s-koricej,,,,,,
https://goldapple.ru/19000360052-latte-with-nut,,,,,,
https://goldapple.ru/19000209011-sage-musk,,,,,,
https://goldapple.ru/19000067240-cacao-tuberose,,,,,,
https://goldapple.ru/99000085715-rakuska-lavanda-vanil,,,,,,
https://goldapple.ru/19000396849-costa-azzurra,,,,,,
https://goldapple.ru/28320100005-wild-roses,,,,,,
https://goldapple.ru/19000304473-o-feminin,,,,,,
https://goldapple.ru/19000266623-rum-vanilla,,,,,,
https://goldapple.ru/19000013831-homme-intense,,,,,,
https://goldapple.ru/19000467325-vetiver-lemon,,,,,,
https://goldapple.ru/19000450654-costa-del-sole,,,,,,
https://goldapple.ru/19000285467-le-parisien-louvre,,,,,,
https://goldapple.ru/90151200006-orange-jasmine-vanilla,,,,,,
https://goldapple.ru/99000035619-mandorla-del-sud,,,,,,
https://goldapple.ru/19000118602-pomegranate,,,,,,
https://goldapple.ru/19000477284-white-lotus,,,,,,
https://goldapple.ru/19000233617-coconut-multifruit,,,,,,
https://goldapple.ru/19000370821-guilty-black,,,,,,
https://goldapple.ru/83700400005-rosso-nobile,,,,,,
https://goldapple.ru/99000081849-amabilis-insania,,,,,,
https://goldapple.ru/19000273276-bloom-intense,,,,,,
https://goldapple.ru/19000082712-topless,,,,,,
https://goldapple.ru/99000132032-emerald,,,,,,
https://goldapple.ru/19000107895-aqua-allegoria-pera-granita,,,,,,
https://goldapple.ru/19000505130-penhaligon-s-sports-car-club,,,,,,
https://goldapple.ru/19000225813-secret-side,,,,,,
https://goldapple.ru/19000306220-j-hom,,,,,,
https://goldapple.ru/19000201896-notte-d-amore,,,,,,
https://goldapple.ru/19000172696-selective-base-1001,,,,,,
https://goldapple.ru/19000499699-myeclair-deep-nutrition-and-hydration,,,,,,
https://goldapple.ru/19000118785-urtica,,,,,,
https://goldapple.ru/19000327404-dla-rakov,,,,,,
https://goldapple.ru/26290700009-narciso-poudree,,,,,,
https://goldapple.ru/19000072535-annicke-6,,,,,,
https://goldapple.ru/19000146136-dom-rosa-millesime,,,,,,
https://goldapple.ru/99000021162-monica-bellucci-s7,,,,,,
https://goldapple.ru/19000365478-classsic,,,,,,
https://goldapple.ru/19000093673-rose-tonnerre,,,,,,
https://goldapple.ru/83700300003-melograno,,,,,,
https://goldapple.ru/19000181048-paula-s-ibiza-eclectic,,,,,,
https://goldapple.ru/99000090086-sobranie-8,,,,,,
https://goldapple.ru/19000455006-pure-cannabis,,,,,,
https://goldapple.ru/19000328560-asrar,,,,,,
https://goldapple.ru/19000471483-adidas-full-recharge,,,,,,
https://goldapple.ru/19000472583-black-tea-cognac-chocolate,,,,,,
https://goldapple.ru/82820100008-herod,,,,,,
https://goldapple.ru/99000137239-asara-kakao,,,,,,
https://goldapple.ru/19000470774-rio,,,,,,
https://goldapple.ru/19000334804-sweet-dream,,,,,,
https://goldapple.ru/99000147325-sela-grusevyj-satin,,,,,,
https://goldapple.ru/19000328962-unico,,,,,,
https://goldapple.ru/19000213471-nature-line-cold-fougere,,,,,,
https://goldapple.ru/19000088391-milioni,,,,,,
https://goldapple.ru/19000210258-niche-collection-1250-florale,,,,,,
https://goldapple.ru/19000327405-dla-l-vov,,,,,,
https://goldapple.ru/90151300001-rosemary-lemon-neroli,,,,,,
https://goldapple.ru/99000041543-axolute,,,,,,
https://goldapple.ru/99000129490-tobacco-vanilla,,,,,,
https://goldapple.ru/19000164223-axioma-legacy,,,,,,
https://goldapple.ru/19000421278-pudrovaa-fialka-teplyj-sandal,,,,,,
https://goldapple.ru/19000475191-babl-bum,,,,,,
https://goldapple.ru/99000052359-frankincense-amber-patchouli,,,,,,
https://goldapple.ru/19000312617-runner-s-high,,,,,,
https://goldapple.ru/19760314264-fiction,,,,,,
https://goldapple.ru/19000482473-sea-salts,,,,,,
https://goldapple.ru/19000132736-tabacco-vanila,,,,,,
https://goldapple.ru/19000134756-santal-austral,,,,,,
https://goldapple.ru/19000477265-pure-cannabis,,,,,,
https://goldapple.ru/19000381360-fall,,,,,,
https://goldapple.ru/19000035846-fascino-mediterraneo,,,,,,
https://goldapple.ru/19000269136-douche-parfumee-neroli-dete,,,,,,
https://goldapple.ru/19000041168-not-a-shower-gel,,,,,,
https://goldapple.ru/26291200012-diamond-in-the-sky,,,,,,
https://goldapple.ru/19000120747-arabian-alhayati,,,,,,
https://goldapple.ru/99000110198-tobacco-vanille,,,,,,
https://goldapple.ru/99000110775-my-home-free-from-musty-odours,,,,,,
https://goldapple.ru/19000204030-pink-pepper-elemi-cinnamon-leather,,,,,,
https://goldapple.ru/19000239406-room-service,,,,,,
https://goldapple.ru/19000215958-apollo-sage-and-sea-salt,,,,,,
https://goldapple.ru/19000349233-h023,,,,,,
https://goldapple.ru/19000281747-scusami,,,,,,
https://goldapple.ru/19000222645-bamboo,,,,,,
https://goldapple.ru/83321800008-english-pear-freesia,,,,,,
https://goldapple.ru/19000172117-gentle-amber-wood,,,,,,
https://goldapple.ru/19000246021-silky-sandalwood,,,,,,
https://goldapple.ru/19000062886-f003,,,,,,
https://goldapple.ru/19000453076-pure-kanz,,,,,,
https://goldapple.ru/7380800007-si,,,,,,
https://goldapple.ru/19000330527-old-fashioned,,,,,,
https://goldapple.ru/19000180727-shadow-noir,,,,,,
https://goldapple.ru/19000141065-scandal-pour-homme,,,,,,
https://goldapple.ru/19000278128-spicy-cake,,,,,,
https://goldapple.ru/7010100003-pleasures,,,,,,
https://goldapple.ru/80080100001-femme,,,,,,
https://goldapple.ru/81104100002-power-of-seduction,,,,,,
https://goldapple.ru/99000109030-neroli,,,,,,
https://goldapple.ru/90151700001-rosemary-lemon-neroli,,,,,,
https://goldapple.ru/19000368772-satin-vanilla,,,,,,
https://goldapple.ru/26291200006-party-on-the-moon,,,,,,
https://goldapple.ru/19000121305-oud,,,,,,
https://goldapple.ru/83321800010-wood-sage-sea-salt,,,,,,
https://goldapple.ru/19000207016-muzcina-kotorogo-a-lublu,,,,,,
https://goldapple.ru/99000088721-memories,,,,,,
https://goldapple.ru/99000107096-soho,,,,,,
https://goldapple.ru/19000238588-opus-xiii-silver-oud,,,,,,
https://goldapple.ru/19000155400-lemon-cake,,,,,,
https://goldapple.ru/19000424952-lemon-ozone-green-tea,,,,,,
https://goldapple.ru/19000293255-orange-blossom,,,,,,
https://goldapple.ru/19000132734-toasted-bread,,,,,,
https://goldapple.ru/19000222206-rose-sage,,,,,,
https://goldapple.ru/99000037893-patio,,,,,,
https://goldapple.ru/19000084123-peach-passion-fruit-musk,,,,,,
https://goldapple.ru/19000427086-cafe-gourmand-frosted-red-currant,,,,,,
https://goldapple.ru/19000100776-yuzhnaya-kozha,,,,,,
https://goldapple.ru/99000037819-santal,,,,,,
https://goldapple.ru/99000137081-quarz-11-11,,,,,,
https://goldapple.ru/19000230979-north-star-from-natural,,,,,,
https://goldapple.ru/19000321542-incenso-imperiale,,,,,,
https://goldapple.ru/19000320430-strawberry-champagne,,,,,,
https://goldapple.ru/19000374362-mata-i-lajm,,,,,,
https://goldapple.ru/19000085047-tobacco-vanilla,,,,,,
https://goldapple.ru/99000156490-maag-fleur-sensuelle,,,,,,
https://goldapple.ru/19000306848-secret-of-success,,,,,,
https://goldapple.ru/19000211005-vra-vra-vroom,,,,,,
https://goldapple.ru/19000146024-can-t-stop-loving-you,,,,,,
https://goldapple.ru/7063700001-bottled-infinite,,,,,,
https://goldapple.ru/19000234958-garden-mint,,,,,,
https://goldapple.ru/19760337068-born-in-roma-uomo-yellow-dream,,,,,,
https://goldapple.ru/99000123004-sapphire,,,,,,
https://goldapple.ru/19000011151-musc-panache,,,,,,
https://goldapple.ru/19000020466-l-instant-de,,,,,,
https://goldapple.ru/19000121829-songin-the-wind,,,,,,
https://goldapple.ru/19000333374-noble-notes,,,,,,
https://goldapple.ru/26773700001-velvet-vanilla,,,,,,
https://goldapple.ru/99000133880-nirvana,,,,,,
https://goldapple.ru/19000465142-vanille-raisin,,,,,,
https://goldapple.ru/19760329912-svezhiy,,,,,,
https://goldapple.ru/19000139409-lady-million,,,,,,
https://goldapple.ru/19000402553-nuit-parisienne,,,,,,
https://goldapple.ru/19000439662-desert-wood,,,,,,
https://goldapple.ru/19000423707-cherry-passion,,,,,,
https://goldapple.ru/19000118587-limonaia,,,,,,
https://goldapple.ru/19000125256-encelade,,,,,,
https://goldapple.ru/82812100002-cuir-celeste,,,,,,
https://goldapple.ru/7030300003-boss-bottled,,,,,,
https://goldapple.ru/19000297757-tabak-i-vanil,,,,,,
https://goldapple.ru/19000061579-manrose,,,,,,
https://goldapple.ru/19000191684-homme,,,,,,
https://goldapple.ru/99000093083-no22-paradise,,,,,,
https://goldapple.ru/99000038134-velvet-of-orient,,,,,,
https://goldapple.ru/19000252962-zasmin,,,,,,
https://goldapple.ru/99000077307-amber-vanille-patchoulli,,,,,,
https://goldapple.ru/99000025404-sorbet-iris,,,,,,
https://goldapple.ru/99000024784-blackberry,,,,,,
https://goldapple.ru/99000054826-kali-zen,,,,,,
https://goldapple.ru/19000206604-portraits-of-portofino,,,,,,
https://goldapple.ru/19000429251-epic-adventure,,,,,,
https://goldapple.ru/19000161243-miss,,,,,,
https://goldapple.ru/19000008017-tonka-macadamia,,,,,,
https://goldapple.ru/19000062925-h011,,,,,,
https://goldapple.ru/19000235624-caramelo-vanilla,,,,,,
https://goldapple.ru/99000066363-cvetocnaa-zamsa,,,,,,
https://goldapple.ru/19000321555-bianco-divino,,,,,,
https://goldapple.ru/90151300009-moss,,,,,,
https://goldapple.ru/19000312590-brit-for-her,,,,,,
https://goldapple.ru/99000078236-fig-moss,,,,,,
https://goldapple.ru/19000479757-neydo-special-edition-28-08-belles-lettres,,,,,,
https://goldapple.ru/99000127721-aroma-sf33,,,,,,
https://goldapple.ru/19000467306-amberwood-vanilla-davana,,,,,,
https://goldapple.ru/19000274596-l-elisir-d-amore,,,,,,
https://goldapple.ru/19000337194-angham,,,,,,
https://goldapple.ru/19000475547-hypnotic-musk-nectar,,,,,,
https://goldapple.ru/19000428751-pour-homme,,,,,,
https://goldapple.ru/99000018534-granat-arbuz-i-rozovyj-perec,,,,,,
https://goldapple.ru/19000212705-apel-sin-i-korica,,,,,,
https://goldapple.ru/19000493601-blanc-sada,,,,,,
https://goldapple.ru/19000088296-yummy-candy,,,,,,
https://goldapple.ru/19000244264-35-sm-bledno-goluboj-2-stuki,,,,,,
https://goldapple.ru/19000399470-black-tea-lumi,,,,,,
https://goldapple.ru/19000125959-french-gallantry,,,,,,
https://goldapple.ru/26140100014-chypre,,,,,,
https://goldapple.ru/19000196160-signoria-90-anniversario,,,,,,
https://goldapple.ru/26775700002-vanille-exclusive,,,,,,
https://goldapple.ru/19000181679-vip-moon,,,,,,
https://goldapple.ru/27321100004-pacific-rock-moss,,,,,,
https://goldapple.ru/19000138055-mango-dyna,,,,,,
https://goldapple.ru/19000180571-vanil-nyj-desert,,,,,,
https://goldapple.ru/19000451548-diamond,,,,,,
https://goldapple.ru/19000427073-rusalka-zen,,,,,,
https://goldapple.ru/99000124215-no1-cherry,,,,,,
https://goldapple.ru/19000246016-gold-noir,,,,,,
https://goldapple.ru/99000026896-amber-powder,,,,,,
https://goldapple.ru/19000114702-miss-dior-blooming-bouquet,,,,,,
https://goldapple.ru/26070100008-pegaso,,,,,,
https://goldapple.ru/19000099008-milk-honey,,,,,,
https://goldapple.ru/19000296527-lemongrass,,,,,,
https://goldapple.ru/19000263557-spring-melody,,,,,,
https://goldapple.ru/26045900003-vanille-banane,,,,,,
https://goldapple.ru/19000341184-302-ambre-iris-santal,,,,,,
https://goldapple.ru/19000306200-sosna-i-paculi,,,,,,
https://goldapple.ru/99000034366-sandalvia-parfum,,,,,,
https://goldapple.ru/19000374876-lady,,,,,,
https://goldapple.ru/19000118981-the-discovery,,,,,,
https://goldapple.ru/19000451225-volsebstvo-divnogor-a,,,,,,
https://goldapple.ru/19000026689-grejpfrut-melissa,,,,,,
https://goldapple.ru/19000062944-p010,,,,,,
https://goldapple.ru/19000204029-iris-lily-vanill,,,,,,
https://goldapple.ru/19000088231-t-mat,,,,,,
https://goldapple.ru/19000132705-nebula-grape-lemongrass,,,,,,
https://goldapple.ru/19000423872-eternal,,,,,,
https://goldapple.ru/19000301380-black-pepper,,,,,,
https://goldapple.ru/19000451562-oud-magic,,,,,,
https://goldapple.ru/19000306251-cistyj-hlopok,,,,,,
https://goldapple.ru/19000131816-soleil-passion,,,,,,
https://goldapple.ru/19000407399-ice-essence,,,,,,
https://goldapple.ru/19000374384-vetiver-i-sandal,,,,,,
https://goldapple.ru/19000028496-the-icon-the-perfume,,,,,,
https://goldapple.ru/19000182829-stile-classic-mediterranea,,,,,,
https://goldapple.ru/19000172111-verveine-mandarine-jasmin-matte,,,,,,
https://goldapple.ru/19000129456-ombre-leather,,,,,,
https://goldapple.ru/19000344517-maremma,,,,,,
https://goldapple.ru/19000487442-nero-orion,,,,,,
https://goldapple.ru/99000094582-smoked-berries-leather,,,,,,
https://goldapple.ru/82400600003-en-passant,,,,,,
https://goldapple.ru/19000477023-siren-sailors,,,,,,
https://goldapple.ru/19000143285-fleur-de-gingembre,,,,,,
https://goldapple.ru/19000256102-myrrh-tonka-home-candle,,,,,,
https://goldapple.ru/36050400002-bouquet-ideale,,,,,,
https://goldapple.ru/19000275222-s-ekstraktom-belogo-caa-i-notami-zasmina,,,,,,
https://goldapple.ru/19000182793-decor-classic-supreme-amber,,,,,,
https://goldapple.ru/99000051756-venus,,,,,,
https://goldapple.ru/19000139016-sunrise,,,,,,
https://goldapple.ru/19000489213-rouge-bunny-rouge-ink,,,,,,
https://goldapple.ru/19000252957-vanil,,,,,,
https://goldapple.ru/90150100010-orange-jasmine-vanilla,,,,,,
https://goldapple.ru/19000182782-decor-classic-aramara,,,,,,
https://goldapple.ru/19000122372-cherry-punk,,,,,,
https://goldapple.ru/19000307095-rand-rose,,,,,,
https://goldapple.ru/19000408236-inspired-warmth,,,,,,
https://goldapple.ru/19000451231-vsevolsebnyj-den,,,,,,
https://goldapple.ru/19000266762-j-adore,,,,,,
https://goldapple.ru/19000412464-capri,,,,,,
https://goldapple.ru/19760342411-la-chasse-aux-papillons-extreme,,,,,,
https://goldapple.ru/19000479886-white-shirts,,,,,,
https://goldapple.ru/99000150041-rove-r-sandalwood-and-coconut,,,,,,
https://goldapple.ru/19000321466-speziato-fiorentino,,,,,,
https://goldapple.ru/99000076069-ritual-01,,,,,,
https://goldapple.ru/99000106297-woodmoss,,,,,,
https://goldapple.ru/19000032743-givenchy-gentleman-reserve-privee-eau-de-parfum,,,,,,
https://goldapple.ru/19000038906-mango,,,,,,
https://goldapple.ru/99000059030-dubai-tonik,,,,,,
https://goldapple.ru/19000309228-black-v,,,,,,
https://goldapple.ru/19000196081-tabacco-toscano,,,,,,
https://goldapple.ru/99000002177-black-wood,,,,,,
https://goldapple.ru/19000122975-muskatnyj-oreh-i-kedr,,,,,,
https://goldapple.ru/19000181924-modern-green,,,,,,
https://goldapple.ru/19000095380-prosecco,,,,,,
https://goldapple.ru/99000066902-hvojnyj-les,,,,,,
https://goldapple.ru/19000191524-no4-candy,,,,,,
https://goldapple.ru/19000444984-toy-2-bubble-gum,,,,,,
https://goldapple.ru/19000268561-nomade,,,,,,
https://goldapple.ru/19000003876-vaux-le-vikomte,,,,,,
https://goldapple.ru/19000234954-dune,,,,,,
https://goldapple.ru/19000206593-iconic-oud,,,,,,
https://goldapple.ru/19000345240-old-fashion,,,,,,
https://goldapple.ru/19000011052-flora-gorgeous-gardenia,,,,,,
https://goldapple.ru/19000294891-silhouette-perfumed,,,,,,
https://goldapple.ru/7750600021-shalimar,,,,,,
https://goldapple.ru/19000289866-silky-woods-elixir,,,,,,
https://goldapple.ru/19000291178-mellow-yellow,,,,,,
https://goldapple.ru/99000037964-christmas-tree,,,,,,
https://goldapple.ru/19000009358-coeur-de-petales,,,,,,
https://goldapple.ru/19000009359-coeur-de-petales,,,,,,
https://goldapple.ru/19000160693-100-cotton,,,,,,
https://goldapple.ru/83700400002-rosso-nobile,,,,,,
https://goldapple.ru/19000306254-dubovyj-moh-i-ambra,,,,,,
https://goldapple.ru/19000395972-velvet-saffron,,,,,,
https://goldapple.ru/99000110857-lavande-relaxante,,,,,,
https://goldapple.ru/99000090084-sobranie-19,,,,,,
https://goldapple.ru/19000273279-alive-parfum,,,,,,
https://goldapple.ru/19000392648-bois-farine,,,,,,
https://goldapple.ru/19000165382-pure-pleasure-serenity,,,,,,
https://goldapple.ru/99000087255-cherry-almond-tonka-bean,,,,,,
https://goldapple.ru/19000226176-home-scented-candle-cherry-blossom,,,,,,
https://goldapple.ru/19000403348-space,,,,,,
https://goldapple.ru/99000034351-classic-paradise,,,,,,
https://goldapple.ru/19000157482-brume-d-ete,,,,,,
https://goldapple.ru/19000436899-aromaty-zemli,,,,,,
https://goldapple.ru/19000327877-absolute-shadow,,,,,,
https://goldapple.ru/27330200002-hypnotizing-fire,,,,,,
https://goldapple.ru/19000181046-fables-d-orient,,,,,,
https://goldapple.ru/19000141111-elixir,,,,,,
https://goldapple.ru/19000394576-no15,,,,,,
https://goldapple.ru/19000268527-mr-burberry,,,,,,
https://goldapple.ru/19760328295-moon-glory,,,,,,
https://goldapple.ru/83290100004-vetiver-d-haiti-au-the-vert,,,,,,
https://goldapple.ru/19000235477-samar,,,,,,
https://goldapple.ru/19000402532-surf-the-wave,,,,,,
https://goldapple.ru/99000070835-beauty-glow-golden-flower,,,,,,
https://goldapple.ru/99000083633-tabacco-vanille-i-amber-vanille-patchouli,,,,,,
https://goldapple.ru/19000312211-the-silence,,,,,,
https://goldapple.ru/19000098995-felicita,,,,,,
https://goldapple.ru/19000021139-perfect,,,,,,
https://goldapple.ru/80111800002-euphoria,,,,,,
https://goldapple.ru/19000421290-arancia-di-capri-la-riserva,,,,,,
https://goldapple.ru/99000073325-coffee-shop,,,,,,
https://goldapple.ru/19760324884-fiction,,,,,,
https://goldapple.ru/19000451140-no13-05,,,,,,
https://goldapple.ru/99000052888-harvest,,,,,,
https://goldapple.ru/19760300408-601-vetiver-cedre-bergamote,,,,,,
https://goldapple.ru/19000139875-no11,,,,,,
https://goldapple.ru/19000297767-vanil-nyj-vihr,,,,,,
https://goldapple.ru/19000439064-performance-intense-black,,,,,,
https://goldapple.ru/19000203313-incendium,,,,,,
https://goldapple.ru/99000037769-africa,,,,,,
https://goldapple.ru/99000105459-mindal-noe-molocko,,,,,,
https://goldapple.ru/19000152729-pink-pepper-elemi-cinnamon-leather,,,,,,
https://goldapple.ru/19000030983-verte-euphorie-exquise-tentation,,,,,,
https://goldapple.ru/19760341449-barbiere,,,,,,
https://goldapple.ru/99000015583-vanilla-amber,,,,,,
https://goldapple.ru/19000327687-oud-satin-mood,,,,,,
https://goldapple.ru/99000156500-maag-tuberose,,,,,,
https://goldapple.ru/19000122336-cherry-cream,,,,,,
https://goldapple.ru/19000448527-city-sexy-be-top,,,,,,
https://goldapple.ru/19000125238-the-courage,,,,,,
https://goldapple.ru/19000133624-femme-adorable,,,,,,
https://goldapple.ru/19000427059-cherry-lady-magic,,,,,,
https://goldapple.ru/19000322818-blu-mediterraneo-arancia-di-capri,,,,,,
https://goldapple.ru/19000132750-tabacco-vanila,,,,,,
https://goldapple.ru/19000219522-perfect,,,,,,
https://goldapple.ru/99000053180-clean-linen,,,,,,
https://goldapple.ru/99000075937-zimnij-les,,,,,,
https://goldapple.ru/19000276688-fresh-balsam,,,,,,
https://goldapple.ru/19000361887-ormonde-woman,,,,,,
https://goldapple.ru/19000419615-lemongrass-verbena,,,,,,
https://goldapple.ru/19000179251-aroma-sachet-lavender,,,,,,
https://goldapple.ru/19000308547-les-infinis-black-suit,,,,,,
https://goldapple.ru/19000356126-poka,,,,,,
https://goldapple.ru/19000456751-lord-george-mr-sam,,,,,,
https://goldapple.ru/99000121843-roza-i-pion,,,,,,
https://goldapple.ru/19000211870-like-an-egyptian,,,,,,
https://goldapple.ru/19000268051-iris,,,,,,
https://goldapple.ru/19000082709-richness,,,,,,
https://goldapple.ru/19000427272-instinct-20th-anniversary,,,,,,
https://goldapple.ru/19000319128-tobacco-cherry,,,,,,
https://goldapple.ru/19000377269-k,,,,,,
https://goldapple.ru/99000110794-sweet-lolita-lempicka,,,,,,
https://goldapple.ru/99000150255-aroma-narcotique-no27,,,,,,
https://goldapple.ru/19000296591-belyj-salfej,,,,,,
https://goldapple.ru/19000348263-cherry-ambergris,,,,,,
https://goldapple.ru/19000399466-essense-collection,,,,,,
https://goldapple.ru/19000448661-wild-born-to-win,,,,,,
https://goldapple.ru/19000048486-l-i-p-s-incense-stand-cream,,,,,,
https://goldapple.ru/99000064658-forest-walk,,,,,,
https://goldapple.ru/19000288011-bohemian-spirit,,,,,,
https://goldapple.ru/99000040454-wind-of-change-no10,,,,,,
https://goldapple.ru/19000505181-pernoire-oudian,,,,,,
https://goldapple.ru/19000120308-shadow,,,,,,
https://goldapple.ru/19000378138-black-sugar,,,,,,
https://goldapple.ru/19000067252-grapefruit-woody,,,,,,
https://goldapple.ru/19000062912-f031,,,,,,
https://goldapple.ru/19000358612-daisy-wild,,,,,,
https://goldapple.ru/19000457280-cedar-wood,,,,,,
https://goldapple.ru/19000296561-masala-lavanda,,,,,,
https://goldapple.ru/99000042349-tobacco-bouquet,,,,,,
https://goldapple.ru/26070100011-patchouly,,,,,,
https://goldapple.ru/19000311066-gvoyak-cypress-lemon,,,,,,
https://goldapple.ru/19000282583-varvara,,,,,,
https://goldapple.ru/19000451226-magiceskij-bal,,,,,,
https://goldapple.ru/99000133730-black-cherry-merlot-black-cardamom-cashmere,,,,,,
https://goldapple.ru/99000016355-aromatic-body-wash-5lacto,,,,,,
https://goldapple.ru/19000227274-back-to-the-roots,,,,,,
https://goldapple.ru/19000239115-patchouli-no29,,,,,,
https://goldapple.ru/19000311556-seryj,,,,,,
https://goldapple.ru/19000164631-cavort,,,,,,
https://goldapple.ru/19000310343-zasmin-i-lemongrass,,,,,,
https://goldapple.ru/19000231846-tigre-du-bengale,,,,,,
https://goldapple.ru/19000460371-rose-ambergris,,,,,,
https://goldapple.ru/19000120658-nawab-of-oudh,,,,,,
https://goldapple.ru/99000124217-no2-rouge,,,,,,
https://goldapple.ru/19000436409-belyj-salfej,,,,,,
https://goldapple.ru/26661500001-in-the-mood-for-oud,,,,,,
https://goldapple.ru/19000074542-delicate-grapefruit,,,,,,
https://goldapple.ru/19000067248-grapefruit-tuberose,,,,,,
https://goldapple.ru/19000064865-white-illusion,,,,,,
https://goldapple.ru/99000078573-burley-vanilla,,,,,,
https://goldapple.ru/19000408036-bubble-gum,,,,,,
https://goldapple.ru/19000469371-mira,,,,,,
https://goldapple.ru/19000212622-virgin,,,,,,
https://goldapple.ru/19000354344-editions-de-parfums-florale,,,,,,
https://goldapple.ru/82080100001-inle,,,,,,
https://goldapple.ru/19000161244-korlove,,,,,,
https://goldapple.ru/99000132961-muses-bogemskie-rozy,,,,,,
https://goldapple.ru/19000467589-elite-line-001,,,,,,
https://goldapple.ru/19000381334-reiki-power,,,,,,
https://goldapple.ru/26143400001-icon,,,,,,
https://goldapple.ru/99000037770-bellini,,,,,,
https://goldapple.ru/19000222651-palo-santo,,,,,,
https://goldapple.ru/19760310362-echo,,,,,,
https://goldapple.ru/19000007931-enigma,,,,,,
https://goldapple.ru/19000274359-bohemian-tea,,,,,,
https://goldapple.ru/19000485550-tobacco-vanille,,,,,,
https://goldapple.ru/99000037891-dark-vanilla,,,,,,
https://goldapple.ru/7232700001-bamboo,,,,,,
https://goldapple.ru/19000172690-parfum-5,,,,,,
https://goldapple.ru/19000473381-elite-gentleman,,,,,,
https://goldapple.ru/99000150691-aroma-narcotique-no25,,,,,,
https://goldapple.ru/19000203355-wild-blue-bell,,,,,,
https://goldapple.ru/19760336599-ginza-eau-de-parfum,,,,,,
https://goldapple.ru/99000093037-stenova-home-felicita,,,,,,
https://goldapple.ru/82092400002-this-is-not-a-blue-bottle-1-4,,,,,,
https://goldapple.ru/19000437000-radical-rose,,,,,,
https://goldapple.ru/19000486231-l-encens,,,,,,
https://goldapple.ru/19000011048-cool-water-parfum,,,,,,
https://goldapple.ru/19000418433-arabians-musk,,,,,,
https://goldapple.ru/19000149154-iskrasijsa-limon,,,,,,
https://goldapple.ru/19000408066-buongiorno,,,,,,
https://goldapple.ru/19000191493-wulong-cha-x,,,,,,
https://goldapple.ru/26661300002-white-spirit,,,,,,
https://goldapple.ru/99000106723-zutkij-kvartet,,,,,,
https://goldapple.ru/19000429285-sunny-day,,,,,,
https://goldapple.ru/19000368861-mojave-ghost-absolu,,,,,,
https://goldapple.ru/99000028284-apple-caramel,,,,,,
https://goldapple.ru/99000037836-sicily,,,,,,
https://goldapple.ru/19000201672-cherry-amber,,,,,,
https://goldapple.ru/99000058130-rozovyj-perec-i-korica,,,,,,
https://goldapple.ru/99000112252-alhimia-uspeha,,,,,,
https://goldapple.ru/19000097736-sexy-dude,,,,,,
https://goldapple.ru/19000310676-neroli-botanica,,,,,,
https://goldapple.ru/19000297765-apel-sin-i-sokolad,,,,,,
https://goldapple.ru/19000383978-heartbeat,,,,,,
https://goldapple.ru/19000347353-temnyj-antar,,,,,,
https://goldapple.ru/99000115279-discovery-set,,,,,,
https://goldapple.ru/83810100005-momento,,,,,,
https://goldapple.ru/99000073488-ilang-ilang-i-muskus,,,,,,
https://goldapple.ru/19000074543-mango-and-passion-fruit,,,,,,
https://goldapple.ru/99000038597-wilderness,,,,,,
https://goldapple.ru/19000402552-new-york-fever,,,,,,
https://goldapple.ru/99000081865-singapore-april-2018,,,,,,
https://goldapple.ru/81151800001-cristal-royal-rose,,,,,,
https://goldapple.ru/19000004537-opus-kore,,,,,,
https://goldapple.ru/19000423870-daydreaming,,,,,,
https://goldapple.ru/19000291181-paris-cheri,,,,,,
https://goldapple.ru/19000328965-mil-uno,,,,,,
https://goldapple.ru/19000233090-glamour,,,,,,
https://goldapple.ru/19000451227-vsevolsebnyj-den,,,,,,
https://goldapple.ru/99000038107-delicate-white-must,,,,,,
https://goldapple.ru/99000117174-lime-basil,,,,,,
https://goldapple.ru/19000189631-date-in-paris,,,,,,
https://goldapple.ru/99000105022-cistaa-aura,,,,,,
https://goldapple.ru/19000472807-dynamique,,,,,,
https://goldapple.ru/19000399472-ylang-ylang-patchoul,,,,,,
https://goldapple.ru/19000377343-tygar,,,,,,
https://goldapple.ru/19000378838-soleil-d-hiver,,,,,,
https://goldapple.ru/19000245450-burbonskaa-vanil,,,,,,
https://goldapple.ru/19000122332-sweet-hug,,,,,,
https://goldapple.ru/99000122998-fight,,,,,,
https://goldapple.ru/19000331103-solnce,,,,,,
https://goldapple.ru/19000249526-sei,,,,,,
https://goldapple.ru/19000252033-vanilla-amber,,,,,,
https://goldapple.ru/7753500002-la-petite-robe-noire-intense,,,,,,
https://goldapple.ru/19000080182-in-france-femme-fatale-body-wash,,,,,,
https://goldapple.ru/19000155360-sweet-biscuits,,,,,,
https://goldapple.ru/19000121293-royal-night,,,,,,
https://goldapple.ru/19000233624-beauty-trash,,,,,,
https://goldapple.ru/19000157484-brume-d-oreiller,,,,,,
https://goldapple.ru/19000198026-sexy-sensitive,,,,,,
https://goldapple.ru/19000399448-ylang-ylang-patchouli,,,,,,
https://goldapple.ru/19000118576-fig-milk,,,,,,
https://goldapple.ru/19000149090-travel-paris,,,,,,
https://goldapple.ru/19760343531-toy-2-bubble-gum,,,,,,
https://goldapple.ru/19000455601-mangos,,,,,,
https://goldapple.ru/19760310364-donna-born-in-roma,,,,,,
https://goldapple.ru/19000467302-white-sage-neroli,,,,,,
https://goldapple.ru/19000088267-caramel,,,,,,
https://goldapple.ru/19000477016-carioca-heart,,,,,,
https://goldapple.ru/19000312153-elisir-di-melagrana,,,,,,
https://goldapple.ru/19000349573-call-me-iris,,,,,,
https://goldapple.ru/19000140842-french-breakfast,,,,,,
https://goldapple.ru/19000192235-himalayan-jasmine,,,,,,
https://goldapple.ru/26175100002-sweet-peony,,,,,,
https://goldapple.ru/19000125030-elisabethan-rose,,,,,,
https://goldapple.ru/19000380098-babylonia,,,,,,
https://goldapple.ru/19000120515-in-an-belyj,,,,,,
https://goldapple.ru/19000099037-mood,,,,,,
https://goldapple.ru/19000484532-l-homme-noble,,,,,,
https://goldapple.ru/99000107263-musk-flowers,,,,,,
https://goldapple.ru/19000160527-rose-desir-damas,,,,,,
https://goldapple.ru/19000206598-luxury-passion,,,,,,
https://goldapple.ru/26424700002-la-casa-sul-lago-candle,,,,,,
https://goldapple.ru/7270900003-kenzo-jungle,,,,,,
https://goldapple.ru/19000053432-ii-iii-homage-to-hemingway-by-fanny-bal,,,,,,
https://goldapple.ru/19000222746-new-york-intense,,,,,,
https://goldapple.ru/99000028484-eternal-moon,,,,,,
https://goldapple.ru/82920100011-psychedelic-love,,,,,,
https://goldapple.ru/19000451205-no20-11,,,,,,
https://goldapple.ru/19760313195-wave,,,,,,
https://goldapple.ru/19000473393-today-tommorow-always-for-her,,,,,,
https://goldapple.ru/19000193717-matin-blanc-eau-de-parfum,,,,,,
https://goldapple.ru/19000049478-no4-power,,,,,,
https://goldapple.ru/26730700006-blanche,,,,,,
https://goldapple.ru/19000225961-urban,,,,,,
https://goldapple.ru/19000192222-natural-patchouli,,,,,,
https://goldapple.ru/99000088561-goodbye-darkness,,,,,,
https://goldapple.ru/19000012424-menta-y-menta,,,,,,
https://goldapple.ru/19000235936-lineage,,,,,,
https://goldapple.ru/99000005133-royale,,,,,,
https://goldapple.ru/99000018251-one-and-only,,,,,,
https://goldapple.ru/19000258023-narkoticeskoe-naslazdenie,,,,,,
https://goldapple.ru/99000028281-no11,,,,,,
https://goldapple.ru/19000406596-whenever-wherever-for-her,,,,,,
https://goldapple.ru/19000301394-fleurs-d-agrumes,,,,,,
https://goldapple.ru/99000082828-kopajba-i-samfir,,,,,,
https://goldapple.ru/19000493602-lentropiste-jodhpur-6am,,,,,,
https://goldapple.ru/19000376247-angels-share-paradis,,,,,,
https://goldapple.ru/19000429253-presidente,,,,,,
https://goldapple.ru/19000456478-golden-caramel,,,,,,
https://goldapple.ru/19000450748-jardins-de-misfan,,,,,,
https://goldapple.ru/26731500002-oud-immortel,,,,,,
https://goldapple.ru/19000263821-oud-satin-mood,,,,,,
https://goldapple.ru/19000224420-sparkling-jo,,,,,,
https://goldapple.ru/19760334957-miss-dior-rose-n-roses-roller-pearl,,,,,,
https://goldapple.ru/19000349133-hygge,,,,,,
https://goldapple.ru/7203100001-k-by-dolce-gabbana,,,,,,
https://goldapple.ru/19000014502-malmaison,,,,,,
https://goldapple.ru/19000347968-rival-in-love,,,,,,
https://goldapple.ru/19000164221-parfumance-vanilla-sandal,,,,,,
https://goldapple.ru/26164700002-mango-manga,,,,,,
https://goldapple.ru/19000143286-fleur-de-tiare,,,,,,
https://goldapple.ru/99000034361-cannabis-salata,,,,,,
https://goldapple.ru/19000004536-morning-chess,,,,,,
https://goldapple.ru/15520200007-muschio-bianco-acqua-di-colonia,,,,,,
https://goldapple.ru/19000235968-jubilation-25-woman,,,,,,
https://goldapple.ru/19000277457-blooming-poppies-and-verbena,,,,,,
https://goldapple.ru/99000005283-azure-s,,,,,,
https://goldapple.ru/19000221689-discovery-set,,,,,,
https://goldapple.ru/19000213903-lemon-cake,,,,,,
https://goldapple.ru/99000000774-buton-piona,,,,,,
https://goldapple.ru/19000381359-fall,,,,,,
https://goldapple.ru/19000349062-blackberry-jam,,,,,,
https://goldapple.ru/26424700011-luce-di-colonia-diffusor,,,,,,
https://goldapple.ru/19000381064-g-040,,,,,,
https://goldapple.ru/19000455025-white-lotus,,,,,,
https://goldapple.ru/99000035608-rose-of-dangerous-flamenco,,,,,,
https://goldapple.ru/19000484534-donna,,,,,,
https://goldapple.ru/19000133208-prives-no88,,,,,,
https://goldapple.ru/19000119732-1-million-elixir,,,,,,
https://goldapple.ru/19000389863-deep-woods,,,,,,
https://goldapple.ru/19000394894-monsoon,,,,,,
https://goldapple.ru/19000494183-emper-so-genius,,,,,,
https://goldapple.ru/19000109146-no-15-iris-fig-sandal,,,,,,
https://goldapple.ru/19000320371-my-sensation,,,,,,
https://goldapple.ru/19000209058-tuscan-leather,,,,,,
https://goldapple.ru/19000303225-patchouli-et-memoires,,,,,,
https://goldapple.ru/26723600002-bamboo-harmony,,,,,,
https://goldapple.ru/19000144173-irresistible-eau-de-parfum-rose-velvet,,,,,,
https://goldapple.ru/19000127048-santal-odeyar,,,,,,
https://goldapple.ru/26732700003-vetyver-liquid,,,,,,
https://goldapple.ru/19000203333-vitalitas,,,,,,
https://goldapple.ru/19000144152-gentleman-society-deodorant-spray,,,,,,
https://goldapple.ru/19000438923-tabak-vanil,,,,,,
https://goldapple.ru/99000046673-peach-nectar-golden-santal-tonka,,,,,,
https://goldapple.ru/19000311810-prophetissa,,,,,,
https://goldapple.ru/19000499652-eden-cherry-passion,,,,,,
https://goldapple.ru/19000295849-lemon-mandarin-neroli-seryj,,,,,,
https://goldapple.ru/19000305811-19,,,,,,
https://goldapple.ru/19000296585-uspeh,,,,,,
https://goldapple.ru/19000206603-pacific-drive,,,,,,
https://goldapple.ru/41100600001-stockholm-rose,,,,,,
https://goldapple.ru/99000090073-sobranie-7,,,,,,
https://goldapple.ru/19000381330-eastern-tantra,,,,,,
https://goldapple.ru/19000058286-puzzle-of-color,,,,,,
https://goldapple.ru/19000225789-topless,,,,,,
https://goldapple.ru/19000439654-before-sunrise,,,,,,
https://goldapple.ru/19000486374-blizost,,,,,,
https://goldapple.ru/19000461135-wavechild,,,,,,
https://goldapple.ru/19000042267-knight-of-love,,,,,,
https://goldapple.ru/19000324265-citrusovyj-sad,,,,,,
https://goldapple.ru/19000321429-ceresia,,,,,,
https://goldapple.ru/19000300319-cosaque,,,,,,
https://goldapple.ru/83670200009-spontaneous-generosity,,,,,,
https://goldapple.ru/19000437942-amber-neroli,,,,,,
https://goldapple.ru/19000334840-chocolate-musk,,,,,,
https://goldapple.ru/19000239117-rose-no36,,,,,,
https://goldapple.ru/99000055597-wild-mint,,,,,,
https://goldapple.ru/99000107256-savory-tangerine,,,,,,
https://goldapple.ru/99000070834-beauty-glow-lovely-cherry,,,,,,
https://goldapple.ru/19000455137-orange-jasmine,,,,,,
https://goldapple.ru/19000059314-sabil-nocturne,,,,,,
https://goldapple.ru/19000453072-illusion,,,,,,
https://goldapple.ru/19000209549-esencia-elixir,,,,,,
https://goldapple.ru/80790400006-infusion-d-iris,,,,,,
https://goldapple.ru/19000492964-ecolatier-osmantus-peach-jasmine,,,,,,
https://goldapple.ru/99000139478-kamali-vostok,,,,,,
https://goldapple.ru/19000290654-bad-boy-cobalt-elixir,,,,,,
https://goldapple.ru/19000124985-sartorial,,,,,,
https://goldapple.ru/19760332198-stockholm-1978,,,,,,
https://goldapple.ru/19000470679-sense-of-freshness,,,,,,
https://goldapple.ru/99000043650-obsession,,,,,,
https://goldapple.ru/99000099652-garden-of-eden,,,,,,
https://goldapple.ru/19000222638-mount-pine,,,,,,
https://goldapple.ru/19000275207-pear-rose,,,,,,
https://goldapple.ru/19000026683-rozmarin-citrus,,,,,,
https://goldapple.ru/99000009833-alessandro-01,,,,,,
https://goldapple.ru/19000442143-bottled-beyond,,,,,,
https://goldapple.ru/19000291183-the-iris-way,,,,,,
https://goldapple.ru/19000433680-fig-lavender,,,,,,
https://goldapple.ru/19000063345-iii-i-l-attesa,,,,,,
https://goldapple.ru/19000455022-vetiver-rosemary,,,,,,
https://goldapple.ru/19000381380-spring,,,,,,
https://goldapple.ru/19000115649-eclats-de-patchouli,,,,,,
https://goldapple.ru/19000010980-allegra-rock-n-rome,,,,,,
https://goldapple.ru/19000399401-ingenious-ginger,,,,,,
https://goldapple.ru/19000279793-cndl-5-blu,,,,,,
https://goldapple.ru/19000039081-mediterranean-orange,,,,,,
https://goldapple.ru/19000402022-love,,,,,,
https://goldapple.ru/99000082817-sandalovoe-derevo-i-paculi,,,,,,
https://goldapple.ru/99000073324-marrakesh-market,,,,,,
https://goldapple.ru/99000084751-thai-mango,,,,,,
https://goldapple.ru/19000374368-tabak-i-paculi,,,,,,
https://goldapple.ru/19000180364-pocket-atomizer,,,,,,
https://goldapple.ru/19760329920-svezhiy,,,,,,
https://goldapple.ru/99000011362-visna-tabak,,,,,,
https://goldapple.ru/19000118641-lavender,,,,,,
https://goldapple.ru/19000451193-no50-34,,,,,,
https://goldapple.ru/80117100001-eternity,,,,,,
https://goldapple.ru/19000031688-american-movies,,,,,,
https://goldapple.ru/19000239102-bois-fume-no38,,,,,,
https://goldapple.ru/19000268055-wind-flower,,,,,,
https://goldapple.ru/19000277455-iris-oil-and-bourbon-vanilla,,,,,,
https://goldapple.ru/19000155349-fresh-linen,,,,,,
https://goldapple.ru/99000093045-no53-cherry,,,,,,
https://goldapple.ru/99000023372-for-gift,,,,,,
https://goldapple.ru/99000073841-wellness-rich-pear-bergamote-lily,,,,,,
https://goldapple.ru/19000219005-prive-amalthea,,,,,,
https://goldapple.ru/99000006219-gordost,,,,,,
https://goldapple.ru/82092100003-this-is-not-a-blue-bottle,,,,,,
https://goldapple.ru/19000349016-sensual,,,,,,
https://goldapple.ru/26144500001-woodstock,,,,,,
https://goldapple.ru/19000378142-mira,,,,,,
https://goldapple.ru/19000278121-garden-herbs,,,,,,
https://goldapple.ru/99000042845-dancing-queen,,,,,,
https://goldapple.ru/19000349574-citrus-poetry,,,,,,
https://goldapple.ru/19000109161-no-10,,,,,,
https://goldapple.ru/19000429233-awake-make-a-wish,,,,,,
https://goldapple.ru/19000383946-magia-utra,,,,,,
https://goldapple.ru/19000311572-guilty-crush,,,,,,
https://goldapple.ru/19000239620-no5,,,,,,
https://goldapple.ru/19000472782-black-pepper-amber,,,,,,
https://goldapple.ru/19000345242-red-grapefruit-bergamot-amber,,,,,,
https://goldapple.ru/19000357696-comme-l-air,,,,,,
https://goldapple.ru/99000005307-pink-s,,,,,,
https://goldapple.ru/19000349587-je-m-en-fous,,,,,,
https://goldapple.ru/19000399935-01,,,,,,
https://goldapple.ru/19000436417-sandal,,,,,,
https://goldapple.ru/15520100005-1869-acqua-di-colonia,,,,,,
https://goldapple.ru/19000118758-honey-from-provence,,,,,,
https://goldapple.ru/19000090582-millennium-scent,,,,,,
https://goldapple.ru/19000038861-fresh-cotton,,,,,,
https://goldapple.ru/19000213979-winter-hearth,,,,,,
https://goldapple.ru/19000131333-wild-cedar-tree,,,,,,
https://goldapple.ru/99000137439-kamali-mini-mist,,,,,,
https://goldapple.ru/19000398658-lonicera-de-nuit,,,,,,
https://goldapple.ru/99000115136-comme-un-gant,,,,,,
https://goldapple.ru/19000451218-no10-15,,,,,,
https://goldapple.ru/99000128662-magnij-morskaa-sol-inzir-i-bergamot,,,,,,
https://goldapple.ru/19000492969-ecolatier-amber-musk-vanilla,,,,,,
https://goldapple.ru/82091700002-740-marquis-de-sade,,,,,,
https://goldapple.ru/19000316871-f049,,,,,,
https://goldapple.ru/26800100002-acqua-universalis,,,,,,
https://goldapple.ru/99000138731-marussia-elysscent,,,,,,
https://goldapple.ru/19000483124-mystic-red,,,,,,
https://goldapple.ru/19760336264-mon-guerlain-sparkling-bouquet,,,,,,
https://goldapple.ru/19000213879-white-jasmine,,,,,,
https://goldapple.ru/81993600001-lady-intense,,,,,,
https://goldapple.ru/19000227730-cedar-and-saffron,,,,,,
https://goldapple.ru/19000291180-nabati,,,,,,
https://goldapple.ru/19000486227-la-rose,,,,,,
https://goldapple.ru/19000122387-midnight-black-tea,,,,,,
https://goldapple.ru/19000455134-blackcurrant-geranium-amber-leather,,,,,,
https://goldapple.ru/19000490545-alan-bray-maison-discovery,,,,,,
https://goldapple.ru/19000478115-velvet-leather-parfum,,,,,,
https://goldapple.ru/19000118563-agrumi,,,,,,
https://goldapple.ru/26732000001-inflorescence,,,,,,
https://goldapple.ru/90151200001-moss,,,,,,
https://goldapple.ru/19000445868-bright-crystal,,,,,,
https://goldapple.ru/19000294170-lemon-mandarin-neroli-terrakotovyj,,,,,,
https://goldapple.ru/19000138152-rose-amber,,,,,,
https://goldapple.ru/99000026320-multi-oil-body-wash,,,,,,
https://goldapple.ru/19000468844-fame-in-love,,,,,,
https://goldapple.ru/19000184200-no2,,,,,,
https://goldapple.ru/19000202649-aroma-diffuser,,,,,,
https://goldapple.ru/99000021897-green-mango,,,,,,
https://goldapple.ru/19000098986-santal,,,,,,
https://goldapple.ru/19000069255-anima-libera,,,,,,
https://goldapple.ru/99000034341-bois-1920-notturno-fiorentino,,,,,,
https://goldapple.ru/19000097049-parfum-10,,,,,,
https://goldapple.ru/19000412477-patchouli,,,,,,
https://goldapple.ru/19000291182-shanghai-1930,,,,,,
https://goldapple.ru/19000464202-midnight-scented-dream,,,,,,
https://goldapple.ru/19000148353-bois-imperial-by-quentin-bisch,,,,,,
https://goldapple.ru/19000378837-pistachio-haiku,,,,,,
https://goldapple.ru/19000418582-tobacco-volute,,,,,,
https://goldapple.ru/99000037815-bellini,,,,,,
https://goldapple.ru/19000311855-rolling-in-love,,,,,,
https://goldapple.ru/19000231851-godspeed,,,,,,
https://goldapple.ru/19000233610-mandarin-raspberry,,,,,,
https://goldapple.ru/19000349042-cotton,,,,,,
https://goldapple.ru/80620200008-eau-du-soir-perfumed-bath-and-shower-gel,,,,,,
https://goldapple.ru/19000421878-zante,,,,,,
https://goldapple.ru/82811000024-fleur-narcotique,,,,,,
https://goldapple.ru/19000486100-her-majesty,,,,,,
https://goldapple.ru/19000412470-japanese,,,,,,
https://goldapple.ru/19000482631-fruit-sparkling,,,,,,
https://goldapple.ru/19000257102-70-basting-day,,,,,,
https://goldapple.ru/19000118655-pomona,,,,,,
https://goldapple.ru/19000182836-my-first-aurum,,,,,,
https://goldapple.ru/19000361841-no-15-cedar,,,,,,
https://goldapple.ru/99000124211-tobacco-vanille,,,,,,
https://goldapple.ru/19000402029-cherry-show,,,,,,
https://goldapple.ru/19000132817-voyage-sur-la-route-d-udaipur,,,,,,
https://goldapple.ru/26290900001-for-him-bleu-noir,,,,,,
https://goldapple.ru/19000266087-ambre-rouge,,,,,,
https://goldapple.ru/19000210256-niche-collection-1024-aquatic,,,,,,
https://goldapple.ru/19000234938-sicily,,,,,,
https://goldapple.ru/19000234742-africa,,,,,,
https://goldapple.ru/19000493424-architect-demidoff-time-12-00,,,,,,
https://goldapple.ru/19000139404-eau-de-parfum-citopia,,,,,,
https://goldapple.ru/19000398305-illusion,,,,,,
https://goldapple.ru/19000179919-no38,,,,,,
https://goldapple.ru/19000128569-luxury-life,,,,,,
https://goldapple.ru/19000450011-cassis-trigger,,,,,,
https://goldapple.ru/19000010964-allegra-dolce-estasi,,,,,,
https://goldapple.ru/19000135089-japan,,,,,,
https://goldapple.ru/19000494574-poemes-de-provence-saffron-vetiver,,,,,,
https://goldapple.ru/19000331101-svet,,,,,,
https://goldapple.ru/99000137781-bea-s-w523,,,,,,
https://goldapple.ru/99000075782-green-fig,,,,,,
https://goldapple.ru/19000395969-leather-oud,,,,,,
https://goldapple.ru/99000090070-sobranie-6,,,,,,
https://goldapple.ru/19000454025-rozmarin-lavr-salfej,,,,,,
https://goldapple.ru/19000234930-dune,,,,,,
https://goldapple.ru/99000054835-heart-king-of-spirit,,,,,,
https://goldapple.ru/99000146300-kamali-la-lune-de-miel,,,,,,
https://goldapple.ru/80791000004-luna-rossa,,,,,,
https://goldapple.ru/19760342310-mixed-emotions,,,,,,
https://goldapple.ru/99000046188-moulin-rouge,,,,,,
https://goldapple.ru/19000451557-kaif,,,,,,
https://goldapple.ru/99000059761-a-fairy-tale-to-be,,,,,,
https://goldapple.ru/99000123015-carousel-gold,,,,,,
https://goldapple.ru/19000306243-cernoe-more,,,,,,
https://goldapple.ru/19000347966-decent,,,,,,
https://goldapple.ru/19000302281-teakwood-and-tobacco,,,,,,
https://goldapple.ru/19000322212-brillant-nuage-pur,,,,,,
https://goldapple.ru/99000085258-sneznyj-bars,,,,,,
https://goldapple.ru/19000164217-cote-de-parfum-fancy,,,,,,
https://goldapple.ru/19000013016-ani,,,,,,
https://goldapple.ru/99000083636-cherry-beans-tonka,,,,,,
https://goldapple.ru/26046000004-vanille-cafe,,,,,,
https://goldapple.ru/99000034342-oro-rosa,,,,,,
https://goldapple.ru/19000291939-burning-passion,,,,,,
https://goldapple.ru/19000206590-flora-femina,,,,,,
https://goldapple.ru/19000451178-no50-10,,,,,,
https://goldapple.ru/19000381361-winter,,,,,,
https://goldapple.ru/19000381332-divine-karma,,,,,,
https://goldapple.ru/19000399457-saffron-tonka-beans,,,,,,
https://goldapple.ru/99000097998-sweet-dream,,,,,,
https://goldapple.ru/19000377341-azaran,,,,,,
https://goldapple.ru/19000132891-cypress-cedar,,,,,,
https://goldapple.ru/19000067214-anna,,,,,,
https://goldapple.ru/99000129173-chilling-at-home,,,,,,
https://goldapple.ru/19000186007-tulum-belaa,,,,,,
https://goldapple.ru/99000066176-ital-anskie-sady,,,,,,
https://goldapple.ru/19000321407-love-luxury-collection,,,,,,
https://goldapple.ru/19000009151-matte-candle-jackie,,,,,,
https://goldapple.ru/19000042576-peach-passion-fruit-musk,,,,,,
https://goldapple.ru/7192400021-sauvage,,,,,,
https://goldapple.ru/19760314706-haute-provence,,,,,,
https://goldapple.ru/19000312026-07-salty-salt,,,,,,
https://goldapple.ru/19000476944-loewe-un-paseo-por-madrid-rosaleda,,,,,,
https://goldapple.ru/19000312172-black-pepper,,,,,,
https://goldapple.ru/19000023193-woman-s-best,,,,,,
https://goldapple.ru/19000291673-i-wanna-be-loved-by-you,,,,,,
https://goldapple.ru/19000043661-galatea,,,,,,
https://goldapple.ru/19000090593-barhat,,,,,,
https://goldapple.ru/19000013097-legendes-du-cedre,,,,,,
https://goldapple.ru/19000154746-royal-earth,,,,,,
https://goldapple.ru/26661000002-anyway,,,,,,
https://goldapple.ru/19000331096-rouge,,,,,,
https://goldapple.ru/19000300853-honey-bourbon,,,,,,
https://goldapple.ru/19000455577-indocile,,,,,,
https://goldapple.ru/19000233093-spiritual,,,,,,
https://goldapple.ru/19000125645-neroli-pine-needle,,,,,,
https://goldapple.ru/19000097781-sweet-tobacco-terre-masculin,,,,,,
https://goldapple.ru/19000172703-selective-base-2034,,,,,,
https://goldapple.ru/19000351377-anniversary-collection-timeless,,,,,,
https://goldapple.ru/7431400003-bright-crystal-absolu,,,,,,
https://goldapple.ru/19000294056-la-balade,,,,,,
https://goldapple.ru/19000398355-electron,,,,,,
https://goldapple.ru/99000107364-segreti-divini-2,,,,,,
https://goldapple.ru/19000424753-a-dessein,,,,,,
https://goldapple.ru/19000231990-elle-7-kirenza,,,,,,
https://goldapple.ru/83810100009-dahab,,,,,,
https://goldapple.ru/7191100013-diorella,,,,,,
https://goldapple.ru/82080200001-siwa,,,,,,
https://goldapple.ru/99000138753-la-lettre-discovery-set-3,,,,,,
https://goldapple.ru/19000467299-blackcurrant-geranium-amber-leather,,,,,,
https://goldapple.ru/19000099047-motion-7-vanilla,,,,,,
https://goldapple.ru/19000118730-melangrana,,,,,,
https://goldapple.ru/19000398353-entice-allura,,,,,,
https://goldapple.ru/19000318984-musk-therapy,,,,,,
https://goldapple.ru/19000273269-flora-gentle-jasmine,,,,,,
https://goldapple.ru/19000424956-lavender-sage-cedar,,,,,,
https://goldapple.ru/19000395976-oud-nobile,,,,,,
https://goldapple.ru/19000009364-arme-blanche,,,,,,
https://goldapple.ru/19000463934-status-quo,,,,,,
https://goldapple.ru/19000465894-royal-spa,,,,,,
https://goldapple.ru/19000098987-the-wedding,,,,,,
https://goldapple.ru/99000127604-tabak-i-vanil,,,,,,
https://goldapple.ru/19000139037-twiling,,,,,,
https://goldapple.ru/19000196070-cashmere,,,,,,
https://goldapple.ru/19000225781-decent,,,,,,
https://goldapple.ru/19000395966-ambra,,,,,,
https://goldapple.ru/19000059086-mahrajan-absolute,,,,,,
https://goldapple.ru/19760336373-guilty-pour-femme,,,,,,
https://goldapple.ru/83290100020-garden-of-kings-nuit-des-rois,,,,,,
https://goldapple.ru/19760300432-003-yuzu-feuilles-de-violette-vetiver,,,,,,
https://goldapple.ru/19000473394-treselle,,,,,,
https://goldapple.ru/99000036867-coffee-marzipan,,,,,,
https://goldapple.ru/99000041629-kasbah,,,,,,
https://goldapple.ru/19000349131-cashmere,,,,,,
https://goldapple.ru/19000118637-grecale,,,,,,
https://goldapple.ru/19000349576-cuir-noir,,,,,,
https://goldapple.ru/19000418584-coeur-vagabond,,,,,,
https://goldapple.ru/19000293597-wonderland,,,,,,
https://goldapple.ru/19000251465-zeste-d-agrumes,,,,,,
https://goldapple.ru/99000011368-derevo,,,,,,
https://goldapple.ru/19000232663-signature-grey,,,,,,
https://goldapple.ru/19000489215-rouge-bunny-rouge-l-eau-etat,,,,,,
https://goldapple.ru/99000105030-tabak-i-vanil,,,,,,
https://goldapple.ru/19000344547-brun,,,,,,
https://goldapple.ru/99000045112-rose-power-essence,,,,,,
https://goldapple.ru/82083100001-rose-of-no-man-s-land,,,,,,
https://goldapple.ru/19000324795-gorgeous-orchid,,,,,,
https://goldapple.ru/19000161985-sandalwood,,,,,,
https://goldapple.ru/99000106295-amber-oak,,,,,,
https://goldapple.ru/19000471829-seduction,,,,,,
https://goldapple.ru/19760327528-dylan-turquoise,,,,,,
https://goldapple.ru/99000132030-cerulean,,,,,,
https://goldapple.ru/26163500002-chocolate-greedy,,,,,,
https://goldapple.ru/19000470584-dragon,,,,,,
https://goldapple.ru/99000132508-aromaty-grassa,,,,,,
https://goldapple.ru/19000312154-elisir-di-melagrana,,,,,,
https://goldapple.ru/99000042341-moscow,,,,,,
https://goldapple.ru/19000180353-grapefruit-patchouli-white-rose,,,,,,
https://goldapple.ru/19000090603-bubble-gum,,,,,,
https://goldapple.ru/19000257109-90-d-garh-palace,,,,,,
https://goldapple.ru/19000090633-chance,,,,,,
https://goldapple.ru/7231700002-guilty-pour-homme,,,,,,
https://goldapple.ru/19000360735-sandalwood,,,,,,
https://goldapple.ru/19000062899-f017,,,,,,
https://goldapple.ru/99000060782-sandal-jasmine,,,,,,
https://goldapple.ru/19000021051-sea-air,,,,,,
https://goldapple.ru/19000440574-the-hug,,,,,,
https://goldapple.ru/19000076285-aire-sutileza,,,,,,
https://goldapple.ru/7150100002-happy,,,,,,
https://goldapple.ru/99000115272-russian-soul,,,,,,
https://goldapple.ru/19000155358-cozy-home,,,,,,
https://goldapple.ru/19000308567-so-seduced,,,,,,
https://goldapple.ru/99000043098-pluska-moskovskaa,,,,,,
https://goldapple.ru/82082300001-eau-de-memo,,,,,,
https://goldapple.ru/19000005034-esencia,,,,,,
https://goldapple.ru/7192300008-dior-homme-intense,,,,,,
https://goldapple.ru/19000447221-the-musc-by-calice-becker,,,,,,
https://goldapple.ru/19000454151-ck-one,,,,,,
https://goldapple.ru/19000300640-halloween-man,,,,,,
https://goldapple.ru/19000494175-emper-genius-candy-licious,,,,,,
https://goldapple.ru/19000339415-philosia,,,,,,
https://goldapple.ru/19000399443-basil-vetiver,,,,,,
https://goldapple.ru/7686200006-gentleman,,,,,,
https://goldapple.ru/19000348852-red-grapes,,,,,,
https://goldapple.ru/19000384376-urban-pink,,,,,,
https://goldapple.ru/7035400001-boss-the-scent,,,,,,
https://goldapple.ru/19000495611-dr-vranjes-firenze-discovery-kit,,,,,,
https://goldapple.ru/19000181680-vip-dream-catcher,,,,,,
https://goldapple.ru/19000494563-lab-fragrance-ambroxan,,,,,,
https://goldapple.ru/19000392871-midnight-neroli,,,,,,
https://goldapple.ru/19000321519-diamante,,,,,,
https://goldapple.ru/19000233609-melon-vanilla,,,,,,
https://goldapple.ru/19000374539-young-happy-dr-nk,,,,,,
https://goldapple.ru/19000470516-neroli,,,,,,
https://goldapple.ru/19000282702-private-collection-e-cashmere-musk,,,,,,
https://goldapple.ru/19000113028-new-year-mandarin,,,,,,
https://goldapple.ru/19000391340-iris-musk,,,,,,
https://goldapple.ru/19000310677-neroli-botanica,,,,,,
https://goldapple.ru/99000065687-pure-cherry,,,,,,
https://goldapple.ru/99000146695-laba-soul,,,,,,
https://goldapple.ru/83830100007-terra-in-amore,,,,,,
https://goldapple.ru/19000203353-oud-and-bergamot,,,,,,
https://goldapple.ru/19000424755-par-ailleurs,,,,,,
https://goldapple.ru/24331600024-christmas-stories,,,,,,
https://goldapple.ru/19000375070-cherry-passion,,,,,,
https://goldapple.ru/19000029928-golden-fever,,,,,,
https://goldapple.ru/99000106717-paculi-i-ambra,,,,,,
https://goldapple.ru/19000494177-emper-genius-event,,,,,,
https://goldapple.ru/99000129266-tsuyu-fawn,,,,,,
https://goldapple.ru/19000444415-instant-crush,,,,,,
https://goldapple.ru/19000354576-les-soirs-de-siam,,,,,,
https://goldapple.ru/99000035605-don-t-ask-me-permission,,,,,,
https://goldapple.ru/19000039454-thai-mango,,,,,,
https://goldapple.ru/19000213973-vip,,,,,,
https://goldapple.ru/19000239673-maison-strawberry-champagne,,,,,,
https://goldapple.ru/99000032565-gold,,,,,,
https://goldapple.ru/19000311850-good-girl-gone-bad,,,,,,
https://goldapple.ru/19000225799-road-to-raradise,,,,,,
https://goldapple.ru/19000469387-sonia,,,,,,
https://goldapple.ru/99000051386-pomegranate-acai-ginger,,,,,,
https://goldapple.ru/19000031680-caribbean-night,,,,,,
https://goldapple.ru/19760305902-room-service,,,,,,
https://goldapple.ru/19000090605-oxygen,,,,,,
https://goldapple.ru/19000189834-venetiae,,,,,,
https://goldapple.ru/36050300007-gran-ballo,,,,,,
https://goldapple.ru/19000232706-monsieur-le-prince,,,,,,
https://goldapple.ru/19000182867-les-exclusives-roseum,,,,,,
https://goldapple.ru/19000429224-cherry-almond,,,,,,
https://goldapple.ru/19000399442-black-tea-lumi,,,,,,
https://goldapple.ru/19000168226-brissac,,,,,,
https://goldapple.ru/99000124216-vetiver-ambra-rouge,,,,,,
https://goldapple.ru/19000451159-no13-24,,,,,,
https://goldapple.ru/19000408040-lilly-on-the-valley,,,,,,
https://goldapple.ru/19000164220-parfumance-patchouli-maracuja,,,,,,
https://goldapple.ru/99000106705-dolce-vita,,,,,,
https://goldapple.ru/19000307094-perpetual,,,,,,
https://goldapple.ru/19000312142-perry,,,,,,
https://goldapple.ru/99000035617-silenzio-extrait-de-parfum,,,,,,
https://goldapple.ru/26775600001-jardin-exclusif,,,,,,
https://goldapple.ru/19000007927-scandal-for-her,,,,,,
https://goldapple.ru/19000427068-white-page-pure-feeling,,,,,,
https://goldapple.ru/19000429252-legend,,,,,,
https://goldapple.ru/19000322814-blu-mediterraneo-mandarino-di-sicilia,,,,,,
https://goldapple.ru/19000472417-angel-lady,,,,,,
https://goldapple.ru/19000167823-irresistible,,,,,,
https://goldapple.ru/99000156499-maag-allure,,,,,,
https://goldapple.ru/83322600005-vitamin-e,,,,,,
https://goldapple.ru/19000097052-parfum-15,,,,,,
https://goldapple.ru/19000418042-audace,,,,,,
https://goldapple.ru/19000203326-incendium,,,,,,
https://goldapple.ru/99000075784-pacific-ocean,,,,,,
https://goldapple.ru/99000107114-l-a,,,,,,
https://goldapple.ru/19000196123-divino-bianco-90-anniversario,,,,,,
https://goldapple.ru/99000034968-imperium,,,,,,
https://goldapple.ru/99000093399-ocean-breeze-air-pur,,,,,,
https://goldapple.ru/19000257720-mesmerize-me,,,,,,
https://goldapple.ru/99000125540-pure-angel,,,,,,
https://goldapple.ru/99000107259-ocean-breeze,,,,,,
https://goldapple.ru/99000082111-grejpfrut-i-mimoza,,,,,,
https://goldapple.ru/19000308549-les-infinis-matiere-noble,,,,,,
https://goldapple.ru/19000193224-magnolia-pear,,,,,,
https://goldapple.ru/19760340610-fiction,,,,,,
https://goldapple.ru/99000041546-no908-homme,,,,,,
https://goldapple.ru/99000131440-queen-of-flowers,,,,,,
https://goldapple.ru/19000410843-magique,,,,,,
https://goldapple.ru/83460100005-opus-1144,,,,,,
https://goldapple.ru/19000262193-the-only-one,,,,,,
https://goldapple.ru/82402300006-eau-de-magnolia-body-wash,,,,,,
https://goldapple.ru/99000018414-fragrance-mix-2,,,,,,
https://goldapple.ru/19000234817-fleur,,,,,,
https://goldapple.ru/90150600001-black-pepper-amber-neroli,,,,,,
https://goldapple.ru/19000426974-oud-amber-wood-blend,,,,,,
https://goldapple.ru/19000421320-wedding-bride,,,,,,
https://goldapple.ru/19000097746-black-pepper-terre-masculin,,,,,,
https://goldapple.ru/19000365679-sweet-pulp,,,,,,
https://goldapple.ru/19000206597-leather-trance,,,,,,
https://goldapple.ru/26175700001-rendez-vouz-a-moscou,,,,,,
https://goldapple.ru/19000051105-ab-so-lute,,,,,,
https://goldapple.ru/19000230549-kob,,,,,,
https://goldapple.ru/19000437918-blackcurrant-leaf-berries-musk,,,,,,
https://goldapple.ru/19000386849-perfumed-lotion-no8,,,,,,
https://goldapple.ru/19000472551-cuir-a-corps,,,,,,
https://goldapple.ru/19760330286-black-vetiver-amber,,,,,,
https://goldapple.ru/19000381050-g-008,,,,,,
https://goldapple.ru/99000051955-amber,,,,,,
https://goldapple.ru/99000156453-maag-parfum-tendre,,,,,,
https://goldapple.ru/19000342023-hacivat,,,,,,
https://goldapple.ru/19000455126-blackcurrant-geranium-amber-leather,,,,,,
https://goldapple.ru/19000101567-dulce-pear,,,,,,
https://goldapple.ru/99000054844-slow-motion,,,,,,
https://goldapple.ru/99000041719-oud,,,,,,
https://goldapple.ru/19000465880-more-soffee-please,,,,,,
https://goldapple.ru/19000438922-visna,,,,,,
https://goldapple.ru/99000032595-vanilla-coconut-and-lost-cherry,,,,,,
https://goldapple.ru/19000413187-sagesse-de-salomon,,,,,,
https://goldapple.ru/19760300542-daisy-eau-so-fresh,,,,,,
https://goldapple.ru/19000120775-rose-shot,,,,,,
https://goldapple.ru/19000451148-no13-13,,,,,,
https://goldapple.ru/19000341964-fake-love,,,,,,
https://goldapple.ru/19760337065-born-in-roma-donna-yellow-dream,,,,,,
https://goldapple.ru/19000311823-purezza-di-spirito,,,,,,
https://goldapple.ru/19000109157-no-4,,,,,,
https://goldapple.ru/26180600012-ma-reine,,,,,,
https://goldapple.ru/19000362311-cool-water-reborn-women,,,,,,
https://goldapple.ru/19000494413-hfc-narcotic-desire,,,,,,
https://goldapple.ru/19000159052-ambre-sensuel,,,,,,
https://goldapple.ru/19000396688-spritz,,,,,,
https://goldapple.ru/19000212643-cafe-rose,,,,,,
https://goldapple.ru/99000143681-tako-home-alisa-v-strane-cudes-koza-i-sandal,,,,,,
https://goldapple.ru/19000418095-paculi-i-sandal,,,,,,
https://goldapple.ru/19000106766-mirra-i-salfej-puzyri,,,,,,
https://goldapple.ru/99000018442-almond-cherry-blossoms,,,,,,
https://goldapple.ru/99000081977-caj-ulun-i-neroli,,,,,,
https://goldapple.ru/19000440540-21-ostrov-borneo,,,,,,
https://goldapple.ru/19000487719-very-irresistible,,,,,,
https://goldapple.ru/19000167933-white-sheikh,,,,,,
https://goldapple.ru/19000097783-teakwood-and-sandal-botanique,,,,,,
https://goldapple.ru/19000213989-by-the-fireplace,,,,,,
https://goldapple.ru/19000155345-tobacco-and-black-pepper,,,,,,
https://goldapple.ru/19000395968-leather-oud,,,,,,
https://goldapple.ru/19000451224-no10-21,,,,,,
https://goldapple.ru/19000136717-intrigue-de-l-amour,,,,,,
https://goldapple.ru/19760305908-morning-chess,,,,,,
https://goldapple.ru/19000300636-magic,,,,,,
https://goldapple.ru/19000440620-11-plaz-vajkiki,,,,,,
https://goldapple.ru/19000132141-wild-berry-bramble,,,,,,
https://goldapple.ru/19000155915-cedar-malaki,,,,,,
https://goldapple.ru/19000423873-petrichor,,,,,,
https://goldapple.ru/19000348302-arabian-nights,,,,,,
https://goldapple.ru/19000324270-aromatnyj-glintvejn,,,,,,
https://goldapple.ru/99000074515-marrakesh-market,,,,,,
https://goldapple.ru/19000239101-bergamot-no30,,,,,,
https://goldapple.ru/19000399136-vertigo-236,,,,,,
https://goldapple.ru/19000196077-cioccolato-e-arancio,,,,,,
https://goldapple.ru/19000038826-voyage-sur-la-route-des-epices,,,,,,
https://goldapple.ru/19000178918-fly-to-miracle,,,,,,
https://goldapple.ru/19000204968-wax-play,,,,,,
https://goldapple.ru/19000120857-eyes-closed,,,,,,
https://goldapple.ru/19000450796-sugar-leather,,,,,,
https://goldapple.ru/19000408041-peach,,,,,,
https://goldapple.ru/19000334205-zeste-d-orange-oud,,,,,,
https://goldapple.ru/19000374353-vodanaa-lilia,,,,,,
https://goldapple.ru/19000493772-hi-dear-black-tea-lumi,,,,,,
https://goldapple.ru/99000078020-pear-peach-vanilla,,,,,,
https://goldapple.ru/19000310413-apel-sin-i-gardenia,,,,,,
https://goldapple.ru/19000132037-sandal-oval-naa,,,,,,
https://goldapple.ru/19000279937-good-girl-blush-elixir,,,,,,
https://goldapple.ru/19000262183-pour-homme,,,,,,
https://goldapple.ru/19000321455-patchoulove,,,,,,
https://goldapple.ru/99000009843-white-widow,,,,,,
https://goldapple.ru/19000257099-10-vanilla-bloom,,,,,,
https://goldapple.ru/19000342019-deziro,,,,,,
https://goldapple.ru/19000303153-jardins-humanistes,,,,,,
https://goldapple.ru/19000155392-orange-ice-cream,,,,,,
https://goldapple.ru/99000139495-lovely-day-spice-mimosa,,,,,,
https://goldapple.ru/19000235927-honour-woman,,,,,,
https://goldapple.ru/19000374352-vetiver-i-sandal,,,,,,
https://goldapple.ru/19000235963-imitation-man,,,,,,
https://goldapple.ru/83730200004-soul-batik,,,,,,
https://goldapple.ru/19760318084-black-phantom-travel-set,,,,,,
https://goldapple.ru/19000493518-russkay-kosmetika-tabak-i-vanil,,,,,,
https://goldapple.ru/99000106316-woodmoss,,,,,,
https://goldapple.ru/19000263997-black-incense-malaki,,,,,,
https://goldapple.ru/19000061963-amsterdam,,,,,,
https://goldapple.ru/19000000389-delina-la-rosee,,,,,,
https://goldapple.ru/19000259385-hoggar-eau-de-toilette,,,,,,
https://goldapple.ru/19000427271-instinct-20th-anniversary-edition,,,,,,
https://goldapple.ru/99000027411-francuzskaa-pekarna,,,,,,
https://goldapple.ru/99000106309-enigma,,,,,,
https://goldapple.ru/99000015142-tobacco-vanille,,,,,,
https://goldapple.ru/19000097769-mango-kiss-chez-maman,,,,,,
https://goldapple.ru/19000389838-son-v-saanah,,,,,,
https://goldapple.ru/19000038905-lavender,,,,,,
https://goldapple.ru/19000084114-cedar-sandalwood-amber-patchouli,,,,,,
https://goldapple.ru/19000085076-tonka,,,,,,
https://goldapple.ru/19000470779-black-pepper-amber-neroli,,,,,,
https://goldapple.ru/19000413178-legende-de-saba,,,,,,
https://goldapple.ru/19000059306-original-collection-x-feminine,,,,,,
https://goldapple.ru/19000009355-douce-insomnie,,,,,,
https://goldapple.ru/19000471297-prazdnicnyj-feerverk,,,,,,
https://goldapple.ru/19000329340-knowing-legacy,,,,,,
https://goldapple.ru/19000126974-quercus,,,,,,
https://goldapple.ru/19000424757-terre-authentique,,,,,,
https://goldapple.ru/19000456477-exotic-oud,,,,,,
https://goldapple.ru/19000141115-baccarat,,,,,,
https://goldapple.ru/19000051110-trace,,,,,,
https://goldapple.ru/19000244081-the-secret-absolu,,,,,,
https://goldapple.ru/99000109205-marrakes,,,,,,
https://goldapple.ru/19000440608-the-glow,,,,,,
https://goldapple.ru/19000233081-original-collection,,,,,,
https://goldapple.ru/99000093049-no33-chocolate,,,,,,
https://goldapple.ru/99000037177-7,,,,,,
https://goldapple.ru/19000232708-royal-style,,,,,,
https://goldapple.ru/19000432275-cote-d-azur,,,,,,
https://goldapple.ru/99000120288-zimnij-les,,,,,,
https://goldapple.ru/82091700003-1740-marquis-de-sade,,,,,,
https://goldapple.ru/19000470680-sense-of-security,,,,,,
https://goldapple.ru/19000052220-green-virus,,,,,,
https://goldapple.ru/19000289903-wooden-case,,,,,,
https://goldapple.ru/99000147326-sela-korolevskij-atlas,,,,,,
https://goldapple.ru/19000115651-les-essentielles,,,,,,
https://goldapple.ru/19000455557-d-enfance,,,,,,
https://goldapple.ru/19000463152-mindal-vanil-i-boby-tonka,,,,,,
https://goldapple.ru/19000118770-orchidea-selvatica,,,,,,
https://goldapple.ru/83430100016-smoke-show,,,,,,
https://goldapple.ru/19760334707-proserpina,,,,,,
https://goldapple.ru/19000295814-portrait-of-a-lady-hair-mist,,,,,,
https://goldapple.ru/19000424752-sans-blague,,,,,,
https://goldapple.ru/19000192220-nagchampa,,,,,,
https://goldapple.ru/19000239402-rain,,,,,,
https://goldapple.ru/19000039519-rosso,,,,,,
https://goldapple.ru/7431200002-yellow-diamond,,,,,,
https://goldapple.ru/19000455563-joyaux-d-orient-intense,,,,,,
https://goldapple.ru/19000235348-ciel-de-paris,,,,,,
https://goldapple.ru/19000246018-oriental-soul,,,,,,
https://goldapple.ru/19000143298-red-dress,,,,,,
https://goldapple.ru/19000182775-arabian-nights,,,,,,
https://goldapple.ru/19000501702-borntostandout-cuvee-skin,,,,,,
https://goldapple.ru/19000045149-reed-diffuser-coffee-vanilla,,,,,,
https://goldapple.ru/19000297756-slivocnoe-morozenoe,,,,,,
https://goldapple.ru/99000075758-boulevard-a-paris,,,,,,
https://goldapple.ru/99000072095-ostrov-tvoego-spokojstvia,,,,,,
https://goldapple.ru/19000428731-man-wood-essence,,,,,,
https://goldapple.ru/19000227728-grapefruit-and-mangosteen,,,,,,
https://goldapple.ru/19000097045-parfum-6,,,,,,
https://goldapple.ru/19000360721-sandalwood,,,,,,
https://goldapple.ru/19000426336-ylang-in-gold-nectar,,,,,,
https://goldapple.ru/19000033773-homme-sport-eau-de-toilette,,,,,,
https://goldapple.ru/19000095374-bergamote-lemon-flower,,,,,,
https://goldapple.ru/19000182807-les-prestigieuses-encre-de-chine,,,,,,
https://goldapple.ru/19000360044-mango,,,,,,
https://goldapple.ru/19000502185-rp-paris-rp-paris-nabor-trevel-1-5-ml-h-10-st,,,,,,
https://goldapple.ru/19000103284-or-noir-body-lotion,,,,,,
https://goldapple.ru/19000082701-decent,,,,,,
https://goldapple.ru/99000121848-apel-sin-i-korica,,,,,,
https://goldapple.ru/19000177525-zanzibar-sunset,,,,,,
https://goldapple.ru/99000075970-cvetok-sea-salt-and-orchid,,,,,,
https://goldapple.ru/26371200001-noir,,,,,,
https://goldapple.ru/19000344507-ecstasy,,,,,,
https://goldapple.ru/19000015569-sea-salt,,,,,,
https://goldapple.ru/19000421472-rose-pink-pepper,,,,,,
https://goldapple.ru/99000121844-roza-i-pion,,,,,,
https://goldapple.ru/26662200001-vanilla-vibes,,,,,,
https://goldapple.ru/19000382679-sugar-addict,,,,,,
https://goldapple.ru/19000451162-no13-27,,,,,,
https://goldapple.ru/19000295861-vetiver-black-cypress-seryj,,,,,,
https://goldapple.ru/19760340606-black-pepper-amber-neroli,,,,,,
https://goldapple.ru/99000051565-fresh-east,,,,,,
https://goldapple.ru/19000434844-circe,,,,,,
https://goldapple.ru/19000097788-smoked-vanilla,,,,,,
https://goldapple.ru/19000154580-blue-sage-eau-de-toilette,,,,,,
https://goldapple.ru/19000420865-upcycled-mandarin,,,,,,
https://goldapple.ru/19000021049-black-orchid,,,,,,
https://goldapple.ru/19000238659-spontaneous-generosity,,,,,,
https://goldapple.ru/99000005315-orange-gold-s,,,,,,
https://goldapple.ru/19000468486-patchouli-benjoin,,,,,,
https://goldapple.ru/99000110791-violet-duo-set-lolita-lempicka,,,,,,
https://goldapple.ru/99000081975-patchouli-lemon,,,,,,
https://goldapple.ru/19000173527-chakras,,,,,,
https://goldapple.ru/19000072553-magical-dream,,,,,,
https://goldapple.ru/19000175281-ganymede-extrait,,,,,,
https://goldapple.ru/19000395977-rosa-tabacco,,,,,,
https://goldapple.ru/19000489214-rouge-bunny-rouge-nud-you,,,,,,
https://goldapple.ru/19000105484-liquide,,,,,,
https://goldapple.ru/19000349572-nomad-soul,,,,,,
https://goldapple.ru/19000383956-mystique,,,,,,
https://goldapple.ru/19000322301-grapefruit-patchouli-white-rose,,,,,,
https://goldapple.ru/19000069258-forza-suprema,,,,,,
https://goldapple.ru/19000311573-white-pearl,,,,,,
https://goldapple.ru/99000037408-parfum-de-france-pink-bomb,,,,,,
https://goldapple.ru/19000330526-old-fashioned,,,,,,
https://goldapple.ru/26830800001-a-day-in-my-life,,,,,,
https://goldapple.ru/19000134760-french-flower,,,,,,
https://goldapple.ru/19000355633-pour-femme,,,,,,
https://goldapple.ru/99000051385-pumpkin-caramel-crunch,,,,,,
https://goldapple.ru/19000230119-fleur-narcotique,,,,,,
https://goldapple.ru/19000129842-mademoiselle-l-ange,,,,,,
https://goldapple.ru/19000023180-loyal-man,,,,,,
https://goldapple.ru/19000121826-musk-otone,,,,,,
https://goldapple.ru/99000134132-charming-amelia,,,,,,
https://goldapple.ru/83730100002-contessa,,,,,,
https://goldapple.ru/19000118767-moro,,,,,,
https://goldapple.ru/19000139662-my-moments-love-love,,,,,,
https://goldapple.ru/19000413556-seychelles-breeze,,,,,,
https://goldapple.ru/19000256742-grib-smorcok-nezno-rozovaa,,,,,,
https://goldapple.ru/99000005306-green-gold-s,,,,,,
https://goldapple.ru/19000288115-jasmine-lily-of-the-valley-rose,,,,,,
https://goldapple.ru/19000235977-beach-hut-man,,,,,,
https://goldapple.ru/99000038647-agra,,,,,,
https://goldapple.ru/19000479792-istanbul,,,,,,
https://goldapple.ru/19000360053-tropical-juice,,,,,,
https://goldapple.ru/19000344473-dasos,,,,,,
https://goldapple.ru/7011100003-pleasures-intense,,,,,,
https://goldapple.ru/19000109140-no-8,,,,,,
https://goldapple.ru/19000429260-shield-rouge-1881,,,,,,
https://goldapple.ru/19000097062-action-decisive,,,,,,
https://goldapple.ru/19000072521-old-taboo,,,,,,
https://goldapple.ru/19000012422-l-eau-de-parfum-1,,,,,,
https://goldapple.ru/19000039709-gentleman,,,,,,
https://goldapple.ru/19000380132-arkano-del-sole,,,,,,
https://goldapple.ru/19000235472-kayan,,,,,,
https://goldapple.ru/19000455596-cherry-blossom,,,,,,
https://goldapple.ru/99000151034-aroma-narcotique-no24,,,,,,
https://goldapple.ru/19760325754-cernye,,,,,,
https://goldapple.ru/19000154747-sacred-water,,,,,,
https://goldapple.ru/19000306077-cistyj-hlopok,,,,,,
https://goldapple.ru/19000215961-cupid-sage-and-sea-salt,,,,,,
https://goldapple.ru/99000011372-rozovyj-perec,,,,,,
https://goldapple.ru/80792800002-luna-rossa-black,,,,,,
https://goldapple.ru/19000453070-hunter,,,,,,
https://goldapple.ru/19000131335-cannabis-connoisseur,,,,,,
https://goldapple.ru/19000386264-savon-parfume-avocado-e-loto,,,,,,
https://goldapple.ru/83510500003-wood-and-spice,,,,,,
https://goldapple.ru/19000132894-peony-peppercorn,,,,,,
https://goldapple.ru/19000048066-clutch-collection-vanilla-dream,,,,,,
https://goldapple.ru/19000319616-chik-shaik-no-70,,,,,,
https://goldapple.ru/19000161245-royal-rose,,,,,,
https://goldapple.ru/19000240977-toy-2-pearl,,,,,,
https://goldapple.ru/19000356153-apom,,,,,,
https://goldapple.ru/19000430304-forme-libre-soevaa-modestie-jaune,,,,,,
https://goldapple.ru/19000478119-royal-spicy-parfum,,,,,,
https://goldapple.ru/19000266055-gentleman-society-extreme,,,,,,
https://goldapple.ru/99000014564-ambrosia,,,,,,
https://goldapple.ru/7190200009-higher-energy,,,,,,
https://goldapple.ru/19000239672-maison-molecule-amoureuse,,,,,,
https://goldapple.ru/19000493778-hi-dear-sage-sandalwood,,,,,,
https://goldapple.ru/99000143077-giardino-magico-oud-black-pepper,,,,,,
https://goldapple.ru/19000412468-granada,,,,,,
https://goldapple.ru/19000312608-mr-burberry,,,,,,
https://goldapple.ru/83710200004-guimauve-de-noel-31,,,,,,
https://goldapple.ru/19000422999-v-purple-accento,,,,,,
https://goldapple.ru/80791900002-infusion-d-amande,,,,,,
https://goldapple.ru/19000143308-blue-suit,,,,,,
https://goldapple.ru/19000412407-liberty,,,,,,
https://goldapple.ru/19000072549-fairytale-oud,,,,,,
https://goldapple.ru/99000054816-calumma,,,,,,
https://goldapple.ru/99000037851-sicily,,,,,,
https://goldapple.ru/7010300003-knowing,,,,,,
https://goldapple.ru/19000321491-rose-oud-mini-sinfonia,,,,,,
https://goldapple.ru/19760310033-voluptuous-seduction,,,,,,
https://goldapple.ru/19000427055-step-9,,,,,,
https://goldapple.ru/19000096278-sage-sea-salt,,,,,,
https://goldapple.ru/99000058878-mousse-arashiyama,,,,,,
https://goldapple.ru/19000314030-no1,,,,,,
https://goldapple.ru/19000219030-delina-exclusif-royal-edition,,,,,,
https://goldapple.ru/19000225785-joker,,,,,,
https://goldapple.ru/19000203051-or-noir,,,,,,
https://goldapple.ru/99000063754-grejpfrut-i-mata,,,,,,
https://goldapple.ru/99000038664-imbirnyj-pranik,,,,,,
https://goldapple.ru/19000382415-perfume-tanning-oil,,,,,,
https://goldapple.ru/26730400006-gypsy-water,,,,,,
https://goldapple.ru/99000133683-patchouli,,,,,,
https://goldapple.ru/19000399938-05,,,,,,
https://goldapple.ru/19000402303-princess-eau-fraiche-refill,,,,,,
https://goldapple.ru/19000463947-epatage,,,,,,
https://goldapple.ru/26423900001-peonia-nobile,,,,,,
https://goldapple.ru/19000451163-no13-28,,,,,,
https://goldapple.ru/19000419226-oud-de-france,,,,,,
https://goldapple.ru/19000235925-gold-woman,,,,,,
https://goldapple.ru/99000137091-angel-vibes,,,,,,
https://goldapple.ru/99000129487-violet-marshmallow,,,,,,
https://goldapple.ru/19000448662-san-francisco-black,,,,,,
https://goldapple.ru/19000422951-we-love-so-matcha,,,,,,
https://goldapple.ru/19000032752-diamond-in-the-sky,,,,,,
https://goldapple.ru/26723600015-moonlight-in-heaven,,,,,,
https://goldapple.ru/19000064866-white-magnificence,,,,,,
https://goldapple.ru/19000432270-sacred-trees-max-10-yarani,,,,,,
https://goldapple.ru/99000068286-risovye-otrubi,,,,,,
https://goldapple.ru/19000341092-bottled-absolu-parfum-intense,,,,,,
https://goldapple.ru/19000380170-elle-21-intrigue,,,,,,
https://goldapple.ru/19000235154-loveme-the-silver-parfum,,,,,,
https://goldapple.ru/19000263262-1968,,,,,,
https://goldapple.ru/19000444713-1001-nights,,,,,,
https://goldapple.ru/19000231306-little-prince,,,,,,
https://goldapple.ru/83271500006-aldheyx,,,,,,
https://goldapple.ru/19000186479-salty-wood,,,,,,
https://goldapple.ru/19000300659-explosea,,,,,,
https://goldapple.ru/19000109147-no2-6-9,,,,,,
https://goldapple.ru/19000010974-allegra-riva-solare,,,,,,
https://goldapple.ru/99000091320-fig-tree,,,,,,
https://goldapple.ru/99000041610-mains-palais-bahia,,,,,,
https://goldapple.ru/19000348328-white-tea,,,,,,
https://goldapple.ru/83730100005-regina,,,,,,
https://goldapple.ru/19000316374-alexandra,,,,,,
https://goldapple.ru/26800700011-amyris-femme,,,,,,
https://goldapple.ru/99000028283-strawberry-milk,,,,,,
https://goldapple.ru/99000037761-dubai,,,,,,
https://goldapple.ru/19000038857-mango,,,,,,
https://goldapple.ru/19000315571-dirty-heaven,,,,,,
https://goldapple.ru/19000021528-717,,,,,,
https://goldapple.ru/27381500003-xj-1861-zefiro,,,,,,
https://goldapple.ru/19000204962-q,,,,,,
https://goldapple.ru/19000247800-paradoxe,,,,,,
https://goldapple.ru/19000502842-kilian-paris-angels-share-travel-set,,,,,,
https://goldapple.ru/19000321452-oro-luxury-collection,,,,,,
https://goldapple.ru/19000300233-speed-legends,,,,,,
https://goldapple.ru/19000247144-good-girl-gone-bad,,,,,,
https://goldapple.ru/19000488813-f018,,,,,,
https://goldapple.ru/26730600005-bal-d-afrique,,,,,,
https://goldapple.ru/19760305900-opus-kore,,,,,,
https://goldapple.ru/19000296739-vanilla-dream,,,,,,
https://goldapple.ru/19000156057-lady-million-royal,,,,,,
https://goldapple.ru/19000321503-oro-luxury-collection,,,,,,
https://goldapple.ru/19000284571-champagne,,,,,,
https://goldapple.ru/99000067415-blue,,,,,,
https://goldapple.ru/99000122036-black-sea,,,,,,
https://goldapple.ru/19000242688-oud-minerale-eau-de-parfum,,,,,,
https://goldapple.ru/83322000004-pomegranate-noir,,,,,,
https://goldapple.ru/19000436411-lavanda,,,,,,
https://goldapple.ru/26660200001-miss-charming,,,,,,
https://goldapple.ru/19000345828-lux-hotel,,,,,,
https://goldapple.ru/19000347967-immoral,,,,,,
https://goldapple.ru/19000306776-cher-paris,,,,,,
https://goldapple.ru/19000451550-emerald,,,,,,
https://goldapple.ru/19000274972-pink-jungle,,,,,,
https://goldapple.ru/99000024785-noir,,,,,,
https://goldapple.ru/19760327533-atelier-eclat-de-rose,,,,,,
https://goldapple.ru/7063900002-alive,,,,,,
https://goldapple.ru/19000305812-20,,,,,,
https://goldapple.ru/19000402540-cocon-blanc,,,,,,
https://goldapple.ru/19000021495-tobacco-vetiver-amber,,,,,,
https://goldapple.ru/26772300001-indian-dream,,,,,,
https://goldapple.ru/19000451199-no20-05,,,,,,
https://goldapple.ru/99000088558-desert-of-my-heart,,,,,,
https://goldapple.ru/19000423547-xx,,,,,,
https://goldapple.ru/19000348303-canadian-pine,,,,,,
https://goldapple.ru/19000266553-ourika,,,,,,
https://goldapple.ru/82510200006-24-old-bond-street-triple-extract,,,,,,
